,섬유제품;의복제외,의복의복악세서리및모피제품,가죽가방및신발,목재및나무제품;가구제외,펄프종이및종이제품,인쇄및기록매체복제업,화학물질및화학제품;의약품제외,의료용물질및의약품,고무제품및플라스틱제품,비금속광물제품,1차금속,금속가공제품;기계및가구제외,전자부품컴퓨터영상음향및통신장비,의료정밀광학기기및시계,전기장비,기타기계및장비,자동차및트레일러,기타운송장비,가구,기타제품,경공업,중화학공업,시기
0,5.0,3.3,4.5,5.3,3.1,1.4,1.0,0.0,4.4,6.4,6.6,0.0,0.7,3.4,4.3,6.4,0.6,0.0,2.1,2.3,-,-,2015.02
1,15.0,22.0,13.7,20.4,16.6,27.8,15.0,11.0,16.2,16.4,7.8,3.9,16.5,18.3,7.8,8.6,14.2,12.9,23.9,18.6,-,-,2015.02.1
2,72.1,65.9,69.4,63.0,68.1,42.7,68.7,81.3,68.5,66.6,71.2,85.9,69.8,69.5,72.4,72.9,73.9,76.4,64.5,71.1,-,-,2015.02.2
3,7.2,8.8,12.4,11.2,10.7,24.8,13.5,6.5,7.9,8.4,13.3,8.0,8.4,8.9,15.6,10.9,8.1,10.7,5.3,8.0,-,-,2015.02.3
4,0.8,0.0,0.0,0.0,1.5,3.2,1.9,1.1,3.1,2.1,1.1,2.2,4.6,0.0,0.0,1.3,3.2,0.0,4.3,0.0,-,-,2015.02.4
5,91.9,90.1,94.9,90.1,95.5,100.3,100.2,98.8,94.5,91.7,97.3,104.2,99.9,91.9,99.6,96.0,99.6,98.9,92.8,92.4,-,-,2015.02.5
6,6.1,5.0,1.7,0.0,2.9,1.4,2.6,0.0,1.1,3.9,7.0,0.0,0.7,3.2,1.3,3.4,2.2,0.0,5.8,2.2,2.5,2.4,2015.03
7,8.2,24.0,7.2,21.2,14.5,22.1,8.5,3.1,12.2,9.4,12.5,7.3,5.7,13.0,11.6,5.6,6.4,11.8,8.4,12.2,15.4,8.0,2015.03.1
8,72.8,60.9,74.4,68.9,63.6,63.4,74.5,78.3,75.6,76.0,69.9,74.9,79.8,77.6,80.7,81.0,80.0,81.3,74.6,79.6,70.3,77.4,2015.03.2
9,12.9,10.1,13.2,9.8,14.6,13.1,7.7,12.7,6.9,10.6,10.6,14.4,7.4,6.2,6.4,8.8,10.2,6.8,9.2,6.0,9.6,9.8,2015.03.3
10,0.0,0.0,3.5,0.0,4.3,0.0,6.6,5.9,4.2,0.0,0.0,3.3,6.4,0.0,0.0,1.1,1.2,0.0,1.9,0.0,2.2,2.4,2015.03.4
11,96.2,88.1,104.7,94.3,101.4,94.1,103.7,110.7,100.4,96.7,92.0,106.9,106.6,93.4,96.1,99.3,100.9,97.5,96.5,94.7,96.8,100.9,2015.03.5
12,1.4,5.2,0.0,5.2,1.5,0.6,1.9,0.0,5.3,2.1,3.3,1.4,1.7,3.1,2.6,3.4,2.1,0.0,6.0,2.2,3.9,2.3,2015.04
13,10.1,16.2,15.8,12.2,10.6,15.2,7.7,2.6,12.3,8.3,5.3,3.8,1.4,9.6,10.5,9.9,4.4,7.3,15.5,10.2,12.3,6.4,2015.04.1
14,71.9,64.4,66.7,61.8,77.2,72.3,81.8,74.3,71.2,72.5,73.0,70.6,77.8,78.1,80.4,76.8,81.2,88.6,68.5,74.7,71.0,76.6,2015.04.2
15,16.6,14.3,15.7,20.8,7.7,10.5,7.7,23.1,8.5,15.1,15.0,20.9,16.9,9.1,6.4,8.8,8.4,4.0,6.0,12.9,11.3,12.7,2015.04.3
16,0.0,0.0,1.8,0.0,3.0,1.4,0.9,0.0,2.7,2.1,3.5,3.4,2.2,0.0,0.0,1.1,3.9,0.0,4.0,0.0,1.5,2.1,2015.04.4
17,101.9,93.9,101.8,99.1,100.0,98.5,99.1,110.3,95.5,103.4,105.0,110.5,108.2,96.6,95.3,97.2,103.8,98.4,93.3,99.1,97.2,102.9,2015.04.5
18,3.1,0.0,2.2,2.6,0.0,0.0,0.9,0.5,4.1,5.4,4.4,1.3,0.7,3.1,1.3,2.2,0.0,0.0,4.1,2.3,1.9,1.8,2015.05
19,10.6,21.6,17.5,9.7,16.6,22.9,2.5,3.1,8.0,9.6,10.7,8.4,3.0,2.5,12.1,7.0,5.6,8.7,17.3,11.6,13.7,7.0,2015.05.1
20,73.7,71.4,68.8,76.1,68.1,66.5,82.2,83.1,69.4,64.3,66.3,75.5,78.5,84.0,80.3,74.3,81.5,87.9,69.3,73.9,70.5,76.2,2015.05.2
21,10.0,6.9,9.7,11.6,12.3,9.2,12.3,13.3,14.1,20.7,16.8,13.0,13.2,10.4,6.4,15.7,10.1,2.0,5.2,12.2,11.7,13.2,2015.05.3
22,2.6,0.0,1.8,0.0,3.0,1.4,2.1,0.0,4.3,0.0,1.8,1.7,4.5,0.0,0.0,0.9,2.9,1.4,4.1,0.0,2.3,1.7,2015.05.4
23,99.3,92.7,95.6,98.3,100.8,94.6,106.0,104.5,103.2,100.1,100.4,102.7,108.9,100.9,95.9,103.0,105.1,98.0,94.0,98.0,99.4,103.0,2015.05.5
24,3.2,3.0,0.0,4.9,0.0,0.0,1.0,1.0,0.0,6.3,2.2,0.0,0.0,0.0,2.8,1.1,0.0,0.0,3.9,0.0,1.0,1.1,2015.06
25,8.2,11.4,12.2,18.8,10.3,12.0,5.7,6.9,15.5,7.2,13.1,12.1,6.0,10.9,2.8,9.3,8.8,11.5,16.7,7.5,13.9,8.9,2015.06.1
26,74.8,83.9,73.3,61.5,79.5,74.9,80.1,83.4,75.9,76.3,74.0,76.2,79.8,85.0,90.2,84.1,75.8,88.5,72.1,87.7,75.1,79.9,2015.06.2
27,11.0,1.7,14.6,12.3,8.7,10.7,13.2,8.7,7.2,10.2,7.0,11.1,14.2,4.2,4.2,3.4,14.2,0.0,5.4,4.8,8.5,8.9,2015.06.3
28,2.7,0.0,0.0,2.5,1.4,2.5,0.0,0.0,1.4,0.0,3.7,0.7,0.0,0.0,0.0,2.0,1.2,0.0,2.0,0.0,1.4,1.1,2015.06.4
29,100.9,92.1,101.2,94.3,100.7,101.8,102.8,99.8,97.2,95.2,98.4,100.2,104.1,96.6,97.9,97.9,103.8,94.2,92.4,98.6,97.7,99.9,2015.06.5
30,3.5,4.9,1.9,0.0,0.0,6.2,2.0,0.0,1.4,2.8,2.6,0.0,0.8,3.3,0.0,1.2,0.6,0.0,5.8,0.0,2.1,1.1,2015.07
31,9.4,16.0,19.5,25.6,13.1,18.7,4.9,15.8,13.7,5.6,8.9,7.8,2.4,3.2,12.6,7.0,8.2,6.5,17.9,14.1,15.5,7.2,2015.07.1
32,73.1,62.8,62.0,68.0,75.1,60.0,87.1,74.4,77.4,82.1,78.8,81.9,82.8,84.3,76.9,83.9,82.6,90.1,70.4,75.7,72.8,82.4,2015.07.2
33,14.0,13.2,12.4,6.4,10.3,12.7,4.9,9.7,7.5,9.4,9.6,10.3,9.6,9.2,9.2,7.9,7.5,3.4,3.9,10.2,8.6,8.5,2015.07.3
34,0.0,3.1,4.2,0.0,1.4,2.4,1.2,0.0,0.0,0.0,0.0,0.0,4.4,0.0,1.3,0.0,1.2,0.0,1.9,0.0,1.0,0.8,2015.07.4
35,98.8,96.8,98.8,90.4,100.1,93.2,99.2,97.0,95.5,99.1,97.7,101.2,107.2,99.7,99.6,99.3,100.3,98.4,89.1,98.1,95.4,100.3,2015.07.5
36,9.6,3.7,8.6,2.4,3.0,4.9,1.0,2.7,2.6,2.1,1.1,1.8,3.1,3.2,2.6,1.2,2.6,2.0,5.9,5.0,3.7,1.9,2015.08
37,16.9,19.5,10.3,12.6,8.9,15.1,9.8,7.4,16.8,13.7,5.8,13.5,11.2,8.4,11.2,9.2,2.3,5.8,27.3,13.9,16.9,9.5,2015.08.1
38,61.5,65.1,57.0,74.1,74.4,60.5,78.7,81.3,67.5,70.7,83.5,71.8,69.4,74.6,78.9,83.1,85.3,89.2,61.0,76.6,68.8,78.3,2015.08.2
39,12.1,11.8,21.8,10.9,12.2,16.3,4.3,8.6,10.4,9.3,9.6,11.5,13.9,13.7,7.2,4.6,8.6,3.0,3.9,4.6,9.2,8.5,2015.08.3
40,0.0,0.0,2.4,0.0,1.5,3.2,6.3,0.0,2.8,4.2,0.0,1.3,2.4,0.0,0.0,2.0,1.2,0.0,2.0,0.0,1.4,1.9,2015.08.4
41,88.0,92.5,99.6,96.7,100.1,98.8,102.5,97.9,97.1,99.9,100.8,98.6,100.6,99.5,95.4,98.6,101.7,96.6,84.4,90.3,93.9,99.5,2015.08.5
42,1.4,1.8,4.7,0.0,0.0,7.2,2.0,0.0,1.4,2.1,4.8,0.7,3.8,3.4,4.4,2.0,2.3,0.0,6.1,5.0,1.4,2.5,2015.09
43,9.0,23.8,17.5,14.3,11.6,14.4,8.5,8.5,13.5,9.2,3.4,6.9,8.2,6.1,9.4,5.6,3.4,8.7,18.6,20.6,15.7,6.5,2015.09.1
44,71.7,60.8,65.0,75.9,73.6,68.2,81.9,76.7,76.6,74.6,75.8,80.7,83.5,82.6,75.5,84.8,84.3,86.5,68.6,64.4,72.4,81.1,2015.09.2
45,16.1,13.5,10.7,9.8,11.8,10.2,6.4,14.8,5.7,14.1,14.2,9.8,3.8,7.9,10.7,7.6,10.0,2.9,4.6,10.0,8.8,9.1,2015.09.3
46,1.8,0.0,2.0,0.0,3.0,0.0,1.2,0.0,2.9,0.0,1.7,2.0,0.7,0.0,0.0,0.0,0.0,1.9,2.0,0.0,1.7,0.8,2015.09.4
47,104.0,93.1,93.8,97.7,103.1,90.8,98.2,103.1,97.6,100.4,102.3,102.8,94.7,97.5,96.2,98.9,101.0,99.0,89.0,89.7,96.8,99.6,2015.09.5
48,1.4,1.3,3.8,5.1,1.5,2.3,1.0,0.0,2.9,2.0,1.8,2.5,9.4,0.0,0.0,0.0,3.7,4.2,5.9,0.0,2.1,2.3,2015.10
49,8.3,22.9,11.4,19.5,15.9,6.3,8.0,5.0,11.0,19.6,8.0,9.0,8.7,8.5,9.1,12.9,6.4,4.9,16.0,12.4,12.6,9.7,2015.10.1
50,75.6,61.5,72.1,62.9,63.9,78.1,77.6,86.3,74.5,62.2,75.3,78.2,78.1,83.2,82.0,77.3,79.7,82.1,69.7,72.5,74.1,77.6,2015.10.2
51,13.0,14.2,8.3,12.5,18.8,11.0,12.2,8.7,8.6,16.2,11.0,5.8,3.9,8.3,9.0,8.6,8.8,6.8,3.0,15.1,9.5,8.6,2015.10.3
52,1.8,0.0,4.4,0.0,0.0,2.3,1.2,0.0,3.0,0.0,4.0,4.5,0.0,0.0,0.0,1.2,1.4,2.0,5.4,0.0,1.8,1.8,2015.10.4
53,102.7,94.3,99.1,91.4,100.0,102.4,102.3,101.8,98.9,96.3,103.7,100.4,88.2,99.9,100.0,99.0,98.9,98.7,93.0,101.3,98.2,99.0,2015.10.5
54,1.4,2.8,4.1,2.5,0.0,2.4,0.0,0.0,2.8,6.0,1.7,1.2,0.7,4.5,1.3,2.3,2.4,2.0,6.2,0.0,2.0,1.8,2015.11
55,12.3,19.8,22.2,12.3,14.0,11.1,11.6,4.2,15.3,7.4,2.1,8.6,9.9,5.0,9.0,5.6,12.2,1.4,10.3,19.4,13.9,7.8,2015.11.1
56,76.1,67.9,66.4,64.0,67.6,69.9,80.9,78.0,73.3,73.2,82.4,74.3,87.6,83.7,80.2,80.7,79.9,91.2,73.1,66.5,72.2,80.1,2015.11.2
57,10.2,7.6,7.3,21.2,17.0,12.8,4.8,17.8,8.7,13.5,12.0,10.5,1.8,5.1,9.5,9.1,5.6,3.4,4.2,14.0,10.5,8.3,2015.11.3
58,0.0,1.8,0.0,0.0,1.4,3.8,2.6,0.0,0.0,0.0,1.7,5.3,0.0,1.8,0.0,2.3,0.0,2.0,6.2,0.0,1.4,2.0,2015.11.4
59,97.6,92.9,88.4,101.9,102.9,102.3,99.2,106.8,93.9,97.1,105.0,105.1,95.2,97.4,99.0,101.8,94.3,101.0,96.9,97.3,97.7,100.5,2015.11.5
60,3.3,1.8,8.7,5.3,1.5,0.0,2.0,0.0,4.3,5.8,0.0,1.1,0.7,3.5,5.2,4.6,2.7,2.9,6.0,2.6,2.5,2.6,2015.12
61,12.6,26.6,12.8,22.0,8.9,10.5,6.3,4.9,12.8,11.5,8.9,17.1,14.7,9.9,8.0,6.8,8.7,3.3,17.5,16.7,14.8,10.3,2015.12.1
62,72.9,61.8,67.7,52.4,70.1,71.9,82.3,85.1,71.7,71.1,78.2,70.3,78.5,81.2,80.2,69.2,82.7,90.5,58.9,66.6,69.1,76.0,2015.12.2
63,9.8,9.8,10.7,19.0,14.9,16.2,8.2,6.5,9.9,11.6,11.1,6.5,5.1,5.4,6.6,18.2,2.6,1.3,13.7,14.1,11.7,9.1,2015.12.3
64,1.4,0.0,0.0,1.3,4.5,1.4,1.2,3.5,1.4,0.0,1.8,4.9,1.0,0.0,0.0,1.2,3.2,2.0,4.0,0.0,1.9,2.0,2015.12.4
65,96.7,89.8,90.3,94.5,106.0,104.3,100.2,104.2,95.7,94.2,102.9,98.5,95.5,94.3,94.1,102.2,97.5,98.1,96.1,96.2,97.9,98.8,2015.12.5
66,3.7,5.8,8.3,1.3,0.0,0.0,3.2,0.0,2.7,2.1,5.9,2.6,0.7,1.6,5.3,2.2,7.2,2.8,6.1,0.0,3.0,3.3,2016.01
67,6.7,20.5,6.3,27.3,19.1,12.1,8.9,11.6,19.9,24.9,7.5,11.8,6.9,15.0,8.0,14.2,5.6,10.4,24.7,15.2,15.8,10.8,2016.01.1
68,80.1,62.6,78.9,62.4,70.5,73.3,71.8,73.5,64.6,65.4,76.1,80.4,78.3,71.4,77.5,72.1,80.2,82.3,60.2,74.2,70.5,75.8,2016.01.2
69,9.5,11.1,4.2,9.0,10.4,12.1,16.1,14.9,9.9,6.1,8.6,3.3,14.2,8.5,8.0,9.1,4.2,2.7,7.0,10.6,9.3,8.4,2016.01.3
70,0.0,0.0,2.3,0.0,0.0,2.4,0.0,0.0,2.8,1.5,1.9,1.9,0.0,3.5,1.3,2.3,2.8,1.9,2.0,0.0,1.4,1.6,2016.01.4
71,97.7,89.5,92.9,89.6,95.7,102.4,100.4,101.6,95.2,90.0,96.5,95.0,102.9,98.7,96.1,97.6,94.8,95.3,87.1,97.7,95.1,97.1,2016.01.5
72,1.4,8.4,8.0,0.0,3.0,0.0,1.0,0.5,7.0,2.1,2.2,1.5,1.5,6.4,2.7,2.3,2.2,0.0,2.0,2.5,3.2,2.0,2016.02
73,15.2,22.4,14.1,21.2,14.6,8.8,14.7,8.4,11.5,21.4,10.2,19.6,14.6,10.3,12.9,8.5,8.5,15.0,17.2,20.0,13.8,13.1,2016.02.1
74,75.7,61.7,67.9,66.2,70.6,77.5,76.9,80.4,70.1,70.0,77.0,73.6,65.1,78.3,76.2,72.1,81.0,81.4,64.6,62.0,73.3,74.3,2016.02.2
75,7.6,7.5,7.8,12.6,11.9,9.8,5.1,9.6,8.6,6.5,8.8,1.9,18.8,5.1,8.2,13.8,6.4,1.5,10.7,15.5,8.1,8.6,2016.02.3
76,0.0,0.0,2.2,0.0,0.0,3.9,2.4,1.1,2.8,0.0,1.8,3.4,0.0,0.0,0.0,3.3,2.0,2.1,5.5,0.0,1.7,2.0,2016.02.4
77,94.8,84.2,91.1,95.7,95.7,104.4,96.6,101.1,94.3,90.4,98.9,93.1,100.7,91.0,95.0,103.6,98.8,95.3,100.2,95.2,95.6,97.7,2016.02.5
78,0.9,5.2,0.0,2.6,3.0,0.0,2.1,1.1,2.9,5.9,2.2,0.0,1.4,4.7,1.3,4.8,2.5,1.4,2.1,4.9,2.2,2.4,2016.03
79,11.4,29.0,8.1,18.2,12.0,8.5,8.2,4.5,11.9,20.0,8.0,6.8,7.4,10.5,16.0,7.5,2.8,14.9,12.4,12.7,14.4,8.5,2016.03.1
80,79.0,59.2,81.7,65.8,71.4,82.7,75.6,83.5,68.8,65.4,78.8,84.4,81.9,76.6,74.6,76.4,85.4,82.1,78.8,73.7,73.2,79.1,2016.03.2
81,8.6,6.6,8.0,13.5,10.5,6.5,14.1,10.9,13.3,8.7,8.0,6.8,8.6,7.1,8.0,11.3,7.9,1.6,4.7,8.7,8.6,9.0,2016.03.3
82,0.0,0.0,2.2,0.0,3.0,2.4,0.0,0.0,3.1,0.0,2.9,1.9,0.7,1.2,0.0,0.0,1.4,0.0,2.1,0.0,1.6,0.9,2016.03.4
83,97.7,83.6,102.2,95.0,99.3,101.4,100.9,102.1,100.9,88.4,100.7,101.9,99.9,94.8,94.6,97.1,101.4,91.9,96.2,93.1,96.6,98.8,2016.03.5
84,0.0,3.2,1.2,1.7,0.8,0.0,0.9,7.3,0.0,0.0,1.5,2.4,0.5,3.0,0.0,3.7,1.3,0.0,6.2,1.6,1.5,1.7,2016.04
85,12.9,29.1,6.3,12.4,8.8,3.2,1.4,6.2,6.6,9.9,2.1,9.2,14.1,7.4,13.1,7.8,8.3,7.1,3.1,17.2,9.9,7.6,2016.04.1
86,68.7,60.7,74.1,79.1,79.0,90.5,83.0,77.3,84.2,78.8,85.8,76.6,77.3,81.8,80.1,75.0,82.8,85.2,84.0,76.2,79.6,80.0,2016.04.2
87,17.0,7.0,17.2,6.8,9.8,6.3,10.8,7.8,9.2,9.9,6.3,9.6,8.1,6.2,6.7,11.3,6.2,7.7,4.6,4.9,8.5,8.7,2016.04.3
88,1.3,0.0,1.3,0.0,1.7,0.0,3.8,1.4,0.0,1.4,4.3,2.2,0.0,1.6,0.0,2.3,1.3,0.0,2.1,0.0,0.4,2.1,2016.04.4
89,103.4,85.8,105.6,95.4,101.3,101.6,107.6,95.0,101.3,101.4,104.8,100.0,96.5,98.0,96.8,100.3,99.0,100.3,96.6,92.2,98.3,100.9,2016.04.5
90,0.0,2.2,2.5,0.0,0.0,1.5,0.4,1.2,0.0,2.6,1.4,0.0,0.4,3.8,0.7,4.5,1.3,1.4,2.2,3.2,0.8,1.5,2016.05
91,11.4,25.5,12.4,21.0,13.1,2.9,1.5,10.3,9.4,14.5,4.8,4.2,10.7,14.3,7.7,12.4,4.0,28.2,13.6,16.9,12.1,7.7,2016.05.1
92,81.6,62.8,52.9,67.9,75.2,75.4,84.0,77.7,82.8,72.2,88.0,84.4,82.4,79.2,88.9,68.8,83.3,66.9,75.3,71.8,77.2,81.1,2016.05.2
93,5.6,9.6,29.7,11.1,10.9,17.2,14.1,10.5,7.0,10.7,5.7,8.8,6.5,1.1,2.6,12.0,10.1,1.7,7.7,8.0,9.1,8.8,2016.05.3
94,1.4,0.0,2.5,0.0,0.7,3.0,0.0,0.3,0.8,0.0,0.0,2.6,0.0,1.6,0.0,2.3,1.3,1.7,1.2,0.0,0.9,0.9,2016.05.4
95,98.5,89.9,108.6,95.0,99.7,108.6,105.9,99.3,99.6,95.5,99.0,104.9,97.5,91.2,96.7,97.5,103.0,87.1,96.0,92.3,98.6,100.0,2016.05.5
96,0.9,1.1,6.9,0.0,0.8,4.3,1.5,1.3,0.9,1.3,4.5,1.0,0.9,2.2,0.7,1.8,0.0,8.7,3.5,1.5,1.6,1.7,2016.06
97,10.8,12.3,9.5,15.9,22.1,13.1,3.0,10.3,10.1,7.8,7.7,5.3,8.3,9.8,13.9,8.9,4.2,13.8,8.1,14.4,11.9,7.4,2016.06.1
98,77.8,69.4,74.0,75.8,66.0,73.1,89.4,77.4,76.6,80.4,87.0,81.6,83.1,83.2,71.1,74.1,84.1,69.6,80.2,71.4,75.0,81.5,2016.06.2
99,9.6,17.2,9.6,8.3,10.3,8.1,5.3,11.0,11.6,7.8,0.7,9.3,6.8,4.8,8.7,15.2,10.8,6.2,7.1,11.2,10.6,8.1,2016.06.3
100,0.9,0.0,0.0,0.0,0.8,1.4,0.8,0.0,0.9,2.6,0.0,2.8,0.9,0.0,5.6,0.0,0.9,1.7,1.1,1.5,0.9,1.3,2016.06.4
101,99.4,101.3,93.2,96.2,94.1,94.6,100.5,99.1,100.8,101.3,92.0,103.7,99.2,95.3,102.3,101.4,104.2,89.2,97.1,98.4,98.7,100.0,2016.06.5
102,3.4,1.0,5.7,1.6,3.4,0.0,1.4,1.3,1.6,0.0,0.0,1.8,1.3,1.6,2.0,2.6,1.1,8.8,7.4,3.2,2.9,1.6,2016.07
103,15.4,16.9,6.8,9.3,21.9,13.3,6.0,11.9,4.0,16.1,12.5,4.6,12.3,11.1,9.7,7.9,1.3,11.1,14.4,12.5,11.9,8.4,2016.07.1
104,70.4,68.9,67.5,78.2,68.5,71.2,89.0,83.6,86.4,72.7,81.9,83.8,79.8,79.2,73.3,77.7,89.5,76.9,73.6,81.3,75.9,81.8,2016.07.2
105,9.9,13.2,18.6,10.9,5.3,12.3,3.5,3.2,6.1,9.6,4.4,7.0,6.6,8.2,9.5,11.0,7.3,1.6,3.5,3.0,8.0,6.9,2016.07.3
106,1.0,0.0,1.4,0.0,0.9,3.2,0.0,0.0,1.9,1.5,1.2,2.8,0.0,0.0,5.6,0.8,0.8,1.6,1.1,0.0,1.3,1.3,2016.07.4
107,94.9,97.2,101.6,99.2,89.2,102.7,97.3,94.4,101.3,98.2,97.1,102.3,95.8,96.9,103.5,99.8,102.7,88.1,88.2,92.0,96.4,99.0,2016.07.5
108,0.0,1.7,5.7,0.0,3.4,5.6,0.8,0.3,0.0,2.4,1.2,0.9,0.5,2.1,1.3,2.3,3.8,9.0,4.4,3.3,1.4,1.7,2016.08
109,17.1,14.0,7.8,17.2,42.7,12.9,3.4,5.9,7.5,11.6,7.0,6.5,1.0,8.9,4.1,13.8,11.8,13.8,14.2,14.4,15.3,7.4,2016.08.1
110,74.6,76.9,76.6,75.8,45.8,75.6,83.9,90.8,82.8,82.2,86.2,81.4,93.6,83.3,92.6,75.3,78.2,74.3,76.9,80.7,75.9,83.7,2016.08.2
111,5.7,5.8,9.9,7.0,6.9,3.1,11.9,3.0,9.7,3.8,4.5,9.3,4.9,5.7,2.0,7.8,5.4,1.4,2.4,1.6,6.8,6.6,2016.08.3
112,2.5,1.7,0.0,0.0,1.2,2.8,0.0,0.0,0.0,0.0,1.2,1.8,0.0,0.0,0.0,0.8,0.8,1.4,2.1,0.0,0.7,0.6,2016.08.4
113,96.9,95.9,95.4,94.9,79.9,92.3,103.5,98.3,101.1,93.7,98.7,102.3,101.5,96.3,97.6,95.4,93.9,86.2,91.7,90.3,95.1,98.5,2016.08.5
114,2.4,1.2,5.7,7.1,2.8,2.7,1.2,0.0,0.9,0.0,0.0,0.0,0.4,6.0,1.9,0.9,1.2,7.6,3.4,4.8,2.2,1.0,2016.09
115,15.3,18.1,2.8,15.0,39.6,6.2,4.0,5.5,6.0,10.6,1.0,8.8,4.7,3.7,11.5,6.1,8.5,13.5,24.2,13.6,13.4,6.3,2016.09.1
116,75.6,74.8,68.3,69.7,52.0,83.2,91.7,92.3,87.6,75.5,89.3,79.0,85.7,86.2,83.4,81.8,84.6,71.9,64.2,76.1,76.7,84.6,2016.09.2
117,5.2,4.1,18.9,8.3,5.6,6.5,3.2,1.9,5.5,12.4,8.7,10.3,9.2,4.1,3.2,10.3,5.7,2.8,7.1,5.6,6.2,7.3,2016.09.3
118,1.5,1.8,4.2,0.0,0.0,1.4,0.0,0.3,0.0,1.5,1.0,1.9,0.0,0.0,0.0,0.9,0.0,4.3,1.1,0.0,1.5,0.7,2016.09.4
119,94.0,93.7,106.6,89.6,80.2,98.8,98.4,98.4,98.8,102.3,104.8,102.7,101.8,94.2,93.9,102.1,97.4,91.4,89.1,91.2,95.7,100.2,2016.09.5
120,2.5,5.7,2.8,3.4,0.0,3.0,0.4,1.3,1.0,1.3,0.0,0.8,0.5,6.8,0.0,0.9,0.0,7.6,1.1,1.7,1.7,0.8,2016.10
121,8.4,12.5,4.0,6.6,28.2,1.5,2.8,5.3,10.4,11.7,2.9,3.4,16.3,8.0,10.6,6.4,6.7,13.7,28.3,6.6,12.6,7.0,2016.10.1
122,79.1,75.7,74.3,85.4,57.2,91.0,95.7,88.2,80.8,75.6,85.8,89.7,82.8,81.1,86.4,82.0,79.6,70.1,61.1,86.7,77.8,85.4,2016.10.2
123,10.0,6.2,11.3,4.6,14.6,3.0,1.1,5.3,7.8,10.2,10.5,4.1,0.5,4.1,2.9,9.9,12.4,7.2,7.3,5.0,7.1,6.1,2016.10.3
124,0.0,0.0,7.5,0.0,0.0,1.5,0.0,0.0,0.0,1.3,0.8,2.0,0.0,0.0,0.0,0.8,1.2,1.4,2.2,0.0,0.8,0.7,2016.10.4
125,98.3,91.2,108.3,95.6,93.2,99.3,98.7,98.7,97.7,99.2,104.7,101.6,91.6,91.3,96.1,101.7,104.1,90.6,90.6,97.5,96.4,99.4,2016.10.5
126,0.0,1.8,0.0,2.3,2.9,5.4,5.1,2.3,1.3,0.0,0.0,1.4,2.1,3.1,2.8,3.7,1.0,3.3,5.1,5.6,2.0,2.2,2016.11
127,15.4,10.9,7.8,9.2,17.0,15.1,10.5,5.7,10.7,21.8,4.2,9.0,10.1,4.5,9.3,8.0,13.1,21.2,11.9,9.3,12.5,9.7,2016.11.1
128,72.8,75.0,87.0,84.0,74.4,74.0,80.8,84.1,79.8,71.8,82.0,78.7,84.8,87.8,83.9,74.1,75.5,67.5,73.0,81.5,76.3,78.8,2016.11.2
129,10.1,12.3,5.2,4.6,2.9,3.6,3.6,8.0,5.1,6.4,12.4,9.5,3.0,4.6,2.8,11.6,9.5,5.3,6.8,3.7,7.0,8.0,2016.11.3
130,1.7,0.0,0.0,0.0,2.9,1.8,0.0,0.0,3.1,0.0,1.4,1.4,0.0,0.0,1.2,2.7,1.0,2.7,3.2,0.0,2.2,1.3,2016.11.4
131,99.1,98.9,98.7,95.4,92.9,90.6,91.4,98.9,99.0,92.3,105.5,100.2,94.4,97.0,95.2,100.8,98.2,91.4,95.5,91.7,97.4,98.2,2016.11.5
132,1.6,3.0,7.1,2.2,1.4,3.5,4.6,3.2,0.0,3.4,3.1,0.9,2.9,1.6,0.0,1.2,0.0,4.3,0.0,1.8,2.0,1.7,2016.12
133,17.9,16.2,13.6,15.4,16.4,4.9,18.5,4.2,13.4,22.5,8.0,9.2,15.8,12.4,13.5,9.8,12.7,16.6,19.1,14.0,14.0,12.3,2016.12.1
134,72.4,77.8,70.6,78.0,67.8,82.7,70.8,88.4,79.3,69.3,80.2,78.7,76.3,81.3,80.7,77.9,83.1,72.1,71.4,80.8,75.8,78.1,2016.12.2
135,6.4,3.0,7.1,4.4,11.6,7.1,6.1,4.2,6.1,4.8,7.1,8.3,5.0,4.7,5.8,8.7,3.1,5.6,4.7,3.5,6.8,6.5,2016.12.3
136,1.6,0.0,1.6,0.0,2.8,1.8,0.0,0.0,1.2,0.0,1.5,2.8,0.0,0.0,0.0,2.5,1.0,1.4,4.8,0.0,1.4,1.3,2016.12.4
137,94.2,90.4,91.2,92.3,99.0,99.3,89.2,96.8,97.5,87.7,98.0,101.5,91.7,94.5,96.2,100.8,96.3,91.6,97.6,93.0,95.8,96.7,2016.12.5
138,9.8,2.7,4.8,6.9,1.5,3.8,3.1,0.0,0.0,1.7,1.4,3.5,1.0,2.9,2.8,1.2,0.0,5.9,3.3,0.0,2.9,2.0,2017.01
139,14.6,17.8,11.6,21.7,23.4,5.2,18.5,8.5,13.6,22.8,17.1,13.2,12.1,4.6,15.9,14.7,14.5,20.2,13.0,19.0,15.7,14.9,2017.01.1
140,63.2,74.7,72.0,65.1,70.2,83.9,75.4,87.3,76.2,66.8,76.2,70.9,83.9,90.9,75.0,76.5,82.6,68.0,69.2,73.8,72.1,76.6,2017.01.2
141,10.7,4.9,11.6,6.3,5.0,7.1,3.1,3.2,8.5,8.8,5.3,10.2,3.0,1.5,6.4,7.7,2.0,4.6,11.3,7.2,8.2,6.0,2017.01.3
142,1.7,0.0,0.0,0.0,0.0,0.0,0.0,1.1,1.7,0.0,0.0,2.2,0.0,0.0,0.0,0.0,1.0,1.3,3.3,0.0,1.1,0.5,2017.01.4
143,90.0,90.9,95.2,85.4,89.3,97.1,89.2,98.4,99.2,91.3,92.7,97.2,94.4,95.5,92.5,95.3,94.7,87.6,99.2,94.1,94.4,94.1,2017.01.5
144,3.3,2.7,4.9,4.4,0.0,5.0,3.1,0.0,5.6,1.2,3.2,2.7,0.0,0.0,1.2,1.2,0.0,5.3,6.4,5.3,3.8,1.6,2017.02
145,13.9,12.7,7.9,29.6,23.3,8.7,15.2,8.5,7.6,23.6,7.9,14.3,12.2,11.0,17.3,15.1,10.1,20.5,20.7,15.9,14.4,14.0,2017.02.1
146,73.7,80.6,79.0,56.4,64.9,79.5,77.2,88.4,82.8,69.5,85.9,76.3,82.7,85.8,77.5,74.8,85.8,69.6,68.0,70.3,74.8,78.8,2017.02.2
147,9.2,2.7,8.2,9.6,11.9,6.8,4.5,3.2,2.6,5.7,2.9,5.9,5.1,3.2,4.0,6.3,3.0,3.3,1.6,8.5,6.4,4.8,2017.02.3
148,0.0,1.3,0.0,0.0,0.0,0.0,0.0,0.0,1.3,0.0,0.0,0.8,0.0,0.0,0.0,2.5,1.0,1.3,3.3,0.0,0.7,0.8,2017.02.4
149,94.4,93.6,95.2,85.6,94.3,94.1,91.6,97.4,93.2,89.9,94.3,93.9,96.5,96.1,92.2,96.9,97.5,87.4,87.4,91.1,92.9,94.6,2017.02.5
150,3.1,0.0,4.9,2.2,6.3,1.8,1.5,1.1,1.2,1.2,1.9,1.4,4.3,1.5,0.0,1.3,0.0,2.1,4.8,1.8,2.2,1.4,2017.03
151,14.3,22.2,10.5,20.7,22.4,8.4,16.4,15.4,12.6,13.8,10.8,12.3,9.0,9.8,14.7,12.8,10.2,18.0,17.4,15.2,15.8,12.4,2017.03.1
152,71.6,76.1,79.0,62.9,69.8,82.7,73.1,73.1,75.8,81.0,79.3,77.0,75.9,83.8,81.4,80.8,84.7,74.7,68.3,79.8,75.1,79.3,2017.03.2
153,11.0,1.8,5.6,14.2,1.5,7.1,7.4,7.2,10.4,4.0,8.0,9.3,9.0,4.9,3.9,3.8,5.1,3.9,6.2,3.2,6.7,6.2,2017.03.3
154,0.0,0.0,0.0,0.0,0.0,0.0,1.5,3.2,0.0,0.0,0.0,0.0,1.9,0.0,0.0,1.3,0.0,1.3,3.3,0.0,0.2,0.6,2017.03.4
155,95.2,89.8,92.6,94.6,83.2,97.6,95.5,98.0,97.7,93.9,96.7,97.1,97.6,96.0,94.6,95.5,97.5,92.2,92.9,92.2,93.4,96.1,2017.03.5
156,8.4,0.0,1.6,2.2,2.9,1.8,1.5,1.0,2.4,1.2,1.7,0.8,0.0,3.1,2.4,0.0,0.0,4.5,6.4,3.5,3.0,1.0,2017.04
157,14.5,21.5,17.0,10.8,19.2,12.3,17.4,9.1,12.4,12.7,17.3,18.5,11.8,7.8,11.3,13.7,6.0,21.4,14.6,13.3,14.1,13.8,2017.04.1
158,66.1,77.1,73.4,74.7,64.0,68.9,71.0,77.7,77.4,75.8,75.9,69.7,75.5,76.7,76.7,77.5,84.9,71.6,69.3,67.5,73.3,75.8,2017.04.2
159,11.0,0.0,6.3,12.3,13.9,14.0,7.1,11.1,5.4,10.3,5.1,11.0,12.6,12.4,9.5,5.0,8.1,2.5,8.0,15.7,8.6,8.4,2017.04.3
160,0.0,1.3,1.6,0.0,0.0,3.1,3.0,1.0,2.4,0.0,0.0,0.0,0.0,0.0,0.0,3.7,1.0,0.0,1.6,0.0,1.1,1.1,2017.04.4
161,89.9,90.6,94.6,98.6,94.5,102.1,96.3,101.0,96.5,97.6,92.2,95.5,100.4,99.2,96.6,99.4,102.0,86.1,92.0,97.6,95.3,97.4,2017.04.5
162,6.7,2.7,6.4,6.3,0.0,3.6,3.0,0.0,2.4,1.2,0.0,0.9,1.0,3.3,1.2,0.0,1.0,1.2,4.8,1.8,3.6,0.9,2017.05
163,17.7,17.5,15.8,21.5,20.0,15.2,13.2,18.1,8.3,19.4,17.9,11.4,13.6,7.8,11.4,12.3,8.9,12.3,11.3,13.7,14.5,12.8,2017.05.1
164,68.0,74.1,65.2,65.7,69.8,67.8,78.1,74.5,78.6,65.9,72.8,74.6,67.0,77.7,76.1,80.3,79.2,78.3,79.0,73.4,72.2,75.4,2017.05.2
165,7.6,4.4,12.6,6.5,6.0,11.6,4.2,6.4,8.3,12.4,9.3,10.4,18.4,11.1,11.2,6.2,10.9,7.0,3.2,11.2,8.4,10.0,2017.05.3
166,0.0,1.3,0.0,0.0,4.2,1.8,1.5,1.1,2.4,1.2,0.0,2.8,0.0,0.0,0.0,1.2,0.0,1.2,1.6,0.0,1.3,0.9,2017.05.4
167,88.3,92.1,92.0,86.2,97.2,96.4,94.0,95.2,100.0,96.5,95.7,101.4,101.4,98.3,98.7,98.2,100.0,97.3,92.7,97.0,94.8,98.6,2017.05.5
168,4.9,5.7,9.9,8.9,0.0,3.5,2.8,1.0,1.2,1.7,1.5,0.0,0.0,3.2,1.2,1.2,0.0,2.3,6.4,0.0,2.7,1.0,2017.06
169,11.0,14.0,12.1,17.8,20.5,18.5,14.6,10.4,10.4,15.4,14.4,15.4,8.7,9.4,12.3,10.0,12.9,16.5,16.1,17.2,14.4,12.6,2017.06.1
170,77.7,77.7,68.0,66.7,64.7,69.1,71.2,73.9,75.5,69.2,77.8,69.6,74.0,75.0,79.7,80.0,77.2,76.5,64.7,71.2,71.6,75.5,2017.06.2
171,4.7,1.3,8.4,4.4,14.9,5.3,11.4,13.7,11.6,13.8,6.3,15.0,15.4,12.5,6.7,7.5,8.9,3.5,11.2,9.8,9.2,10.3,2017.06.3
172,1.6,1.3,1.6,2.2,0.0,3.5,0.0,1.0,1.2,0.0,0.0,0.0,1.9,0.0,0.0,1.3,1.0,1.2,1.6,1.8,2.1,0.6,2017.06.4
173,93.6,89.3,89.7,86.7,97.2,93.4,95.6,101.6,100.6,97.5,94.5,99.8,105.3,98.4,96.0,98.8,99.0,92.4,92.8,98.0,96.7,98.5,2017.06.5
174,0.0,1.3,3.2,4.3,1.4,3.5,0.0,5.3,1.2,1.7,1.5,0.0,1.0,3.2,2.4,1.2,0.0,4.7,4.8,0.0,1.7,1.2,2017.07
175,12.7,17.5,15.2,21.2,22.8,15.9,11.6,11.4,12.1,17.7,11.7,12.6,5.9,3.1,15.5,3.7,6.8,21.2,12.8,11.2,16.1,9.7,2017.07.1
176,76.1,71.1,73.1,68.0,64.1,69.5,72.7,72.9,77.7,71.1,75.9,71.7,78.5,84.4,70.2,83.8,88.3,67.0,76.2,75.8,73.8,77.4,2017.07.2
177,9.6,8.7,8.6,6.5,10.3,9.3,15.7,10.4,6.6,8.4,11.0,15.7,14.6,9.3,11.9,11.3,4.9,6.0,3.0,12.9,6.6,11.7,2017.07.3
178,1.6,1.3,0.0,0.0,1.4,1.8,0.0,0.0,2.4,1.2,0.0,0.0,0.0,0.0,0.0,0.0,0.0,1.2,3.3,0.0,1.7,0.1,2017.07.4
179,100.1,95.6,93.5,88.3,93.7,94.9,102.0,94.2,98.4,94.9,98.2,101.6,103.4,99.9,95.8,102.6,99.0,88.9,93.6,100.9,95.3,99.9,2017.07.5
180,1.6,2.6,7.0,4.3,6.1,3.5,0.0,0.0,0.0,0.0,2.9,0.0,0.0,3.1,2.9,0.0,0.0,3.3,3.3,3.5,2.6,0.8,2017.08
181,15.5,12.9,10.4,17.9,21.4,12.0,16.1,16.5,14.0,21.9,10.3,14.4,6.2,3.2,14.3,7.6,9.5,18.4,19.2,14.3,15.1,11.4,2017.08.1
182,78.2,75.8,71.9,64.8,64.9,72.5,76.6,65.6,72.0,68.9,79.2,72.3,84.5,82.7,74.7,86.1,83.3,71.7,68.1,72.0,72.2,79.1,2017.08.2
183,4.7,7.3,10.8,13.0,7.5,10.2,7.3,13.3,11.5,9.2,7.7,13.2,9.3,9.5,8.2,6.3,6.2,5.3,7.7,10.2,8.8,8.5,2017.08.3
184,0.0,1.3,0.0,0.0,0.0,1.8,0.0,4.5,2.5,0.0,0.0,0.0,0.0,1.6,0.0,0.0,1.0,1.2,1.6,0.0,1.3,0.2,2017.08.4
185,93.0,95.9,93.2,93.2,86.9,97.3,95.6,103.0,101.3,93.7,95.9,99.4,101.5,101.7,94.1,99.3,99.3,91.4,92.6,94.4,95.6,98.0,2017.08.5
186,4.7,2.6,9.0,0.0,1.4,3.5,2.8,0.0,0.0,2.9,1.4,1.4,0.0,2.9,2.6,0.0,2.0,4.9,3.3,7.0,2.4,1.5,2017.09
187,11.0,23.2,8.0,23.6,19.2,12.4,9.9,13.3,3.8,16.2,19.2,18.7,8.8,3.0,20.3,10.8,9.7,11.1,13.1,17.0,12.3,13.7,2017.09.1
188,75.1,64.9,73.9,64.4,67.8,62.4,77.0,83.2,83.6,70.9,70.2,71.8,80.2,83.5,72.0,78.3,84.3,81.4,70.5,70.7,74.1,76.3,2017.09.2
189,9.2,6.2,9.0,12.0,10.1,18.6,10.3,3.5,10.1,8.7,9.2,7.2,11.0,10.5,3.9,9.6,3.0,1.3,8.2,5.3,9.0,7.8,2017.09.3
190,0.0,3.1,0.0,0.0,1.4,3.1,0.0,0.0,2.5,1.2,0.0,0.9,0.0,0.0,1.3,1.2,0.9,1.3,4.9,0.0,2.2,0.7,2017.09.4
191,94.4,91.9,91.5,94.2,95.5,102.6,97.4,95.1,105.7,94.6,93.6,93.7,101.1,100.8,90.5,100.6,95.5,91.4,99.2,87.1,98.1,96.3,2017.09.5
192,4.9,3.8,4.9,2.2,7.7,3.5,0.0,1.1,2.5,2.9,4.4,1.4,3.0,8.9,0.0,1.2,0.0,6.6,6.5,6.2,3.7,2.0,2017.10
193,9.2,16.0,13.1,26.9,30.8,8.5,24.8,14.8,12.4,25.5,12.2,19.5,14.2,6.0,14.8,12.0,12.9,18.0,14.3,13.1,14.2,15.4,2017.10.1
194,76.7,74.0,73.8,59.5,50.0,77.3,69.2,76.1,72.7,66.6,77.3,69.4,75.7,68.7,71.4,77.1,74.8,70.9,66.3,72.9,71.2,73.2,2017.10.2
195,7.5,4.8,8.2,11.4,11.6,10.6,4.5,8.0,11.2,5.0,6.0,8.8,7.1,16.4,13.8,9.6,11.3,3.3,9.6,7.9,9.6,9.0,2017.10.3
196,1.6,1.3,0.0,0.0,0.0,0.0,1.5,0.0,1.2,0.0,0.0,0.9,0.0,0.0,0.0,0.0,0.9,1.2,3.3,0.0,1.3,0.4,2017.10.4
197,95.9,91.8,92.6,90.0,82.7,97.5,91.3,95.5,98.1,86.9,92.5,94.2,93.4,96.3,99.5,97.6,100.1,87.3,94.4,91.2,95.2,95.2,2017.10.5
198,3.3,3.8,4.8,0.0,1.4,3.5,1.5,0.0,5.5,2.9,0.0,1.4,1.0,3.0,1.3,2.5,1.0,4.0,3.2,4.9,3.9,1.6,2017.11
199,18.8,15.5,11.3,24.5,33.7,8.4,12.8,17.0,10.3,20.4,18.7,16.7,23.3,7.5,12.6,10.0,13.1,14.9,16.1,15.9,15.1,14.9,2017.11.1
200,60.6,76.3,70.3,73.3,54.9,66.8,75.3,65.9,74.9,61.3,73.3,65.2,65.6,74.8,74.4,78.7,77.8,79.1,64.5,71.2,70.2,72.5,2017.11.2
201,17.2,3.0,13.6,2.2,10.0,21.2,8.9,17.1,8.0,15.4,7.9,14.0,10.0,14.7,11.7,7.5,7.1,2.0,12.9,8.0,9.8,10.1,2017.11.3
202,0.0,1.3,0.0,0.0,0.0,0.0,1.5,0.0,1.2,0.0,0.0,2.8,0.0,0.0,0.0,1.2,1.0,0.0,3.3,0.0,0.9,0.9,2017.11.4
203,95.8,91.2,96.4,88.9,86.8,102.9,98.0,100.0,94.6,94.6,94.6,100.1,92.3,100.6,98.2,97.5,97.0,89.6,98.4,91.2,94.3,96.9,2017.11.5
204,6.7,4.0,5.0,2.4,8.4,1.8,1.5,2.3,1.2,2.5,3.0,1.4,2.0,4.4,5.3,1.2,1.0,5.8,3.4,3.4,3.1,2.3,2017.12
205,18.1,16.0,16.7,21.2,30.0,15.9,14.4,6.8,13.1,15.0,16.0,15.0,10.1,8.8,18.9,9.8,7.0,17.1,18.4,23.4,16.4,12.7,2017.12.1
206,63.7,74.2,72.4,66.8,51.8,69.6,75.5,81.3,73.1,70.9,71.7,68.7,77.9,75.3,67.6,81.7,84.2,72.5,66.6,64.6,70.0,75.3,2017.12.2
207,11.5,5.8,5.8,9.6,9.8,10.9,8.6,9.7,10.1,11.7,9.3,14.0,10.0,11.5,8.2,4.9,5.0,4.6,6.7,8.6,9.2,8.7,2017.12.3
208,0.0,0.0,0.0,0.0,0.0,1.8,0.0,0.0,2.5,0.0,0.0,0.9,0.0,0.0,0.0,2.4,2.9,0.0,4.9,0.0,1.3,1.0,2017.12.4
209,90.0,90.9,89.5,91.9,81.5,97.5,95.6,99.2,99.8,95.8,93.6,99.1,97.9,96.9,89.3,98.8,101.0,87.9,95.7,89.2,94.6,96.7,2017.12.5
210,1.6,8.6,5.8,2.5,8.2,3.7,1.7,2.5,2.5,4.0,0.0,0.0,4.6,3.1,1.3,3.8,4.0,5.6,4.9,3.5,3.2,2.5,2018.01
211,12.8,16.0,7.6,33.1,20.0,6.9,15.6,20.3,14.8,16.3,18.9,17.2,9.5,10.2,16.6,5.1,8.1,13.9,14.7,15.5,15.4,12.6,2018.01.1
212,75.8,68.0,84.9,52.9,62.8,77.1,77.1,71.2,72.6,71.0,68.7,70.3,77.7,75.1,73.8,80.1,81.7,74.6,64.0,70.7,72.3,75.4,2018.01.2
213,9.7,5.8,1.8,11.5,6.2,10.5,4.3,5.9,6.3,7.6,12.5,12.4,8.2,11.6,6.7,9.8,5.1,5.9,14.7,10.4,7.5,8.9,2018.01.3
214,0.0,1.6,0.0,0.0,2.8,1.8,1.3,0.0,3.8,1.1,0.0,0.0,0.0,0.0,1.6,1.2,1.1,0.0,1.7,0.0,1.6,0.7,2018.01.4
215,96.8,87.9,91.3,86.7,87.7,100.0,94.0,90.3,97.1,92.8,96.8,97.6,94.7,97.6,95.3,99.6,95.5,90.4,96.7,94.0,94.5,96.4,2018.01.5
216,3.3,1.4,4.0,5.0,1.4,0.0,3.0,2.4,2.9,4.5,4.4,2.8,2.3,2.8,1.3,3.8,1.9,6.3,7.9,1.7,2.7,3.1,2018.02
217,16.1,25.2,18.7,32.8,22.7,17.6,15.5,7.5,20.1,18.3,17.9,18.9,13.2,12.4,13.9,11.2,10.5,14.9,14.0,18.7,18.5,14.4,2018.02.1
218,74.2,66.1,70.6,57.1,60.4,68.6,74.1,80.0,66.3,66.1,69.0,64.4,75.5,72.3,79.0,75.0,76.9,78.8,70.1,69.5,69.7,72.7,2018.02.2
219,6.4,5.9,6.7,2.5,12.7,12.0,6.1,10.1,8.1,11.1,7.2,12.4,7.2,11.1,5.8,6.1,10.7,0.0,4.8,8.5,7.3,8.3,2018.02.3
220,0.0,1.4,0.0,2.5,2.8,1.8,1.3,0.0,2.6,0.0,1.4,1.4,1.9,1.4,0.0,3.8,0.0,0.0,3.2,1.7,1.8,1.5,2018.02.4
221,91.9,90.4,90.0,82.3,96.4,99.1,93.6,98.9,93.7,91.9,91.6,95.3,96.5,97.9,94.7,97.4,98.2,86.3,90.7,94.9,93.6,95.4,2018.02.5
222,3.3,1.5,7.3,7.0,1.4,0.0,0.0,0.0,1.3,1.7,2.8,2.2,5.0,1.5,1.3,1.3,0.0,8.8,6.2,0.0,2.1,1.9,2018.03
223,11.2,31.4,9.6,24.6,20.8,14.8,15.4,4.1,13.9,16.8,13.3,9.5,10.7,10.2,13.4,10.0,12.4,18.2,15.7,23.2,16.1,11.9,2018.03.1
224,77.7,61.1,78.1,55.4,63.1,71.6,74.8,76.8,71.5,68.5,72.0,69.2,76.4,79.6,81.1,79.9,79.6,65.1,69.0,70.2,71.7,75.6,2018.03.2
225,6.2,6.0,5.0,10.7,13.4,11.7,9.8,19.1,10.7,13.1,10.5,18.2,6.1,7.2,4.3,7.6,6.9,5.8,7.4,3.4,8.3,9.7,2018.03.3
226,1.6,0.0,0.0,2.3,1.4,1.8,0.0,0.0,2.6,0.0,1.4,0.8,1.7,1.5,0.0,1.2,1.1,2.1,1.7,3.1,1.8,0.9,2018.03.4
227,95.9,85.8,90.4,88.4,96.3,100.3,97.2,107.5,99.7,96.4,97.2,102.9,94.4,98.5,94.2,98.6,98.3,87.1,91.3,93.2,95.7,97.9,2018.03.5
228,8.1,4.3,3.8,4.6,0.0,0.0,0.0,0.7,1.3,1.8,3.0,1.4,2.8,0.0,1.3,1.3,1.9,3.4,6.3,5.1,2.9,1.6,2018.04
229,12.9,19.1,12.6,18.5,18.0,11.1,18.0,9.0,18.9,9.6,18.4,10.9,11.6,12.9,13.8,9.8,11.4,18.3,10.8,18.3,15.7,12.5,2018.04.1
230,75.8,63.2,76.4,70.9,64.1,79.6,71.9,68.0,70.7,73.9,69.9,75.3,74.8,75.7,80.7,81.8,78.8,69.3,76.6,69.9,71.6,76.5,2018.04.2
231,3.1,13.4,5.5,5.9,18.0,7.4,10.1,22.3,7.9,14.7,7.2,10.7,10.7,9.9,4.2,7.2,6.9,7.8,4.7,6.7,8.9,8.8,2018.04.3
232,0.0,0.0,1.7,0.0,0.0,1.8,0.0,0.0,1.3,0.0,1.4,1.6,0.0,1.5,0.0,0.0,1.1,1.2,1.6,0.0,0.8,0.6,2018.04.4
233,86.9,92.9,94.3,89.1,100.0,100.0,96.1,105.9,94.5,100.7,92.8,100.1,96.7,100.0,93.9,97.4,97.0,92.6,92.3,89.1,94.6,97.2,2018.04.5
234,9.9,4.2,6.9,2.3,1.4,3.7,3.1,0.0,2.9,0.0,1.7,0.0,4.0,0.0,2.9,1.3,0.0,5.6,4.5,3.4,3.4,1.5,2018.05
235,9.6,21.8,8.6,26.8,12.9,16.5,22.0,12.6,9.7,10.1,9.8,7.3,12.6,8.7,17.8,8.6,13.8,16.9,22.0,25.5,13.6,11.8,2018.05.1
236,67.6,65.2,73.1,62.6,59.3,63.9,64.5,76.1,72.5,76.9,76.7,75.7,73.1,72.5,70.2,79.1,70.6,71.8,65.8,67.6,70.9,74.1,2018.05.2
237,12.9,8.8,11.4,5.9,23.4,12.2,9.0,10.6,11.0,11.3,9.0,16.1,10.3,17.5,9.1,9.7,14.6,5.8,6.1,3.4,10.3,11.6,2018.05.3
238,0.0,0.0,0.0,2.3,2.9,3.7,1.4,0.7,3.9,1.7,2.8,0.8,0.0,1.4,0.0,1.3,1.1,0.0,1.6,0.0,1.8,1.1,2018.05.4
239,91.8,89.3,94.6,89.6,106.7,97.9,91.8,99.7,101.6,102.3,100.7,105.2,94.9,105.8,92.7,100.5,101.5,88.9,89.2,85.5,96.7,99.5,2018.05.5
240,5.1,5.6,5.1,4.6,0.0,1.9,0.0,4.5,2.6,1.7,1.8,0.0,2.3,1.5,4.1,2.6,1.0,1.2,4.5,4.8,2.9,1.7,2018.06
241,20.2,14.6,14.9,22.2,10.6,8.0,19.7,7.3,8.4,14.1,8.4,7.9,11.7,8.3,14.8,5.0,8.0,19.3,18.9,19.5,13.8,10.0,2018.06.1
242,68.0,68.2,72.6,63.9,63.1,80.6,71.5,80.3,71.8,73.6,82.8,73.7,82.0,75.8,79.9,82.6,81.0,69.2,68.5,70.8,71.0,78.5,2018.06.2
243,6.7,11.6,5.7,9.3,22.0,5.7,8.7,8.0,10.7,10.6,5.6,15.5,4.0,14.3,1.3,8.5,7.8,10.3,4.9,4.8,9.7,8.7,2018.06.3
244,0.0,0.0,1.7,0.0,4.3,3.8,0.0,0.0,6.5,0.0,1.4,2.8,0.0,0.0,0.0,1.3,2.1,0.0,3.2,0.0,2.6,1.1,2018.06.4
245,88.2,92.9,92.0,88.9,110.0,100.7,94.5,95.8,105.0,96.6,98.2,106.6,93.9,101.4,89.1,100.5,100.9,94.3,91.7,87.8,97.6,98.7,2018.06.5
246,3.4,2.8,5.0,6.8,1.4,1.8,1.7,4.5,1.3,3.5,0.0,0.0,2.3,2.9,0.0,1.3,3.7,2.2,3.1,5.1,2.0,1.5,2018.07
247,18.8,20.6,10.2,19.3,15.8,18.3,15.8,2.0,16.2,17.1,13.2,12.5,14.7,4.1,11.3,6.2,7.4,23.6,17.5,13.4,15.6,11.1,2018.07.1
248,74.4,67.8,73.1,62.6,62.7,67.6,73.4,91.5,66.0,69.1,82.6,79.2,75.3,81.6,78.6,78.9,79.6,67.1,71.5,74.7,71.2,78.0,2018.07.2
249,3.4,8.8,11.7,9.0,17.2,11.1,9.2,2.0,12.6,10.3,4.2,8.3,7.7,11.3,10.1,12.4,8.2,4.6,4.7,6.7,9.1,9.0,2018.07.3
250,0.0,0.0,0.0,2.3,2.9,1.2,0.0,0.0,3.9,0.0,0.0,0.0,0.0,0.0,0.0,1.3,1.1,2.5,3.2,0.0,2.0,0.5,2018.07.4
251,88.9,91.3,95.7,90.3,102.1,95.7,95.0,95.5,100.8,93.1,95.5,97.9,94.2,100.7,99.4,103.1,97.8,90.8,93.8,91.5,96.8,97.9,2018.07.5
252,1.6,4.2,7.3,11.3,1.4,1.8,4.7,0.0,2.6,3.4,1.4,0.0,1.2,4.6,2.5,1.3,0.0,5.9,5.9,6.5,3.3,1.7,2018.08
253,15.5,17.6,12.9,18.4,17.9,17.8,15.0,4.7,17.1,17.5,17.4,11.2,21.1,10.3,15.5,14.9,17.6,11.7,17.3,15.1,17.2,15.1,2018.08.1
254,81.2,71.0,71.4,63.6,64.7,68.8,71.4,89.0,65.3,70.0,75.3,79.0,72.3,70.3,77.3,71.3,77.8,76.5,68.8,71.7,71.0,74.8,2018.08.2
255,1.6,7.2,6.7,6.8,14.6,8.6,8.9,5.6,11.1,7.3,5.9,9.8,5.4,14.8,4.6,11.3,4.6,3.5,4.7,6.7,6.9,8.0,2018.08.3
256,0.0,0.0,1.7,0.0,1.4,3.0,0.0,0.7,3.9,1.7,0.0,0.0,0.0,0.0,0.0,1.2,0.0,2.3,3.2,0.0,1.7,0.4,2018.08.4
257,91.4,90.6,91.3,82.9,98.4,96.6,92.2,101.1,98.3,93.2,92.8,99.3,90.9,97.6,92.0,98.1,93.5,92.3,91.0,89.3,93.3,95.1,2018.08.5
258,6.5,10.0,9.0,2.3,0.0,1.8,6.7,0.0,3.9,3.4,0.0,0.0,4.3,3.2,1.3,1.3,1.9,2.4,4.7,6.7,4.0,1.9,2018.09
259,21.6,16.0,4.0,24.8,23.0,16.5,15.7,4.0,12.8,14.1,13.0,10.3,6.6,8.6,16.0,10.2,13.6,15.5,19.1,20.3,17.3,11.8,2018.09.1
260,67.1,68.2,78.1,62.6,64.1,69.4,72.9,86.8,71.6,78.0,85.3,78.5,82.4,70.8,81.5,78.6,77.0,77.4,68.5,64.8,69.3,79.0,2018.09.2
261,4.8,5.8,7.3,10.3,11.0,9.2,4.6,4.9,9.1,4.5,1.8,9.8,6.6,14.5,1.3,9.9,7.6,2.4,6.1,8.3,8.2,6.9,2018.09.3
262,0.0,0.0,1.7,0.0,1.9,3.0,0.0,4.3,2.6,0.0,0.0,1.4,0.0,3.0,0.0,0.0,0.0,2.4,1.6,0.0,1.2,0.5,2018.09.4
263,85.1,84.9,94.4,90.5,95.9,97.6,87.8,104.7,96.8,91.8,94.4,101.2,95.7,102.8,91.4,98.5,95.1,93.5,90.4,87.3,92.7,96.1,2018.09.5
264,8.0,8.9,7.3,11.3,0.0,1.8,6.4,0.0,3.9,3.6,1.4,0.0,1.2,1.6,1.3,1.3,3.0,1.2,6.4,6.6,4.2,1.8,2018.10
265,10.5,17.9,10.6,20.6,17.5,7.9,13.0,10.3,15.4,21.3,15.4,6.3,10.4,13.1,13.7,7.6,10.9,14.8,13.1,16.7,15.0,11.0,2018.10.1
266,78.4,64.6,74.8,58.7,64.4,76.2,74.7,84.8,69.5,67.5,76.8,83.4,73.9,72.3,80.5,78.4,77.4,76.5,74.1,73.3,71.5,77.7,2018.10.2
267,3.0,8.6,7.3,7.1,16.1,12.2,5.8,4.9,8.5,7.7,6.3,8.9,14.5,12.9,4.5,10.2,6.4,6.2,4.8,3.3,8.2,8.4,2018.10.3
268,0.0,0.0,0.0,2.3,2.0,1.8,0.0,0.0,2.6,0.0,0.0,1.4,0.0,0.0,0.0,2.5,2.3,1.2,1.7,0.0,1.2,1.1,2018.10.4
269,88.3,86.4,91.0,84.2,101.3,102.2,90.0,97.3,95.3,89.6,94.0,102.8,100.8,98.3,94.2,102.5,97.0,95.7,91.1,86.7,93.6,98.0,2018.10.5
270,4.9,5.9,7.3,7.0,2.9,1.8,2.8,0.7,2.6,1.8,1.4,0.9,1.2,0.0,1.3,1.3,3.0,0.0,3.1,5.1,3.3,1.5,2018.11
271,12.0,10.2,14.6,21.1,11.4,14.4,19.2,6.3,18.4,13.2,15.3,10.9,12.9,13.1,17.2,6.3,15.6,10.7,14.2,10.3,14.9,12.5,2018.11.1
272,74.9,73.6,70.8,60.3,70.8,72.5,72.1,77.0,67.3,79.4,77.7,74.5,80.0,76.7,73.1,83.4,76.2,78.6,74.6,79.3,71.3,77.5,2018.11.2
273,4.9,10.4,7.3,9.3,14.9,7.8,5.9,16.1,10.4,5.7,4.2,13.7,5.9,8.8,8.4,7.6,4.1,10.7,4.9,5.3,9.2,7.9,2018.11.3
274,3.3,0.0,0.0,2.3,0.0,3.6,0.0,0.0,1.3,0.0,1.4,0.0,0.0,1.4,0.0,1.3,1.1,0.0,3.2,0.0,1.3,0.6,2018.11.4
275,94.8,94.2,89.1,89.4,98.9,98.5,90.5,104.3,94.7,94.5,94.5,100.5,95.3,99.2,94.3,100.7,92.4,100.0,95.5,92.4,95.1,96.8,2018.11.5
276,6.3,2.9,1.7,5.9,1.4,1.9,5.8,0.0,5.3,3.4,1.4,0.9,3.0,0.0,0.0,1.3,0.0,0.0,9.7,8.3,5.1,1.5,2018.12
277,18.1,15.0,22.1,26.8,13.2,12.8,22.2,8.9,9.0,18.1,11.8,11.5,14.8,15.7,14.2,6.4,10.4,17.8,11.0,13.2,12.8,12.5,2018.12.1
278,66.2,71.1,67.3,55.7,77.1,73.2,64.5,85.5,70.4,70.0,80.3,75.9,71.0,69.6,79.6,78.6,79.6,73.5,69.3,77.0,70.2,75.8,2018.12.2
279,7.7,11.0,9.0,11.6,8.3,10.1,7.5,4.9,11.3,8.4,6.5,11.8,11.3,14.7,6.2,12.4,10.0,6.3,10.0,1.6,10.2,10.0,2018.12.3
280,1.6,0.0,0.0,0.0,0.0,1.9,0.0,0.7,4.0,0.0,0.0,0.0,0.0,0.0,0.0,1.2,0.0,2.5,0.0,0.0,1.7,0.3,2018.12.4
281,90.2,95.1,91.8,86.5,96.1,98.7,86.8,98.7,99.8,91.8,95.9,99.3,95.3,99.5,96.0,102.9,99.8,96.7,89.8,85.9,95.3,97.6,2018.12.5
282,4.9,2.8,5.0,9.8,2.0,0.0,4.4,0.7,1.4,4.5,1.4,1.4,3.1,1.4,1.3,2.6,1.1,3.5,4.8,5.1,3.0,2.2,2019.01
283,16.9,16.5,9.0,26.1,17.0,9.7,15.8,16.1,16.2,14.7,14.9,10.4,14.7,11.5,18.2,13.9,7.3,13.1,14.4,13.5,17.0,13.3,2019.01.1
284,71.8,73.5,78.6,56.8,71.9,76.8,68.0,77.6,71.3,67.8,79.5,78.6,72.0,74.1,74.8,69.7,85.1,71.5,76.0,76.2,70.3,74.7,2019.01.2
285,6.3,7.3,7.4,4.9,7.2,13.5,11.8,5.6,7.1,13.0,2.8,8.2,10.2,12.9,5.8,12.6,6.5,8.1,3.2,5.1,7.9,9.0,2019.01.3
286,0.0,0.0,0.0,2.4,2.0,0.0,0.0,0.0,4.1,0.0,1.4,1.4,0.0,0.0,0.0,1.3,0.0,3.8,1.6,0.0,1.9,0.7,2019.01.4
287,89.8,92.6,94.2,82.1,95.1,101.9,93.6,94.1,98.2,94.6,94.0,98.9,94.6,99.3,92.5,98.0,98.5,97.7,91.3,90.7,94.4,96.4,2019.01.5
288,3.1,4.3,6.6,6.5,0.0,0.0,6.0,0.0,2.3,3.6,0.7,2.5,0.9,1.3,0.8,0.0,0.0,3.6,2.9,5.2,3.2,1.5,2019.02
289,24.9,12.3,15.8,18.7,20.4,14.7,18.0,9.5,22.3,15.6,17.3,12.0,14.5,7.6,9.7,13.1,10.1,13.4,11.5,9.1,17.6,13.1,2019.02.1
290,67.4,78.6,73.5,73.2,61.5,75.7,67.4,70.9,63.9,70.0,69.0,71.8,78.6,76.3,79.8,77.0,87.5,72.4,75.5,82.0,69.5,75.4,2019.02.2
291,4.6,3.7,4.1,1.6,16.8,9.6,8.6,18.7,9.2,10.9,10.9,12.5,6.0,14.7,8.0,7.9,1.6,9.2,8.6,3.7,8.7,8.8,2019.02.3
292,0.0,1.1,0.0,0.0,1.3,0.0,0.0,0.9,2.3,0.0,2.2,1.3,0.0,0.0,1.7,2.1,0.8,1.4,1.5,0.0,1.1,1.2,2019.02.4
293,86.8,92.5,87.5,85.0,99.6,97.4,89.3,105.5,93.4,94.0,98.3,99.0,94.9,102.2,99.9,99.5,96.5,95.7,97.1,92.0,93.4,97.5,2019.02.5
294,3.1,3.6,5.4,4.9,0.0,1.8,2.3,1.0,2.4,4.8,0.0,2.5,1.0,0.0,1.0,4.7,0.0,0.0,4.4,4.9,2.5,2.1,2019.03
295,24.0,12.4,15.4,22.6,18.7,10.6,17.3,1.9,7.9,17.5,14.7,14.2,11.4,11.8,14.7,9.4,13.7,23.9,16.2,8.5,13.3,13.4,2019.03.1
296,63.0,75.6,71.5,61.3,65.4,77.0,72.2,81.8,76.9,67.0,71.5,68.9,78.5,79.2,73.5,75.6,76.9,67.5,63.6,81.7,73.4,73.4,2019.03.2
297,6.5,8.4,6.5,11.3,13.3,9.2,7.0,15.3,11.0,10.8,9.9,13.0,9.1,9.0,8.9,10.4,8.7,4.2,12.5,4.9,9.4,10.0,2019.03.3
298,3.4,0.0,1.3,0.0,2.5,1.4,1.2,0.0,1.8,0.0,3.9,1.3,0.0,0.0,1.9,0.0,0.7,4.5,3.3,0.0,1.4,1.1,2019.03.4
299,91.5,94.4,91.5,89.5,99.8,98.9,93.7,105.7,100.9,91.9,101.6,98.1,97.8,98.6,98.0,95.8,98.2,94.6,97.0,93.3,97.0,97.3,2019.03.5
300,4.7,4.8,3.9,5.5,1.3,3.7,2.3,1.9,1.1,4.7,0.8,0.0,3.4,1.4,0.9,2.4,0.0,2.8,4.2,4.7,2.5,1.6,2019.04
301,16.3,16.7,12.5,17.5,18.3,12.4,12.3,7.3,18.1,17.4,7.7,19.6,15.0,9.2,12.9,9.7,19.3,17.1,15.2,12.9,17.2,14.0,2019.04.1
302,65.7,69.0,76.0,67.7,71.8,75.1,78.7,70.1,72.9,68.6,83.0,70.0,72.4,72.7,79.4,76.3,69.4,77.3,75.0,74.4,71.5,74.6,2019.04.2
303,11.5,7.5,6.2,9.3,7.2,8.8,6.7,20.7,5.0,9.3,8.5,9.1,9.2,15.4,4.9,8.7,8.0,2.8,4.2,8.0,7.3,8.5,2019.04.3
304,1.7,2.0,1.3,0.0,1.3,0.0,0.0,0.0,2.8,0.0,0.0,1.3,0.0,1.4,1.8,2.9,3.3,0.0,1.4,0.0,1.4,1.5,2019.04.4
305,94.6,92.6,94.3,90.4,94.5,94.5,94.9,104.8,95.1,91.3,99.6,96.0,93.7,103.1,96.9,100.0,97.6,90.0,91.7,92.9,93.9,97.2,2019.04.5
306,3.1,4.9,3.6,1.8,0.0,1.8,2.4,0.0,3.0,1.3,0.0,2.8,2.0,5.5,2.2,1.2,0.7,1.4,1.4,3.1,2.8,1.8,2019.05
307,18.5,11.3,14.5,15.7,14.6,18.9,17.1,18.2,11.7,17.5,9.2,7.6,18.4,6.0,13.5,12.9,19.3,23.6,12.8,7.8,13.4,13.4,2019.05.1
308,73.8,78.6,76.9,78.5,70.7,70.4,68.0,66.6,78.7,75.2,82.7,76.4,60.8,77.8,76.0,76.7,67.2,69.4,74.9,80.6,74.8,73.8,2019.05.2
309,3.1,5.2,3.6,4.1,11.3,5.5,11.3,10.8,4.8,6.0,8.1,11.8,18.9,10.7,7.4,5.8,12.0,4.2,10.9,6.9,7.8,9.7,2019.05.3
310,1.6,0.0,1.4,0.0,3.3,3.3,1.2,4.5,1.8,0.0,0.0,1.3,0.0,0.0,0.9,3.5,0.7,1.4,0.0,1.6,1.2,1.3,2019.05.4
311,90.7,92.0,92.4,92.4,101.7,94.7,95.9,100.8,95.4,93.0,99.4,100.6,98.3,96.9,95.7,98.8,96.4,90.3,97.6,98.0,95.7,97.7,2019.05.5
312,6.3,8.4,3.7,5.5,2.7,1.8,3.5,5.5,0.0,3.9,1.6,0.0,1.0,4.7,0.9,1.2,0.8,5.7,4.7,3.5,3.0,1.6,2019.06
313,9.5,11.5,18.4,20.3,12.7,16.4,17.0,14.0,10.0,15.0,11.1,12.6,8.5,8.8,12.1,9.8,15.2,14.0,11.9,11.7,13.3,12.1,2019.06.1
314,74.9,77.7,73.9,62.2,68.7,69.9,73.8,74.0,79.9,70.4,75.7,75.5,82.5,77.1,82.0,79.9,70.3,74.7,75.8,79.7,74.9,76.8,2019.06.2
315,9.4,2.4,2.7,12.0,16.0,8.7,4.5,2.1,7.1,10.7,7.4,10.5,7.9,9.4,4.0,5.2,13.7,4.2,6.2,5.1,7.5,7.8,2019.06.3
316,0.0,0.0,1.3,0.0,0.0,3.2,1.2,4.5,2.9,0.0,4.2,1.4,0.0,0.0,0.9,4.0,0.0,1.4,1.4,0.0,1.4,1.7,2019.06.4
317,93.6,87.1,89.8,90.3,99.0,97.5,91.4,93.0,101.5,94.0,100.7,100.3,98.7,95.6,96.0,100.6,98.4,90.7,93.8,93.2,95.5,98.0,2019.06.5
318,4.6,3.6,8.7,1.8,2.6,3.7,4.5,0.0,0.0,3.3,0.8,4.0,1.0,1.4,4.0,1.1,0.8,1.3,2.8,3.5,2.1,2.3,2019.07
319,26.2,14.3,17.3,19.3,16.1,16.4,19.3,17.3,16.0,17.9,20.3,17.1,5.2,8.8,15.1,13.4,20.6,33.7,17.0,13.6,17.3,16.0,2019.07.1
320,64.4,77.0,60.4,73.1,57.3,65.7,70.5,72.8,81.0,69.5,72.7,64.1,77.9,77.8,72.9,75.1,63.7,55.5,75.4,74.4,73.1,70.6,2019.07.2
321,4.8,3.2,13.7,5.8,20.2,14.2,4.5,9.9,0.0,9.3,6.2,12.0,13.6,12.1,7.1,6.3,13.3,9.5,4.8,8.5,6.0,9.2,2019.07.3
322,0.0,2.0,0.0,0.0,3.9,0.0,1.1,0.0,3.0,0.0,0.0,2.7,2.3,0.0,0.9,4.0,1.6,0.0,0.0,0.0,1.4,1.9,2019.07.4
323,84.7,92.8,89.5,91.4,103.4,95.2,89.2,96.3,95.0,92.3,92.2,96.2,105.5,100.3,92.9,99.4,97.2,86.6,91.1,94.0,93.7,96.3,2019.07.5
324,5.0,5.6,4.8,1.8,1.3,3.1,2.3,1.0,2.9,3.3,0.8,1.3,4.2,1.4,1.0,5.0,3.9,5.0,4.8,6.2,3.9,2.8,2019.08
325,25.3,11.1,17.5,13.2,13.4,10.7,22.6,26.0,16.6,22.0,26.2,12.8,18.0,10.9,15.8,16.4,19.8,19.5,19.7,15.3,17.0,17.8,2019.08.1
326,65.2,83.3,68.2,69.7,70.0,82.5,71.6,61.0,72.8,68.2,60.8,70.2,66.0,78.2,80.2,71.3,67.0,66.3,72.6,73.5,71.0,70.1,2019.08.2
327,4.5,0.0,5.1,11.8,12.1,3.6,3.5,12.0,4.7,6.5,12.1,10.5,11.9,9.6,2.1,6.2,7.8,7.8,2.9,5.0,6.8,7.8,2019.08.3
328,0.0,0.0,4.4,3.5,3.2,0.0,0.0,0.0,2.9,0.0,0.0,5.2,0.0,0.0,1.0,1.1,1.5,1.4,0.0,0.0,1.4,1.5,2019.08.4
329,84.6,88.9,93.4,101.1,101.3,93.3,88.1,92.0,94.0,88.9,92.1,102.8,92.7,98.0,93.1,90.9,91.6,90.5,86.8,88.6,92.4,93.7,2019.08.5
330,4.8,4.6,7.3,3.8,0.0,5.4,1.1,5.8,0.0,2.7,0.8,0.0,1.0,1.4,0.0,2.2,0.0,2.5,0.0,8.1,1.9,1.1,2019.09
331,34.2,18.9,14.1,16.5,18.7,8.5,17.0,8.9,10.0,20.9,23.5,11.6,17.0,17.8,16.6,11.8,15.8,23.5,19.4,11.2,17.5,15.7,2019.09.1
332,51.5,70.6,70.1,68.4,61.9,77.2,75.0,71.1,85.2,68.7,66.2,71.5,70.2,65.1,78.7,84.9,79.3,64.9,72.7,74.2,70.9,74.9,2019.09.2
333,9.5,3.6,6.2,11.2,16.8,7.2,5.7,9.5,1.8,7.6,9.5,14.2,9.6,14.5,3.8,1.1,3.4,9.1,6.5,4.7,8.2,7.2,2019.09.3
334,0.0,2.3,2.3,0.0,2.6,1.8,1.1,4.7,3.0,0.0,0.0,2.6,2.2,1.4,1.0,0.0,1.5,0.0,1.5,1.9,1.6,1.1,2019.09.4
335,82.8,90.1,91.1,93.5,101.6,95.7,94.3,99.3,98.8,90.6,92.2,103.9,97.6,98.3,94.6,92.4,95.3,90.3,95.1,90.5,95.0,95.8,2019.09.5
336,3.2,2.3,4.0,2.2,0.0,3.9,3.4,0.0,1.7,3.7,2.4,2.5,2.0,0.0,1.0,2.3,6.0,4.0,5.9,3.4,2.9,2.7,2019.10
337,29.8,15.3,16.7,11.8,12.3,7.2,10.3,16.1,11.0,12.5,14.8,10.3,11.1,13.4,14.1,13.5,12.3,21.3,15.7,12.4,15.0,12.7,2019.10.1
338,59.1,74.1,71.6,75.0,73.7,77.8,81.8,68.5,79.6,73.7,74.0,74.1,74.3,73.1,81.8,75.4,76.9,74.7,75.4,77.3,72.0,76.0,2019.10.2
339,7.9,8.4,6.3,8.8,11.5,7.7,2.3,15.4,4.7,10.1,8.7,10.4,12.6,12.1,2.2,7.6,3.4,0.0,3.0,3.4,8.6,7.4,2019.10.3
340,0.0,0.0,1.3,2.2,2.5,3.4,2.3,0.0,3.0,0.0,0.0,2.6,0.0,1.4,1.0,1.2,1.5,0.0,0.0,3.6,1.5,1.2,2019.10.4
341,85.9,94.3,92.1,98.5,102.1,99.7,94.8,99.7,98.1,95.1,94.5,100.1,98.7,100.7,94.0,95.9,91.1,85.3,87.7,95.7,95.4,95.9,2019.10.5
342,3.2,4.6,4.3,1.8,0.0,1.9,0.0,4.7,0.0,1.3,0.9,1.3,3.9,1.5,0.0,2.8,0.8,2.6,5.3,3.2,2.1,1.6,2019.11
343,27.4,18.3,10.2,16.0,16.3,12.0,10.4,4.3,11.3,17.0,20.0,15.7,13.8,12.9,9.8,23.3,15.9,18.2,16.7,13.3,15.8,16.4,2019.11.1
344,66.1,71.4,76.7,67.7,72.7,68.4,81.5,66.7,78.2,72.7,73.1,63.3,74.7,71.7,83.0,62.5,73.8,74.7,76.5,71.2,73.1,70.9,2019.11.2
345,3.2,4.6,6.6,14.5,9.8,17.7,8.0,23.3,6.4,9.0,6.0,15.7,7.6,13.9,6.2,9.1,9.6,2.9,1.5,10.4,7.6,9.7,2019.11.3
346,0.0,1.1,2.2,0.0,1.3,0.0,0.0,1.1,4.2,0.0,0.0,4.1,0.0,0.0,1.0,2.3,0.0,1.5,0.0,1.9,1.5,1.4,2019.11.4
347,84.7,89.7,96.0,97.4,98.0,100.9,98.8,105.8,101.7,94.7,92.1,102.8,93.0,99.0,99.2,92.3,96.0,91.2,87.1,97.2,95.4,96.5,2019.11.5
348,4.8,2.3,5.6,1.8,0.0,1.8,1.2,1.0,2.4,3.6,1.7,2.6,5.1,3.0,1.0,4.1,0.8,4.0,1.4,3.1,2.6,2.7,2019.12
349,32.2,13.0,11.2,9.1,14.0,16.1,11.5,9.9,7.1,16.1,9.9,14.4,11.3,9.4,12.2,19.2,13.2,18.7,13.7,10.9,14.3,14.1,2019.12.1
350,59.7,77.5,70.6,71.5,65.8,71.8,79.1,69.7,79.4,72.1,78.5,64.4,76.2,81.2,80.8,64.5,70.7,77.3,79.1,79.2,71.1,71.9,2019.12.2
351,3.2,7.2,10.3,15.1,18.9,9.0,8.2,19.4,8.1,8.2,9.0,13.2,5.3,6.4,5.0,7.5,14.6,0.0,5.8,5.0,10.7,8.9,2019.12.3
352,0.0,0.0,2.3,2.4,1.3,1.3,0.0,0.0,2.9,0.0,0.9,5.3,2.1,0.0,1.0,4.7,0.8,0.0,0.0,1.9,1.2,2.4,2019.12.4
353,80.7,94.8,96.2,103.6,103.8,96.0,97.1,103.7,101.0,92.5,98.7,102.1,94.0,95.6,96.4,94.8,100.7,86.6,94.6,95.8,96.8,97.2,2019.12.5
354,4.8,1.1,5.5,3.4,1.3,1.8,1.2,1.1,1.2,0.0,1.7,0.0,2.0,1.4,0.9,3.3,0.0,5.5,1.4,8.4,2.2,1.4,2020.01
355,22.6,16.0,10.6,16.0,17.6,16.0,16.1,11.1,12.4,21.0,11.3,10.1,21.5,11.1,13.1,14.4,13.7,17.9,19.5,12.2,15.6,14.1,2020.01.1
356,69.4,76.0,77.5,70.9,66.1,62.9,78.1,77.8,80.5,69.1,80.4,74.3,69.9,82.2,78.9,73.1,78.7,75.1,76.4,74.2,74.3,75.6,2020.01.2
357,3.2,4.6,4.1,9.7,11.6,17.9,4.6,5.6,3.0,8.5,5.8,11.6,6.7,5.4,6.2,5.1,7.7,1.4,2.8,5.2,6.1,7.0,2020.01.3
358,0.0,2.3,2.3,0.0,3.4,1.3,0.0,4.5,3.0,1.4,0.8,3.9,0.0,0.0,0.9,4.0,0.0,0.0,0.0,0.0,1.8,1.9,2020.01.4
359,85.5,95.4,93.6,93.4,99.0,100.4,93.1,100.6,97.1,95.1,96.5,104.7,90.7,95.8,96.6,96.0,97.0,86.2,90.3,88.1,94.9,96.9,2020.01.5
360,3.2,4.6,4.2,3.4,1.4,3.1,2.3,0.0,1.8,2.8,3.3,1.3,1.9,1.4,2.2,4.0,2.6,6.5,4.1,6.5,2.6,2.6,2020.02
361,24.4,19.3,18.7,13.1,17.2,11.7,18.5,11.1,8.6,19.5,11.5,11.6,15.4,5.9,21.3,12.4,17.5,17.6,14.5,10.5,14.9,14.6,2020.02.1
362,64.1,74.9,68.2,71.4,69.0,74.9,68.9,82.2,80.6,70.4,79.2,70.0,72.8,83.8,69.5,77.4,71.5,74.6,77.2,77.7,73.6,73.6,2020.02.2
363,6.6,0.0,5.1,12.0,9.0,8.5,10.3,5.6,6.1,7.2,6.0,13.2,9.8,9.0,5.0,3.5,6.8,0.0,2.8,5.2,6.8,7.5,2020.02.3
364,1.6,1.1,3.7,0.0,3.5,1.8,0.0,1.1,3.0,0.0,0.0,4.0,0.0,0.0,1.9,2.8,1.6,1.4,1.4,0.0,2.0,1.7,2020.02.4
365,89.5,86.9,92.7,96.0,98.0,97.1,93.6,98.3,100.0,91.1,93.9,103.5,95.3,100.2,91.6,94.4,93.6,86.2,91.4,90.8,95.3,95.5,2020.02.5
366,6.6,6.6,6.4,1.7,2.7,4.7,2.4,6.9,0.0,2.8,1.7,4.2,9.3,1.4,2.1,5.7,9.1,5.6,2.1,6.9,3.5,4.8,2020.03
367,30.0,20.2,28.1,27.4,22.8,15.3,24.9,22.8,23.7,25.2,19.8,22.2,19.0,13.9,14.8,18.4,15.4,23.1,23.5,13.8,20.7,19.4,2020.03.1
368,58.4,69.7,60.8,65.1,64.1,71.7,67.0,64.5,66.9,63.1,69.8,62.8,64.0,79.9,69.9,67.3,67.3,70.0,67.8,72.3,67.6,67.1,2020.03.2
369,5.0,3.5,2.3,5.7,6.9,6.9,4.6,5.8,6.4,8.9,6.6,9.5,7.7,4.9,12.2,6.9,7.4,0.0,6.6,3.6,6.8,7.7,2020.03.3
370,0.0,0.0,2.3,0.0,3.5,1.4,1.2,0.0,2.9,0.0,2.0,1.3,0.0,0.0,1.0,1.7,0.8,1.4,0.0,3.4,1.4,1.1,2020.03.4
371,80.9,85.1,83.0,87.4,92.8,92.6,88.7,84.6,94.3,89.0,93.7,90.7,85.0,94.1,97.6,90.2,87.7,84.3,89.4,91.3,91.0,90.5,2020.03.5
372,19.0,12.9,7.8,0.0,8.8,4.9,6.1,7.9,1.2,7.3,3.3,1.3,3.3,8.1,2.0,6.2,0.7,1.4,4.3,8.2,7.2,3.8,2020.04
373,30.1,22.2,33.6,26.1,25.4,23.3,26.8,41.8,18.2,26.3,24.6,22.3,23.3,19.5,19.7,23.1,21.1,29.2,25.9,25.8,23.9,23.2,2020.04.1
374,49.2,64.9,54.9,60.8,54.4,66.4,63.4,50.3,70.7,61.0,65.4,65.9,69.1,66.4,74.3,67.3,70.6,63.9,66.9,61.0,62.6,67.2,2020.04.2
375,1.6,0.0,3.7,8.9,8.0,3.6,2.4,0.0,6.9,5.3,6.7,9.2,4.3,6.1,3.0,2.2,6.9,5.6,2.9,3.4,4.8,5.1,2020.04.3
376,0.0,0.0,0.0,4.1,3.4,1.8,1.2,0.0,3.1,0.0,0.0,1.3,0.0,0.0,1.0,1.1,0.7,0.0,0.0,1.6,1.5,0.7,2020.04.4
377,66.7,76.0,77.2,95.5,85.9,87.0,82.9,71.2,96.2,82.2,87.7,93.5,87.2,85.2,90.6,84.4,92.9,86.8,84.2,82.3,84.7,87.9,2020.04.5
378,18.2,7.6,14.0,13.5,11.7,13.4,4.9,5.9,0.0,5.0,4.6,5.3,7.3,9.2,5.8,4.4,3.4,4.4,7.4,14.5,7.0,5.2,2020.05
379,28.7,19.1,27.1,32.0,36.0,20.2,39.9,39.3,26.1,27.9,21.8,27.9,27.2,24.3,31.1,20.4,24.3,19.8,35.8,18.7,26.4,26.3,2020.05.1
380,48.1,71.1,55.3,48.7,42.1,59.7,53.9,50.0,67.7,63.1,63.9,54.8,62.2,63.0,56.3,70.0,61.7,68.3,49.8,62.0,60.6,61.4,2020.05.2
381,4.9,2.2,1.3,3.7,8.9,3.1,0.0,0.0,5.0,4.1,9.7,9.3,3.4,3.5,5.8,4.0,9.1,7.5,7.0,3.2,4.9,5.9,2020.05.3
382,0.0,0.0,2.3,2.2,1.3,3.6,1.2,4.7,1.2,0.0,0.0,2.7,0.0,0.0,1.0,1.1,1.5,0.0,0.0,1.6,1.1,1.1,2020.05.4
383,69.9,84.0,75.4,74.5,76.1,81.6,76.4,79.2,90.7,83.2,89.3,88.1,80.8,80.4,82.5,88.4,90.4,89.5,78.2,79.3,83.4,85.7,2020.05.5
384,17.4,9.6,19.0,9.8,9.0,8.2,3.7,1.2,0.0,1.4,0.8,4.1,7.6,6.9,8.7,5.3,11.9,1.5,12.6,11.4,8.3,5.5,2020.06
385,30.3,20.2,20.4,17.5,33.1,16.1,35.0,38.8,22.0,28.6,24.6,24.7,20.4,21.9,22.4,15.8,21.3,14.3,27.6,16.3,23.2,22.6,2020.06.1
386,47.5,66.9,55.6,58.9,46.2,68.5,61.3,60.0,71.8,63.6,64.6,57.4,69.7,66.4,65.9,69.0,60.1,84.2,58.3,65.3,62.3,64.6,2020.06.2
387,3.2,3.4,2.7,13.7,8.3,5.4,0.0,0.0,3.9,6.4,9.2,9.6,2.3,4.8,2.0,7.6,5.2,0.0,1.5,7.0,4.8,5.7,2020.06.3
388,1.6,0.0,2.3,0.0,3.5,1.8,0.0,0.0,2.4,0.0,0.8,4.2,0.0,0.0,1.0,2.3,1.5,0.0,0.0,0.0,1.3,1.6,2020.06.4
389,70.6,82.0,74.5,88.3,82.1,88.2,78.8,79.4,93.3,87.5,92.3,92.5,83.4,84.6,82.0,92.9,81.5,91.4,74.3,84.0,83.8,87.6,2020.06.5
390,14.5,8.7,20.3,5.7,4.7,10.4,6.0,0.0,2.4,2.2,2.9,2.7,6.4,0.0,7.0,4.0,1.5,8.4,8.1,11.9,6.2,3.9,2020.07
391,25.9,22.2,18.4,28.6,32.9,17.5,26.2,24.2,25.3,24.9,23.3,25.7,22.4,17.8,25.7,19.3,18.0,14.9,33.7,19.2,23.9,22.4,2020.07.1
392,52.9,65.7,56.3,56.1,55.7,63.5,60.7,66.3,61.7,68.0,65.4,59.5,66.8,77.5,61.4,70.7,74.2,68.7,56.8,63.7,61.7,66.5,2020.07.2
393,4.9,3.4,2.7,7.5,5.4,6.8,6.0,9.5,9.5,4.9,7.5,9.4,4.4,4.8,5.0,4.7,4.9,8.0,1.4,3.6,6.8,6.1,2020.07.3
394,1.7,0.0,2.3,2.1,1.3,1.8,1.2,0.0,1.2,0.0,0.8,2.7,0.0,0.0,1.0,1.2,1.5,0.0,0.0,1.7,1.3,1.2,2020.07.4
395,76.7,81.9,74.2,85.8,82.9,86.0,85.1,92.6,90.9,87.8,90.0,91.9,84.6,93.5,83.7,89.9,93.5,88.1,75.8,82.0,86.5,89.2,2020.07.5
396,12.5,8.9,14.8,5.9,6.2,10.7,3.6,0.0,2.3,2.2,1.7,2.7,5.2,4.1,4.7,7.6,4.4,5.3,12.5,8.0,6.9,4.4,2020.08
397,34.4,14.2,11.4,17.8,19.5,17.3,23.2,13.6,18.6,19.1,27.5,16.0,17.5,17.9,20.7,16.5,33.0,22.3,22.0,15.1,18.9,20.5,2020.08.1
398,48.4,70.2,65.5,64.4,61.9,66.9,65.1,81.6,72.1,65.3,66.3,70.7,65.7,75.4,65.9,66.7,52.8,67.5,64.0,72.1,66.9,66.1,2020.08.2
399,3.1,6.6,6.0,10.0,10.2,5.1,6.9,4.7,3.9,13.3,3.8,9.3,11.6,2.7,7.6,6.4,8.4,4.8,1.5,3.2,5.8,7.7,2020.08.3
400,1.6,0.0,2.4,2.0,2.1,0.0,1.2,0.0,3.1,0.0,0.8,1.3,0.0,0.0,1.0,2.8,1.5,0.0,0.0,1.6,1.5,1.3,2020.08.4
401,73.4,87.3,85.0,92.2,91.2,83.1,89.5,95.6,93.5,94.9,87.3,95.3,91.8,88.4,89.7,90.2,84.8,85.9,77.2,87.6,88.0,90.5,2020.08.5
402,8.0,7.9,14.8,3.7,4.0,7.3,4.8,1.1,1.2,4.9,0.8,0.0,4.3,0.0,3.9,2.4,0.0,2.9,4.4,6.5,4.4,2.1,2020.09
403,25.3,15.5,22.2,20.8,20.5,27.7,24.3,17.2,20.8,23.5,14.8,25.3,19.4,16.7,16.0,13.7,15.8,25.8,23.8,19.1,23.3,18.7,2020.09.1
404,65.1,69.8,60.0,66.2,63.3,56.1,63.9,75.8,74.9,63.1,79.0,61.3,70.7,81.2,74.1,76.4,80.8,71.4,69.7,69.4,66.9,72.0,2020.09.2
405,1.6,4.7,3.0,7.5,10.2,7.0,5.9,4.7,0.0,8.4,4.5,12.0,5.6,2.1,5.0,6.4,3.4,0.0,2.0,4.9,4.0,6.4,2020.09.3
406,0.0,2.1,0.0,1.8,2.1,1.8,1.2,1.1,3.1,0.0,0.8,1.3,0.0,0.0,1.0,1.2,0.0,0.0,0.0,0.0,1.4,0.8,2020.09.4
407,80.2,88.7,75.6,91.5,93.0,84.2,87.2,93.8,91.5,87.6,94.8,94.7,88.8,92.7,91.7,95.2,93.8,84.2,84.7,86.4,87.3,92.5,2020.09.5
408,10.9,4.4,12.5,7.7,2.1,5.5,2.4,1.0,2.0,3.5,2.6,0.0,3.3,6.9,5.9,6.3,1.5,10.0,9.1,9.8,5.2,3.6,2020.10
409,28.1,12.8,13.3,7.7,19.9,21.6,22.0,13.3,16.7,18.6,19.2,24.0,20.6,10.9,16.7,13.8,20.1,17.2,21.7,10.3,18.7,18.6,2020.10.1
410,54.7,75.3,70.4,74.8,67.9,64.9,61.7,75.5,74.0,73.9,67.3,66.7,67.1,76.1,67.6,72.3,70.9,71.3,69.2,75.0,68.4,69.2,2020.10.2
411,6.3,5.6,1.4,9.8,10.1,6.1,12.7,10.2,4.3,4.0,10.9,6.7,9.0,6.1,7.8,5.1,6.7,1.5,0.0,4.9,5.9,7.2,2020.10.3
412,0.0,2.0,2.3,0.0,0.0,1.8,1.2,0.0,3.1,0.0,0.0,2.7,0.0,0.0,2.0,2.4,0.7,0.0,0.0,0.0,1.8,1.4,2020.10.4
413,78.1,94.0,83.9,93.3,93.0,88.6,94.1,97.4,94.9,89.2,93.3,94.0,90.9,90.7,91.7,91.7,92.5,82.1,80.1,87.5,90.2,92.1,2020.10.5
414,6.5,2.3,12.1,1.8,6.4,5.5,8.3,1.0,3.1,4.8,5.0,4.1,3.3,6.9,2.9,4.5,0.7,5.4,7.2,6.8,4.4,4.2,2020.11
415,27.4,13.8,21.9,11.4,31.3,14.0,21.4,11.9,14.7,20.7,16.0,19.2,17.1,9.6,15.8,14.8,20.1,18.7,20.2,8.7,18.1,17.2,2020.11.1
416,61.3,78.2,61.6,73.5,54.2,64.6,58.3,72.8,72.9,68.4,70.3,68.4,72.6,74.0,76.4,73.9,74.2,75.8,69.1,82.9,67.0,71.4,2020.11.2
417,4.8,5.7,2.2,13.3,8.0,14.0,9.5,14.2,8.2,6.1,7.9,6.8,7.0,9.6,2.9,5.7,4.2,0.0,3.5,1.6,9.7,6.2,2020.11.3
418,0.0,0.0,2.2,0.0,0.0,1.8,2.4,0.0,1.1,0.0,0.8,1.4,0.0,0.0,2.0,1.1,0.7,0.0,0.0,0.0,0.7,1.0,2020.11.4
419,82.3,93.7,80.3,99.1,81.9,96.3,88.1,100.1,94.8,87.9,91.8,91.0,91.6,93.1,92.6,92.1,92.0,85.2,84.4,89.7,92.1,91.3,2020.11.5
420,9.5,3.5,13.3,5.7,14.0,7.3,9.6,2.1,4.2,4.8,6.7,2.7,9.9,3.4,4.8,3.6,2.2,4.0,4.4,3.3,6.2,4.7,2020.12
421,23.6,17.9,22.9,21.0,24.6,21.3,27.7,23.3,23.2,17.0,14.2,27.4,19.4,14.3,27.2,18.9,21.6,10.5,29.3,20.6,21.0,21.4,2020.12.1
422,65.3,75.1,57.7,62.0,54.7,62.5,54.3,69.9,65.4,71.3,70.4,63.0,66.1,75.4,61.2,68.1,74.7,81.5,61.2,72.9,67.2,67.0,2020.12.2
423,1.6,3.5,6.1,11.2,6.7,8.9,7.2,4.7,6.1,6.9,6.7,4.2,4.6,6.9,4.8,7.0,0.7,4.0,5.0,3.3,5.3,5.3,2020.12.3
424,0.0,0.0,0.0,0.0,0.0,0.0,1.2,0.0,1.1,0.0,2.1,2.8,0.0,0.0,2.0,2.4,0.7,0.0,0.0,0.0,0.3,1.6,2020.12.4
425,79.4,89.3,78.3,89.4,77.1,86.5,81.4,88.6,88.4,90.1,91.7,88.5,82.7,92.8,86.0,92.9,88.1,92.8,83.4,88.1,86.3,88.7,2020.12.5
426,11.2,7.5,15.1,11.2,15.3,5.1,6.0,1.1,5.6,8.3,0.9,4.0,3.0,2.9,7.5,4.8,3.2,5.2,11.4,8.5,7.7,4.5,2021.01
427,25.6,13.5,17.4,29.1,34.8,21.7,28.6,22.0,17.3,20.0,27.3,25.3,25.9,20.7,17.8,15.3,18.0,18.8,28.0,20.4,21.9,21.3,2021.01.1
428,55.4,76.6,54.2,54.7,45.6,59.9,59.5,76.9,69.1,66.8,68.9,62.7,69.1,72.1,67.3,70.7,77.2,70.9,53.2,66.1,63.0,68.3,2021.01.2
429,7.8,2.3,8.1,5.0,4.4,13.2,4.8,0.0,5.2,3.5,0.9,5.3,2.0,4.3,5.6,8.0,1.6,5.2,5.4,5.0,5.6,4.6,2021.01.3
430,0.0,0.0,5.2,0.0,0.0,0.0,1.2,0.0,2.8,1.4,2.1,2.7,0.0,0.0,1.9,1.2,0.0,0.0,2.0,0.0,1.8,1.3,2021.01.4
431,79.9,86.8,85.5,76.8,69.5,90.6,83.3,87.9,91.1,84.7,88.0,88.6,85.1,88.9,88.3,92.7,88.6,88.0,79.2,83.8,86.0,88.5,2021.01.5
432,8.9,4.4,13.3,13.7,18.1,1.8,4.7,6.2,1.6,6.4,2.3,7.1,4.1,3.5,5.6,3.8,2.3,1.4,14.0,6.5,6.3,4.5,2021.02
433,21.1,12.1,19.8,37.3,32.3,27.9,26.8,23.0,20.4,25.1,29.4,28.1,23.7,15.9,22.0,22.0,18.1,20.1,29.7,20.3,22.7,23.7,2021.02.1
434,64.0,82.4,63.0,43.0,42.5,63.1,63.6,58.4,71.9,63.5,62.2,52.2,66.0,68.7,66.3,62.0,76.6,72.9,52.6,69.8,63.6,63.4,2021.02.2
435,4.6,1.1,3.9,2.0,7.1,5.4,4.9,7.3,6.1,3.8,6.0,9.8,4.1,11.9,5.1,10.7,3.1,4.1,2.2,1.6,6.3,7.1,2021.02.3
436,1.4,0.0,0.0,3.9,0.0,1.8,0.0,5.1,0.0,1.3,0.0,2.9,2.1,0.0,0.9,1.5,0.0,1.4,1.5,1.8,1.2,1.3,2021.02.4
437,84.3,90.1,78.8,72.5,69.3,88.7,84.3,91.0,91.2,84.3,86.0,86.6,88.2,94.5,86.8,92.1,90.2,92.0,73.7,85.9,86.6,88.5,2021.02.5
438,5.1,4.7,7.0,13.1,16.9,7.3,1.3,5.1,4.6,7.3,3.6,2.9,4.4,3.9,6.1,5.7,2.4,0.0,11.4,8.2,6.5,4.1,2021.03
439,25.3,18.4,25.2,30.2,20.2,24.3,27.0,4.6,26.2,16.4,34.5,27.7,18.3,21.1,17.8,12.0,16.6,20.6,23.5,13.1,21.9,20.5,2021.03.1
440,61.3,73.6,67.8,50.9,55.2,61.7,66.7,80.1,69.2,72.7,50.0,56.5,67.6,65.6,70.9,77.3,69.6,72.0,57.6,75.5,66.9,67.0,2021.03.2
441,6.7,1.2,0.0,3.8,7.7,5.2,4.9,10.2,0.0,3.6,11.9,10.1,9.7,9.3,4.2,5.0,11.4,7.4,6.1,3.3,3.2,7.8,2021.03.3
442,1.7,2.1,0.0,2.0,0.0,1.5,0.0,0.0,0.0,0.0,0.0,2.9,0.0,0.0,0.9,0.0,0.0,0.0,1.5,0.0,1.4,0.6,2021.03.4
443,87.3,88.9,80.4,75.7,76.9,84.6,87.6,97.7,82.3,86.4,85.1,91.2,91.3,90.2,88.0,90.8,95.0,93.4,81.4,86.9,85.5,90.2,2021.03.5
444,6.0,5.6,8.1,20.0,6.3,5.1,4.6,5.5,4.2,7.2,9.9,4.1,7.4,0.0,4.7,3.7,2.4,0.0,11.8,9.8,6.0,4.7,2021.04
445,20.1,16.9,17.4,19.4,30.4,24.0,32.2,19.0,29.3,25.0,15.3,28.8,12.7,15.6,22.8,22.3,12.1,20.8,31.8,15.2,23.4,21.5,2021.04.1
446,67.6,71.9,72.4,60.6,57.9,65.8,57.3,50.1,62.6,63.1,67.2,56.2,73.5,76.6,62.2,69.2,68.4,75.0,52.6,68.6,65.9,65.2,2021.04.2
447,6.2,5.6,2.0,0.0,3.3,3.3,5.9,25.4,3.9,4.8,7.6,9.5,6.4,6.6,7.4,3.1,17.2,4.2,3.8,6.4,4.4,7.7,2021.04.3
448,0.0,0.0,0.0,0.0,2.1,1.8,0.0,0.0,0.0,0.0,0.0,1.4,0.0,1.3,2.9,1.6,0.0,0.0,0.0,0.0,0.3,1.0,2021.04.4
449,87.1,88.7,84.2,70.3,82.3,86.4,82.2,97.7,83.1,82.7,86.2,87.7,89.4,96.8,90.5,88.3,100.2,91.7,74.2,85.7,84.7,89.4,2021.04.5
450,7.6,3.2,13.4,29.0,10.5,6.9,5.7,6.2,6.5,8.6,8.9,4.2,7.8,1.3,4.9,3.7,4.5,1.4,17.0,8.0,7.9,5.1,2021.05
451,25.2,15.1,22.8,19.8,30.7,22.4,29.1,19.5,31.7,23.8,20.5,24.6,16.6,22.7,29.9,21.4,23.7,23.9,23.2,16.5,24.8,23.5,2021.05.1
452,58.0,77.4,61.6,45.4,53.6,62.0,60.4,58.0,60.6,63.8,62.6,60.3,64.5,65.4,60.5,64.2,66.7,69.0,59.9,70.9,63.2,63.1,2021.05.2
453,9.2,4.3,2.2,5.8,3.2,5.5,4.8,11.2,1.2,3.8,8.0,9.6,11.1,10.6,3.8,9.6,4.4,4.2,0.0,3.1,3.6,7.6,2021.05.3
454,0.0,0.0,0.0,0.0,2.0,3.2,0.0,5.1,0.0,0.0,0.0,1.4,0.0,0.0,0.9,1.0,0.7,1.4,0.0,1.5,0.6,0.7,2021.05.4
455,84.5,91.4,76.3,64.0,77.8,87.9,82.1,94.8,78.3,81.4,84.8,89.7,89.5,92.6,82.9,91.4,86.6,88.2,71.5,84.8,82.1,87.7,2021.05.5
456,5.8,2.2,16.2,22.4,7.0,8.8,3.4,0.0,4.3,2.7,6.5,9.4,6.5,2.4,11.3,7.4,2.3,2.9,18.2,4.7,6.1,6.5,2021.06
457,24.7,21.9,27.3,21.9,25.8,32.4,25.6,22.0,34.3,39.1,24.3,30.7,14.2,19.1,21.3,31.8,24.4,26.2,29.5,18.1,28.0,26.6,2021.06.1
458,66.7,70.5,52.7,52.2,58.7,51.9,65.4,72.6,58.6,56.9,64.3,46.8,68.2,73.7,65.7,56.8,67.3,69.5,50.0,70.4,60.5,60.7,2021.06.2
459,1.4,3.3,3.7,3.5,8.5,5.1,5.6,5.5,2.8,1.3,4.9,11.8,11.1,4.8,0.9,4.0,5.3,1.4,2.4,6.8,4.4,5.8,2021.06.3
460,1.4,2.1,0.0,0.0,0.0,1.8,0.0,0.0,0.0,0.0,0.0,1.3,0.0,0.0,0.9,0.0,0.8,0.0,0.0,0.0,1.0,0.4,2021.06.4
461,84.1,90.6,72.0,68.4,84.3,79.4,86.6,91.8,79.9,78.4,83.7,82.4,92.0,90.4,79.4,78.7,88.9,84.7,68.3,89.6,83.1,83.6,2021.06.5
462,7.2,3.3,13.8,19.3,4.6,12.4,3.5,1.0,6.9,6.4,7.9,7.8,9.6,0.0,8.9,2.7,4.6,3.9,17.9,9.1,6.6,5.7,2021.07
463,18.3,19.8,19.2,26.6,23.3,25.9,34.2,24.6,29.3,41.3,26.7,37.9,18.4,19.6,34.3,32.7,19.8,35.6,23.6,14.2,22.7,30.6,2021.07.1
464,70.0,73.5,67.0,54.1,62.8,53.3,57.7,65.9,59.8,46.0,62.2,45.1,69.8,74.3,54.1,62.0,65.6,57.9,58.5,70.4,65.2,58.4,2021.07.2
465,4.5,3.3,0.0,0.0,8.1,6.5,3.5,8.5,3.9,5.1,3.2,7.8,2.2,6.1,1.8,2.7,9.1,2.6,0.0,6.3,5.2,4.6,2021.07.3
466,0.0,0.0,0.0,0.0,1.2,1.8,1.2,0.0,0.0,1.3,0.0,1.5,0.0,0.0,0.9,0.0,0.8,0.0,0.0,0.0,0.4,0.6,2021.07.4
467,85.9,88.4,76.6,67.4,88.9,79.7,82.3,91.0,80.4,76.8,80.3,78.7,82.4,93.2,72.1,81.0,90.8,79.6,70.3,87.0,85.0,81.2,2021.07.5
468,4.9,2.3,22.0,17.7,2.4,9.1,5.5,1.0,2.8,4.7,10.8,10.5,7.9,2.3,8.1,10.0,3.6,4.0,18.3,4.7,5.0,7.9,2021.08
469,25.5,20.7,13.1,31.0,23.5,29.2,29.7,25.7,31.3,38.1,29.8,30.4,7.9,17.6,28.2,24.0,16.2,32.6,28.2,22.4,27.0,25.1,2021.08.1
470,62.4,71.3,61.8,47.7,61.2,53.2,60.4,64.4,60.5,53.4,57.8,52.5,82.0,68.1,60.9,65.0,70.9,57.9,52.1,69.8,61.9,62.7,2021.08.2
471,7.2,4.5,3.1,1.7,12.9,6.6,4.4,8.9,4.1,3.7,1.6,6.6,2.2,12.0,2.0,1.0,8.5,4.0,1.4,3.1,5.3,4.2,2021.08.3
472,0.0,1.2,0.0,2.0,0.0,1.9,0.0,0.0,1.2,0.0,0.0,0.0,0.0,0.0,0.9,0.0,0.8,1.4,0.0,0.0,0.8,0.2,2021.08.4
473,86.0,90.7,73.0,69.7,92.3,81.5,81.8,90.6,84.7,78.1,75.1,77.6,89.3,94.9,79.7,78.5,93.3,83.1,68.3,85.7,85.0,81.9,2021.08.5
474,7.3,4.2,26.9,16.5,6.9,9.4,2.3,1.0,4.6,2.5,8.7,7.6,6.2,0.0,9.2,4.7,5.6,0.0,14.5,2.9,6.9,5.6,2021.09
475,22.7,20.1,19.8,26.8,14.0,25.5,34.9,12.1,31.9,38.6,26.7,31.8,14.7,23.4,32.5,31.2,17.5,30.6,34.5,25.3,24.9,28.2,2021.09.1
476,60.8,74.6,51.9,50.5,66.6,58.5,60.5,77.9,56.4,53.9,61.5,52.8,71.9,70.0,50.6,61.4,68.6,64.1,49.5,67.1,60.0,60.5,2021.09.2
477,7.7,1.1,1.4,6.2,11.4,3.3,2.4,9.0,5.5,3.7,3.2,6.6,7.3,6.6,6.9,1.0,8.3,3.9,1.4,4.8,6.8,4.9,2021.09.3
478,1.4,0.0,0.0,0.0,1.2,3.3,0.0,0.0,1.6,1.3,0.0,1.2,0.0,0.0,0.9,1.7,0.0,1.4,0.0,0.0,1.3,0.8,2021.09.4
479,86.5,86.3,64.0,73.2,93.0,82.8,81.5,97.4,83.9,81.3,79.5,81.0,90.1,91.6,78.9,81.9,89.9,88.0,68.9,86.9,85.3,83.5,2021.09.5
480,7.4,4.6,15.8,12.7,8.9,5.4,3.6,1.0,7.4,7.3,11.8,2.5,7.2,1.3,6.5,8.0,5.6,1.3,10.4,3.0,6.5,6.0,2021.10
481,20.3,20.4,20.4,33.3,18.3,29.0,33.3,19.9,23.2,26.3,29.1,31.9,16.9,16.5,22.8,22.0,19.7,32.4,22.4,20.0,21.7,24.9,2021.10.1
482,63.5,70.6,59.5,46.0,61.6,53.9,58.3,62.2,63.7,62.8,55.7,53.4,69.7,75.6,67.8,65.6,67.4,61.9,67.2,77.0,64.3,62.9,2021.10.2
483,8.8,4.4,4.3,8.0,11.2,11.8,4.8,16.9,5.8,2.4,3.4,10.7,6.2,6.6,2.1,4.3,5.6,4.3,0.0,0.0,7.1,5.6,2021.10.3
484,0.0,0.0,0.0,0.0,0.0,0.0,0.0,0.0,0.0,1.2,0.0,1.5,0.0,0.0,0.9,0.0,1.5,0.0,0.0,0.0,0.4,0.6,2021.10.4
485,86.9,87.4,76.1,74.6,87.6,86.0,82.1,97.5,83.9,82.0,75.3,88.3,87.5,93.7,84.0,83.1,88.8,84.6,78.4,87.0,86.6,85.0,2021.10.5
486,4.9,4.5,15.2,16.1,5.7,3.6,7.2,1.0,10.3,4.9,20.4,4.0,5.9,3.9,6.3,3.1,10.4,6.8,8.9,7.8,7.3,6.7,2021.11
487,26.9,23.3,21.7,25.1,21.9,27.9,34.9,19.5,18.6,32.2,23.3,26.6,21.2,14.1,26.5,24.5,14.8,39.4,17.7,20.3,20.8,24.7,2021.11.1
488,65.4,72.2,60.4,52.6,63.2,59.5,51.0,64.7,63.7,52.3,49.8,60.1,68.1,74.4,63.6,65.6,69.6,51.2,67.3,70.4,64.8,61.8,2021.11.2
489,2.8,0.0,2.7,6.2,9.2,9.0,7.0,14.7,7.5,9.4,6.5,8.0,4.8,7.7,2.8,3.6,4.4,2.5,6.0,1.6,6.5,5.6,2021.11.3
490,0.0,0.0,0.0,0.0,0.0,0.0,0.0,0.0,0.0,1.2,0.0,1.3,0.0,0.0,0.9,3.2,0.8,0.0,0.0,0.0,0.6,1.1,2021.11.4
491,83.0,83.9,75.3,74.4,88.0,86.9,78.9,96.6,84.2,85.0,71.2,88.0,85.9,92.9,82.7,89.7,85.2,74.7,85.2,82.9,86.2,84.9,2021.11.5
492,8.5,4.5,7.9,13.3,5.5,5.5,2.3,1.9,10.4,9.5,17.1,6.7,5.4,2.6,11.4,3.7,4.3,2.9,9.2,6.4,7.6,6.7,2021.12
493,26.2,22.1,27.4,38.3,31.6,30.5,33.0,27.1,30.9,31.3,19.9,29.7,20.0,14.1,20.6,29.3,25.3,35.4,33.2,24.2,27.4,26.1,2021.12.1
494,59.2,70.2,60.4,46.3,53.9,58.5,63.6,61.6,54.6,53.2,61.5,55.7,69.9,77.0,62.2,64.8,61.1,59.3,52.8,67.9,60.1,62.2,2021.12.2
495,6.2,3.3,1.6,2.1,7.7,3.6,1.1,9.4,1.6,4.8,1.5,6.7,4.6,6.4,4.9,1.0,9.3,2.4,4.8,1.5,3.8,4.3,2021.12.3
496,0.0,0.0,2.7,0.0,1.2,1.8,0.0,0.0,2.5,1.2,0.0,1.3,0.0,0.0,0.9,1.0,0.0,0.0,0.0,0.0,1.2,0.6,2021.12.4
497,81.5,86.1,81.9,68.6,83.7,82.9,81.8,89.2,77.4,78.4,73.7,83.1,86.9,93.6,81.6,83.2,87.7,80.6,76.6,82.3,81.9,83.0,2021.12.5
498,6.7,4.4,12.5,9.6,4.7,5.7,7.0,1.9,12.1,8.4,10.4,6.3,5.6,1.2,4.7,1.1,4.3,5.3,12.9,1.6,8.8,5.0,2022.01
499,27.4,23.2,13.6,30.4,21.2,25.6,31.4,20.5,27.2,25.0,24.9,36.7,21.5,17.4,33.0,25.0,18.1,29.3,25.8,28.0,24.9,27.1,2022.01.1
500,60.2,71.3,68.5,58.1,65.2,61.7,59.3,68.8,56.0,58.1,63.2,47.2,68.0,79.0,61.4,67.6,70.9,64.0,54.0,65.4,60.7,62.5,2022.01.2
501,5.8,1.1,2.7,1.8,9.0,7.0,2.3,8.8,4.7,5.9,0.8,6.0,4.8,2.4,0.0,6.2,6.7,1.3,2.8,3.4,4.8,4.4,2022.01.3
502,0.0,0.0,2.7,0.0,0.0,0.0,0.0,0.0,0.0,2.5,0.8,3.9,0.0,0.0,0.9,0.0,0.0,0.0,4.4,1.6,0.8,1.0,2022.01.4
503,82.5,84.6,84.8,76.1,89.2,85.0,78.4,92.2,76.7,84.5,78.3,82.3,86.0,91.3,79.7,89.5,90.0,80.7,80.0,87.7,81.9,84.6,2022.01.5
504,7.7,5.5,11.0,13.3,1.1,5.5,6.3,3.7,4.3,5.3,12.3,5.1,4.7,2.6,7.9,4.0,2.4,1.4,7.1,3.3,5.4,5.4,2022.02
505,22.4,20.7,22.0,20.6,22.5,17.9,36.9,21.7,20.4,32.3,25.4,22.4,23.3,21.4,24.6,17.8,21.5,24.2,21.6,26.9,20.9,23.5,2022.02.1
506,62.6,72.7,64.0,60.2,68.5,67.4,54.4,60.4,74.1,56.0,59.0,64.8,67.0,69.8,62.8,73.6,68.5,70.3,68.5,67.9,68.2,65.5,2022.02.2
507,7.4,1.1,0.0,6.0,5.6,9.2,1.2,14.2,1.3,5.0,3.3,7.7,5.0,6.2,3.9,2.9,6.9,4.2,1.4,1.9,4.9,4.8,2022.02.3
508,0.0,0.0,2.9,0.0,2.2,0.0,1.2,0.0,0.0,1.3,0.0,0.0,0.0,0.0,0.9,1.7,0.8,0.0,1.4,0.0,0.6,0.7,2022.02.4
509,84.8,84.7,80.9,79.4,92.7,90.1,77.1,92.6,86.2,82.3,76.6,87.6,86.2,89.8,82.6,90.2,91.2,88.6,84.3,84.2,87.2,86.0,2022.02.5
510,6.8,3.3,5.2,9.6,4.3,6.9,6.1,10.8,4.0,7.6,12.2,3.9,2.2,2.3,4.1,2.8,5.7,1.2,4.3,3.1,5.0,4.8,2022.03
511,31.7,21.6,21.0,17.4,25.0,26.7,24.1,26.9,21.9,29.4,16.1,20.1,22.6,20.1,26.4,24.4,19.7,22.4,24.3,23.4,23.1,22.5,2022.03.1
512,58.8,74.0,73.8,71.2,58.5,59.0,68.6,53.2,72.8,57.0,64.5,67.2,64.0,71.7,65.1,68.8,69.4,72.7,69.9,71.7,68.0,66.7,2022.03.2
513,2.7,1.1,0.0,0.0,10.0,7.3,1.2,1.9,1.2,5.9,7.3,7.6,11.2,6.0,3.6,4.0,4.4,3.7,1.4,1.9,3.4,5.5,2022.03.3
514,0.0,0.0,0.0,1.8,2.2,0.0,0.0,7.1,0.0,0.0,0.0,1.2,0.0,0.0,0.8,0.0,0.8,0.0,0.0,0.0,0.5,0.5,2022.03.4
515,78.7,86.5,84.3,83.5,90.3,83.4,82.5,83.7,85.6,80.6,83.4,91.1,92.1,90.7,85.3,87.0,87.5,89.4,84.2,86.2,85.6,87.2,2022.03.5
516,8.7,5.6,6.1,7.6,5.6,3.5,6.1,10.8,10.4,7.6,15.8,5.1,3.4,3.6,6.4,2.7,6.4,4.4,8.7,1.5,6.6,5.9,2022.04
517,25.2,16.5,30.8,30.1,25.6,21.5,30.6,17.3,28.4,28.4,28.4,25.9,31.8,18.1,42.7,30.1,14.6,30.0,14.6,24.2,24.8,28.3,2022.04.1
518,58.3,74.7,57.9,60.5,62.1,69.7,60.8,70.1,60.0,59.1,51.9,62.8,60.4,72.1,48.1,62.3,71.3,61.8,73.9,74.3,63.9,60.9,2022.04.2
519,6.5,3.2,2.6,1.8,3.3,5.2,2.5,1.7,1.2,4.9,3.9,6.1,4.4,6.2,2.8,4.9,7.7,3.8,2.9,0.0,3.8,4.9,2022.04.3
520,1.3,0.0,2.6,0.0,3.3,0.0,0.0,0.0,0.0,0.0,0.0,0.0,0.0,0.0,0.0,0.0,0.0,0.0,0.0,0.0,0.9,0.0,2022.04.4
521,83.2,87.7,82.3,78.3,86.5,88.4,79.9,81.4,76.0,80.6,72.0,85.0,83.0,90.5,73.6,84.7,90.1,82.6,85.5,86.4,83.9,82.4,2022.04.5
522,10.7,6.9,8.5,4.0,2.2,1.8,6.5,17.3,10.1,13.1,12.9,5.1,4.4,2.5,11.4,4.0,3.6,9.8,8.5,1.6,6.9,6.7,2022.05
523,23.4,18.1,27.4,25.8,29.0,23.3,34.3,17.3,24.6,30.7,33.6,34.5,25.9,21.6,21.8,36.0,24.9,28.4,21.6,21.8,24.4,30.4,2022.05.1
524,57.4,71.6,61.5,68.2,58.8,67.7,59.2,50.7,63.0,52.4,51.0,58.0,61.7,71.2,66.7,55.8,63.6,59.2,68.5,72.0,61.6,59.1,2022.05.2
525,7.2,3.4,2.6,2.0,7.7,3.6,0.0,14.7,2.4,3.7,2.5,1.2,8.0,4.7,0.0,2.6,7.9,2.6,1.4,4.7,6.1,3.2,2022.05.3
526,1.4,0.0,0.0,0.0,2.2,3.6,0.0,0.0,0.0,0.0,0.0,1.2,0.0,0.0,0.0,1.6,0.0,0.0,0.0,0.0,0.9,0.6,2022.05.4
527,82.6,85.8,79.1,84.0,89.4,91.9,76.4,81.4,78.8,73.4,71.5,79.5,86.7,89.1,77.6,81.0,87.9,77.3,81.4,89.9,84.8,80.2,2022.05.5
528,4.5,5.5,15.8,11.5,8.7,5.2,1.2,3.4,13.3,12.4,9.0,7.7,4.3,4.7,6.6,4.3,3.7,2.9,11.6,3.7,9.0,5.8,2022.06
529,28.8,21.0,13.5,24.7,17.6,28.7,44.0,35.3,28.4,30.4,26.4,28.1,38.5,20.0,33.3,31.1,25.3,36.6,31.2,17.4,25.5,31.0,2022.06.1
530,60.1,71.3,66.4,59.8,61.6,59.1,54.8,37.4,58.3,54.7,59.7,56.9,51.5,69.4,57.0,59.9,61.2,57.5,52.8,75.8,61.4,57.9,2022.06.2
531,6.7,2.2,4.3,4.0,9.9,5.2,0.0,23.9,0.0,2.5,4.9,6.2,4.6,5.9,3.1,4.7,9.8,2.9,0.0,3.2,3.4,5.1,2022.06.3
532,0.0,0.0,0.0,0.0,2.2,1.7,0.0,0.0,0.0,0.0,0.0,1.2,1.0,0.0,0.0,0.0,0.0,0.0,4.4,0.0,0.7,0.3,2022.06.4
533,84.5,85.1,79.6,78.1,89.5,84.8,76.8,90.9,72.5,73.6,80.3,82.5,79.7,88.2,78.3,82.5,88.6,80.2,77.2,89.2,80.6,81.6,2022.06.5
534,12.4,7.7,10.3,7.8,3.5,5.1,4.8,10.6,12.1,5.9,12.1,5.4,3.8,2.4,8.9,6.3,3.8,3.1,9.3,1.5,9.1,6.1,2022.07
535,32.0,22.6,28.5,37.8,29.0,32.7,36.2,23.8,33.0,33.0,31.4,34.7,37.8,20.0,32.8,24.4,11.3,37.5,19.9,24.1,29.8,29.1,2022.07.1
536,54.3,66.4,53.7,50.5,55.8,58.8,54.1,43.3,52.0,50.5,48.6,53.4,54.8,70.6,52.9,64.5,76.7,59.4,65.4,74.5,56.7,58.6,2022.07.2
537,1.3,2.2,4.3,3.9,9.3,1.7,4.8,22.2,2.8,9.4,7.9,5.4,3.6,4.7,5.3,4.8,7.5,0.0,1.3,0.0,3.3,5.8,2022.07.3
538,0.0,1.1,3.1,0.0,2.3,1.7,0.0,0.0,0.0,1.2,0.0,1.2,0.0,2.4,0.0,0.0,0.7,0.0,4.1,0.0,1.1,0.5,2022.07.4
539,72.2,83.2,80.7,75.3,89.0,81.1,79.5,88.6,72.8,83.5,76.2,81.1,79.1,92.4,77.3,83.9,95.1,78.2,85.4,86.5,78.7,82.7,2022.07.5
540,7.8,4.5,10.1,5.8,2.4,5.0,2.5,9.7,4.4,4.6,8.5,3.8,4.7,2.5,8.0,1.0,4.7,0.0,7.1,4.3,5.7,4.1,2022.08
541,31.5,18.2,23.8,24.5,27.5,32.3,26.0,12.4,29.0,27.2,25.1,28.9,32.6,15.8,37.6,24.6,17.5,18.8,35.2,25.8,28.2,26.4,2022.08.1
542,59.5,76.2,63.0,69.6,60.6,59.6,68.9,61.9,58.8,62.2,58.7,62.7,51.6,74.4,51.4,71.6,73.1,78.7,51.8,70.0,60.5,64.4,2022.08.2
543,1.3,1.1,0.0,0.0,7.0,1.4,2.5,16.0,6.5,5.9,7.8,3.4,10.2,6.1,3.0,2.9,4.0,2.6,6.0,0.0,4.5,4.6,2022.08.3
544,0.0,0.0,3.1,0.0,2.4,1.7,0.0,0.0,1.2,0.0,0.0,1.1,1.0,1.2,0.0,0.0,0.8,0.0,0.0,0.0,1.1,0.4,2022.08.4
545,77.1,87.0,81.1,81.9,89.8,81.2,85.7,92.1,85.5,84.7,82.9,84.6,85.1,93.9,74.7,88.2,89.3,91.9,78.3,82.9,83.5,85.4,2022.08.5
546,4.4,6.7,10.5,6.3,0.0,3.3,2.4,8.0,1.6,4.7,4.7,1.1,3.1,1.2,3.5,2.8,0.8,0.0,8.3,1.4,3.2,2.6,2022.09
547,25.4,10.2,23.6,27.6,24.0,22.8,28.4,35.3,35.7,24.7,20.3,15.8,22.8,17.9,28.1,17.2,14.9,17.7,21.1,20.9,27.2,20.2,2022.09.1
548,65.8,80.8,64.4,64.3,66.9,67.2,66.9,55.1,55.5,65.8,64.4,71.1,62.5,73.7,64.2,80.0,71.9,78.4,67.8,77.7,63.8,70.4,2022.09.2
549,3.2,2.2,1.4,1.8,6.7,5.0,2.3,1.7,6.0,4.7,10.5,10.9,11.6,7.2,4.2,0.0,12.5,3.9,2.8,0.0,4.9,6.6,2022.09.3
550,1.3,0.0,0.0,0.0,2.4,1.7,0.0,0.0,1.1,0.0,0.0,1.1,0.0,0.0,0.0,0.0,0.0,0.0,0.0,0.0,1.0,0.2,2022.09.4
551,85.7,89.3,78.4,80.8,93.8,89.4,84.5,75.2,84.6,85.3,90.4,97.6,91.3,93.5,84.5,88.6,98.0,93.1,82.5,88.1,86.7,90.9,2022.09.5
552,6.9,4.6,11.6,4.8,2.4,5.2,2.4,1.7,2.8,5.7,17.0,4.3,2.9,3.6,4.4,1.0,0.0,2.6,8.1,3.1,4.8,4.1,2022.10
553,26.0,15.1,24.6,15.0,14.3,18.2,34.3,23.9,25.5,36.8,29.3,20.3,32.0,21.5,32.0,21.3,19.3,28.5,17.2,19.2,22.3,25.8,2022.10.1
554,60.8,75.7,59.4,72.2,70.2,73.1,60.8,59.3,66.2,55.3,52.3,68.0,50.1,62.9,59.5,77.7,72.6,67.6,69.7,74.6,65.2,65.0,2022.10.2
555,5.1,4.7,1.4,6.4,12.0,3.5,2.4,15.1,3.9,2.3,1.5,6.2,15.0,12.0,4.2,0.0,8.1,1.3,5.0,3.1,6.7,5.0,2022.10.3
556,1.3,0.0,2.9,1.6,1.1,0.0,0.0,0.0,1.6,0.0,0.0,1.2,0.0,0.0,0.0,0.0,0.0,0.0,0.0,0.0,1.1,0.2,2022.10.4
557,83.9,90.2,79.7,92.5,97.6,87.4,81.6,93.9,88.1,77.1,69.1,89.8,88.5,91.7,81.7,88.3,94.4,83.8,85.8,88.8,88.5,85.7,2022.10.5
558,7.0,2.3,10.4,3.9,1.1,3.3,4.8,8.9,4.9,9.3,13.6,5.2,7.3,4.8,6.4,3.3,3.1,0.0,11.1,7.0,4.4,5.7,2022.11
559,23.6,20.8,28.4,29.2,15.6,17.8,27.9,14.1,21.7,27.9,24.2,19.9,32.4,19.2,26.7,13.9,11.6,20.5,21.1,16.3,22.2,21.0,2022.11.1
560,63.6,74.6,56.7,60.4,71.5,70.5,62.4,69.0,68.5,58.2,59.0,66.2,60.3,66.2,63.9,80.9,82.1,74.4,65.1,75.2,66.8,69.0,2022.11.2
561,4.6,2.3,1.5,6.5,11.8,8.3,4.9,8.0,3.8,4.7,3.2,8.8,0.0,9.8,2.9,1.9,3.2,5.1,2.8,1.6,6.0,4.2,2022.11.3
562,1.3,0.0,2.9,0.0,0.0,0.0,0.0,0.0,1.1,0.0,0.0,0.0,0.0,0.0,0.0,0.0,0.0,0.0,0.0,0.0,0.6,0.0,2022.11.4
563,84.8,88.5,79.0,84.7,97.0,91.9,83.7,88.1,87.2,79.1,75.9,89.2,76.5,90.5,81.7,90.7,92.7,92.3,79.8,85.7,88.0,85.9,2022.11.5
564,4.6,6.9,10.4,8.0,1.1,3.4,2.4,7.9,2.7,11.4,16.3,3.4,7.1,3.7,1.7,2.1,0.8,0.0,8.5,4.0,4.2,4.5,2022.12
565,20.1,6.9,21.1,20.0,14.1,18.5,24.9,14.9,21.5,19.5,17.0,16.0,22.1,21.0,19.6,19.9,18.6,23.6,16.4,14.2,19.5,19.4,2022.12.1
566,67.6,82.7,64.1,64.6,75.4,69.9,71.5,59.6,73.0,63.2,56.9,70.0,61.1,69.1,72.8,72.8,69.8,69.4,72.3,76.2,70.2,68.5,2022.12.2
567,7.8,3.5,1.5,5.1,8.3,6.5,1.2,17.6,1.6,5.8,9.8,10.6,9.7,6.2,5.9,3.1,10.8,6.9,2.8,5.6,5.3,7.2,2022.12.3
568,0.0,0.0,2.9,2.3,1.1,1.7,0.0,0.0,1.1,0.0,0.0,0.0,0.0,0.0,0.0,2.1,0.0,0.0,0.0,0.0,0.9,0.4,2022.12.4
569,89.3,91.4,82.7,86.9,97.1,92.3,85.7,93.4,88.5,81.7,80.1,93.9,86.7,88.9,91.4,91.6,95.3,91.7,84.8,91.6,89.6,89.8,2022.12.5
570,3.1,7.9,14.1,8.2,2.3,1.7,1.3,10.6,4.0,8.1,13.4,1.6,2.2,2.4,1.8,2.9,0.8,0.0,5.5,5.6,4.1,3.4,2023.01
571,19.0,10.2,18.7,23.9,17.8,18.5,29.4,14.2,23.7,18.6,18.8,21.2,31.9,23.8,25.3,14.6,16.3,16.0,21.1,16.1,19.6,20.8,2023.01.1
572,73.5,79.6,64.2,61.5,65.6,70.2,64.2,58.5,63.9,64.0,64.5,66.5,59.0,65.4,61.2,78.6,76.0,82.5,69.2,78.3,68.3,68.6,2023.01.2
573,4.4,2.4,0.0,6.5,11.9,9.7,5.1,16.7,6.2,9.3,3.3,10.7,6.9,8.4,11.7,3.9,7.0,1.4,4.1,0.0,6.8,7.2,2023.01.3
574,0.0,0.0,3.1,0.0,2.3,0.0,0.0,0.0,2.3,0.0,0.0,0.0,0.0,0.0,0.0,0.0,0.0,0.0,0.0,0.0,1.1,0.0,2023.01.4
575,89.6,88.2,79.7,83.2,97.0,93.9,86.6,90.6,89.6,87.2,78.9,93.2,85.4,89.9,91.4,91.7,94.6,92.7,86.0,86.4,90.7,89.8,2023.01.5
