,Unnamed: 0,섬유제품;의복제외,의복의복악세서리및모피제품,가죽가방및신발,목재및나무제품;가구제외,펄프종이및종이제품,인쇄및기록매체복제업,화학물질및화학제품;의약품제외,의료용물질및의약품,고무제품및플라스틱제품,비금속광물제품,1차금속,금속가공제품;기계및가구제외,전자부품컴퓨터영상음향및통신장비,의료정밀광학기기및시계,전기장비,기타기계및장비,자동차및트레일러,기타운송장비,가구,기타제품,경공업,중화학공업,시기
0,0,0.0,1.6,0.0,2.7,0.0,0.0,1.0,0.0,4.1,5.0,1.9,0.0,0.7,1.7,4.3,1.3,0.0,0.0,2.1,1.2,0.0,0.0,2015.02
1,1,4.0,6.3,9.7,6.6,7.6,6.4,7.6,7.1,15.3,16.4,8.2,16.5,6.5,11.4,9.1,13.3,7.7,8.6,16.9,8.1,0.0,0.0,2015.02.1
2,2,71.0,59.7,60.7,71.5,65.1,71.2,73.0,92.4,62.6,57.3,70.8,70.0,76.0,77.7,73.2,71.1,78.0,74.3,69.3,83.5,0.0,0.0,2015.02.2
3,3,21.4,32.4,26.0,19.2,25.7,17.4,16.5,0.5,18.1,15.0,15.6,12.1,16.7,9.2,13.4,14.3,14.3,17.1,11.7,7.1,0.0,0.0,2015.02.3
4,4,3.6,0.0,3.6,0.0,1.5,5.0,1.9,0.0,0.0,6.3,3.5,1.5,0.0,0.0,0.0,0.0,0.0,0.0,0.0,0.0,0.0,0.0,2015.02.4
5,5,112.3,111.4,111.7,103.6,110.6,110.5,105.4,96.7,97.3,100.7,105.3,99.3,104.4,97.2,97.9,99.2,103.3,104.3,95.2,98.2,0.0,0.0,2015.02.5
6,6,0.0,2.5,0.0,0.0,1.4,0.7,0.9,0.0,2.7,2.0,1.0,0.0,2.1,1.7,1.3,2.2,0.0,0.0,3.9,2.2,1.3,1.1,2015.03
7,7,8.9,4.0,7.8,6.6,8.7,5.1,6.8,3.6,7.9,15.4,9.5,12.6,6.7,8.1,10.3,7.9,8.0,17.4,14.6,10.0,8.8,9.4,2015.03.1
8,8,58.7,66.7,69.5,73.3,71.1,70.8,77.2,95.9,70.9,63.0,67.2,72.7,75.3,78.4,73.0,73.9,79.5,69.8,69.8,80.6,71.3,73.7,2015.03.2
9,9,32.3,22.2,22.7,20.1,15.9,21.1,13.1,0.5,17.2,19.6,20.1,14.6,15.2,11.8,15.5,15.1,12.5,12.8,8.7,7.2,17.1,15.0,2015.03.3
10,10,0.0,4.4,0.0,0.0,2.9,2.3,1.9,0.0,1.4,0.0,2.1,0.0,0.7,0.0,0.0,0.8,0.0,0.0,3.0,0.0,1.5,0.7,2015.03.4
11,11,111.7,111.0,107.5,106.7,105.1,109.7,104.1,98.4,103.3,100.2,106.4,101.0,102.8,100.2,101.3,102.2,102.3,97.7,96.2,96.4,104.4,102.3,2015.03.5
12,12,0.0,2.6,0.0,0.0,3.0,2.5,1.9,0.5,1.3,2.1,0.0,0.0,3.9,0.0,1.3,2.2,1.4,1.3,6.0,4.5,1.3,1.4,2015.04
13,13,1.5,5.9,9.6,20.1,3.0,7.8,6.8,9.9,8.1,11.2,9.0,17.0,7.5,9.4,6.6,13.2,6.9,2.9,11.5,7.2,7.1,10.6,2015.04.1
14,14,66.7,67.6,66.7,59.0,68.4,65.8,71.5,84.9,74.1,66.2,66.6,70.6,70.4,72.2,81.1,72.7,77.1,84.0,71.5,72.8,71.4,72.4,2015.04.2
15,15,23.8,21.4,23.7,20.8,21.0,24.0,17.7,4.7,15.1,15.3,24.4,12.3,17.6,18.4,11.0,11.8,14.6,8.4,11.0,15.5,17.9,14.9,2015.04.3
16,16,8.0,2.5,0.0,0.0,4.6,0.0,2.1,0.0,1.3,5.3,0.0,0.0,0.7,0.0,0.0,0.0,0.0,3.4,0.0,0.0,2.3,0.6,2015.04.4
17,17,119.1,107.6,107.1,100.3,110.6,105.6,105.7,96.9,103.5,105.2,107.7,97.7,101.8,104.5,100.9,97.1,102.4,104.8,93.7,99.7,106.4,101.3,2015.04.5
18,18,2.5,0.9,0.0,0.0,1.5,0.0,2.1,0.0,0.0,0.0,1.1,0.0,0.7,1.6,2.6,2.3,1.4,0.0,4.1,0.0,1.1,1.3,2015.05
19,19,4.2,11.1,7.6,10.9,6.0,1.4,10.1,8.4,12.7,8.2,8.8,13.2,5.6,9.2,3.9,8.1,8.1,7.0,6.6,10.2,8.5,8.8,2015.05.1
20,20,63.1,66.0,70.2,64.6,74.4,64.3,66.7,86.9,73.7,66.2,63.3,74.6,79.7,75.1,76.4,79.7,68.7,82.5,77.6,71.5,71.9,73.5,2015.05.2
21,21,22.2,20.8,19.9,22.0,16.6,34.3,19.3,4.7,12.2,25.6,26.9,12.1,13.3,12.6,17.2,9.9,19.7,10.5,11.7,17.1,16.0,15.9,2015.05.3
22,22,7.9,1.2,2.2,2.6,1.5,0.0,1.9,0.0,1.4,0.0,0.0,0.0,0.7,1.5,0.0,0.0,2.0,0.0,0.0,1.3,2.5,0.5,2015.05.4
23,23,114.4,105.1,108.4,108.1,105.3,116.4,104.4,98.2,101.1,108.7,108.0,99.4,103.8,101.5,104.1,98.6,106.4,101.8,98.5,104.7,105.2,102.8,2015.05.5
24,24,0.0,1.3,0.0,2.5,0.0,0.0,1.0,0.0,1.4,2.9,0.0,0.0,2.5,0.0,0.0,1.1,0.0,0.0,3.9,0.0,1.1,0.7,2015.06
25,25,3.6,5.2,8.0,13.3,4.4,4.5,10.1,10.1,10.0,10.8,11.6,11.4,8.1,11.3,10.5,11.0,11.7,3.6,10.8,5.7,8.7,10.7,2015.06.1
26,26,62.3,63.5,73.2,65.9,79.7,76.3,69.2,86.7,67.2,60.2,67.2,77.3,74.1,76.1,78.3,75.0,69.6,85.3,76.5,79.1,72.3,73.2,2015.06.2
27,27,28.1,28.3,14.6,18.3,13.0,16.8,19.8,3.2,20.1,21.9,20.1,10.0,14.6,11.0,11.1,12.9,18.7,11.1,8.8,13.9,15.9,14.7,2015.06.3
28,28,6.0,1.8,4.2,0.0,3.0,2.5,0.0,0.0,1.4,4.2,1.1,1.3,0.8,1.5,0.0,0.0,0.0,0.0,0.0,1.2,2.1,0.7,2015.06.4
29,29,118.3,112.0,107.6,100.1,107.3,108.6,103.9,96.6,105.1,106.9,105.4,100.7,101.6,101.4,100.3,99.8,103.5,103.8,95.1,105.4,104.7,102.0,2015.06.5
30,30,0.0,2.8,1.9,5.2,4.3,0.0,1.0,0.0,0.0,2.8,0.0,1.3,0.8,1.7,0.0,1.2,1.5,0.0,1.9,2.2,0.9,1.0,2015.07
31,31,7.1,6.2,6.6,8.2,4.4,12.9,6.5,11.3,10.0,7.1,8.5,6.0,6.4,1.7,13.3,8.2,6.6,3.5,13.0,7.6,9.3,7.4,2015.07.1
32,32,56.7,56.2,70.6,64.7,68.2,63.9,69.0,83.6,62.4,59.8,60.0,72.8,67.4,84.6,68.5,81.8,76.4,80.6,70.0,73.2,66.7,72.3,2015.07.2
33,33,30.0,30.5,17.2,21.8,20.2,16.0,23.4,5.1,23.3,26.7,30.4,19.9,24.3,10.6,18.2,8.9,15.5,11.8,15.1,17.0,19.9,18.7,2015.07.3
34,34,6.3,4.4,3.8,0.0,2.9,7.3,0.0,0.0,4.3,3.6,1.1,0.0,1.2,1.5,0.0,0.0,0.0,4.1,0.0,0.0,3.2,0.5,2015.07.4
35,35,117.7,113.8,107.2,101.6,106.6,108.8,107.5,96.9,110.9,110.5,112.0,105.6,109.3,104.3,102.5,99.2,103.0,108.2,99.1,102.4,107.6,105.1,2015.07.5
36,36,0.0,1.0,2.4,0.0,1.5,0.0,1.0,0.0,1.4,0.7,0.0,1.1,0.8,1.7,0.0,1.2,1.4,0.0,2.0,0.0,0.7,0.9,2015.08
37,37,8.3,9.3,4.3,7.8,8.9,7.8,1.0,10.2,7.2,15.0,8.0,16.2,8.2,5.8,9.8,13.8,4.0,3.0,11.6,17.6,9.2,10.1,2015.08.1
38,38,55.5,56.0,56.3,64.4,68.8,63.0,72.1,82.3,67.1,65.2,69.3,64.5,67.4,68.9,66.2,71.9,77.0,85.1,62.5,65.8,66.0,69.8,2015.08.2
39,39,27.6,31.8,33.0,25.4,19.3,26.8,25.9,7.5,18.8,14.9,17.6,16.9,21.3,19.1,22.0,12.3,16.1,12.0,21.9,16.7,21.0,17.4,2015.08.3
40,40,8.5,1.9,4.0,2.4,1.5,2.5,0.0,0.0,5.5,4.2,5.1,1.3,2.4,4.5,2.0,0.9,1.4,0.0,2.0,0.0,3.1,1.9,2015.08.4
41,41,118.2,112.1,116.0,111.2,105.2,112.0,111.4,98.6,109.9,103.4,109.9,100.6,108.2,109.4,108.0,98.9,106.0,104.5,105.1,99.5,108.4,104.7,2015.08.5
42,42,0.0,2.8,2.4,0.0,1.4,0.0,0.0,0.0,1.4,0.7,0.0,0.0,0.0,1.7,1.3,2.0,2.8,0.0,4.0,0.0,0.9,0.9,2015.09
43,43,3.1,8.5,11.4,5.4,10.1,12.9,3.0,6.0,8.6,19.0,8.0,4.9,5.2,3.2,7.6,7.0,4.7,13.1,6.7,15.7,8.3,6.6,2015.09.1
44,44,71.0,56.6,62.5,63.5,62.4,64.6,74.5,90.5,65.9,59.4,72.7,76.1,69.9,80.9,69.8,82.9,74.4,72.1,81.7,65.6,70.7,75.0,2015.09.2
45,45,20.5,28.9,21.7,28.6,26.1,16.4,21.5,3.5,21.4,17.4,17.8,19.1,21.1,12.5,18.2,5.7,18.0,12.8,5.5,18.8,18.0,15.9,2015.09.3
46,46,5.5,3.2,2.0,2.4,0.0,6.2,1.0,0.0,2.8,3.5,1.5,0.0,3.8,1.7,3.1,2.3,0.0,1.9,2.0,0.0,2.1,1.6,2015.09.4
47,47,114.1,110.6,104.8,114.0,106.5,107.9,110.2,98.8,107.8,102.0,106.4,107.1,111.7,104.6,107.2,99.6,103.8,101.8,97.4,101.5,106.1,105.4,2015.09.5
48,48,0.0,3.2,2.4,2.5,1.4,0.0,0.0,0.0,2.9,2.0,0.0,1.4,2.3,0.0,0.0,0.0,1.4,2.9,3.4,0.0,1.3,0.8,2015.10
49,49,2.6,6.5,9.5,8.1,9.9,0.0,6.0,13.2,11.7,20.4,4.3,8.5,8.4,4.5,5.2,9.1,8.5,11.0,6.4,0.5,8.6,8.3,2015.10.1
50,50,72.6,63.8,63.5,62.9,65.8,76.9,66.5,75.1,66.2,54.2,73.7,77.6,69.6,71.4,74.3,78.2,71.7,80.6,71.7,72.2,71.5,73.0,2015.10.2
51,51,23.9,25.1,22.6,26.5,21.4,23.1,24.8,11.7,17.8,20.9,20.2,12.5,17.3,20.8,20.5,11.5,18.4,1.5,18.5,24.8,17.7,16.6,2015.10.3
52,52,0.9,1.3,2.0,0.0,1.5,0.0,2.7,0.0,1.4,2.5,1.8,0.0,2.3,3.3,0.0,1.2,0.0,4.0,0.0,2.5,0.8,1.2,2015.10.4
53,53,111.6,107.4,106.2,106.7,105.8,111.6,112.1,99.3,101.6,100.8,109.7,100.6,104.4,111.5,107.6,102.3,103.6,96.3,102.6,114.7,104.0,104.6,2015.10.5
54,54,0.0,2.8,1.8,0.0,1.4,0.0,0.0,0.0,1.4,0.0,0.0,1.4,0.0,1.8,0.0,1.1,1.5,0.0,5.6,0.0,1.0,0.7,2015.11
55,55,5.7,7.5,2.2,14.3,8.4,2.4,7.8,2.1,15.8,18.2,3.9,7.4,8.2,4.3,6.5,10.0,7.1,2.7,10.6,7.5,10.7,7.9,2015.11.1
56,56,66.5,60.3,70.5,65.8,63.4,73.5,74.1,86.1,61.9,58.4,68.9,76.2,70.0,77.9,80.1,77.1,67.7,80.1,69.9,69.2,68.7,73.5,2015.11.2
57,57,24.1,28.2,17.3,19.9,24.0,19.3,16.9,11.8,18.2,23.4,23.7,12.8,20.7,11.0,13.4,9.6,23.8,15.1,11.8,20.8,17.3,16.3,2015.11.3
58,58,3.7,1.3,8.2,0.0,2.8,4.8,1.2,0.0,2.8,0.0,3.5,2.1,1.1,5.0,0.0,2.3,0.0,2.0,2.1,2.5,2.4,1.6,2015.11.4
59,59,112.9,108.9,113.9,102.8,109.2,113.3,105.7,104.9,102.6,102.6,113.4,103.4,107.3,106.5,103.5,100.9,106.9,108.3,97.1,109.1,104.7,105.1,2015.11.5
60,60,0.0,2.8,1.9,2.6,3.0,1.4,1.0,0.0,0.0,6.5,0.0,1.4,0.0,1.8,1.3,2.4,0.0,2.9,3.5,0.0,0.8,1.4,2015.12
61,61,8.8,7.9,6.8,10.4,6.0,6.4,3.2,9.9,11.4,11.2,8.6,13.5,5.7,5.0,7.9,6.9,7.4,8.2,9.4,6.3,8.4,8.2,2015.12.1
62,62,62.2,59.7,59.4,66.7,64.3,78.4,83.1,80.6,66.0,59.3,64.7,69.9,67.4,78.9,69.8,71.3,80.4,77.7,67.6,63.5,69.8,71.7,2015.12.2
63,63,25.2,23.4,22.7,17.6,20.8,8.8,8.7,9.5,21.2,23.0,23.8,13.3,26.2,10.9,18.3,18.3,11.0,9.3,19.5,27.7,18.3,16.8,2015.12.3
64,64,3.8,6.2,9.2,2.6,5.9,4.9,4.0,0.0,1.4,0.0,2.9,2.0,0.7,3.3,2.6,1.2,1.2,2.0,0.0,2.6,2.7,1.8,2015.12.4
65,65,112.0,111.2,115.2,103.6,110.3,104.7,105.7,99.8,106.3,99.4,110.5,100.6,111.0,104.5,106.5,104.5,103.0,99.6,101.6,113.2,106.8,104.8,2015.12.5
66,66,0.0,1.9,0.0,2.6,5.8,1.4,1.0,0.0,0.0,0.0,0.0,2.6,0.0,1.6,2.7,1.1,1.2,2.8,4.0,0.0,0.9,1.2,2016.01
67,67,4.4,8.2,4.2,16.9,4.4,9.7,4.4,16.3,9.7,7.9,7.1,5.7,6.5,3.5,7.9,9.5,7.1,5.9,12.1,5.8,8.7,7.1,2016.01.1
68,68,63.3,64.7,66.7,55.9,66.4,73.8,72.8,69.4,62.9,59.3,70.0,76.7,66.3,76.7,72.3,76.9,72.1,70.6,68.7,66.7,67.7,72.5,2016.01.2
69,69,27.7,21.9,26.8,24.6,21.9,12.7,18.4,14.3,24.8,31.4,21.8,14.4,27.2,14.9,15.8,11.4,16.8,18.8,15.1,27.5,20.5,17.7,2016.01.3
70,70,4.6,3.3,2.3,0.0,1.5,2.4,3.4,0.0,2.7,1.5,1.1,0.7,0.0,3.3,1.3,1.2,2.8,1.9,0.0,0.0,2.2,1.4,2016.01.4
71,71,116.3,108.2,113.6,101.3,104.5,102.5,109.4,99.0,110.2,113.2,108.4,102.5,110.4,107.4,102.6,101.1,106.4,105.5,97.4,110.8,107.2,105.5,2016.01.5
72,72,0.0,1.8,0.0,2.7,4.3,1.4,0.0,0.0,1.4,2.1,0.0,1.2,0.0,5.2,0.0,1.1,0.0,0.0,2.0,2.5,1.1,0.7,2016.02
73,73,2.6,6.1,2.2,12.0,1.5,4.9,7.3,10.0,8.3,9.1,9.1,2.9,7.2,3.2,6.9,6.0,10.6,7.8,13.0,11.5,7.1,6.8,2016.02.1
74,74,55.4,63.3,75.7,52.1,66.2,70.7,64.5,83.7,64.6,66.2,64.8,78.5,72.2,75.7,76.9,79.3,72.2,74.8,70.2,61.9,67.8,73.5,2016.02.2
75,75,36.1,27.6,15.8,33.3,24.9,20.6,24.7,5.3,20.0,22.6,26.1,16.6,20.6,14.3,16.2,11.2,16.1,15.3,14.7,24.1,20.4,17.8,2016.02.3
76,76,5.9,1.3,6.3,0.0,3.0,2.5,3.4,1.1,5.7,0.0,0.0,0.7,0.0,1.6,0.0,2.4,1.1,2.1,0.0,0.0,3.5,1.2,2016.02.4
77,77,122.6,110.2,113.1,108.0,110.4,108.9,112.1,98.7,110.1,104.6,108.5,106.3,106.7,101.9,104.7,103.9,103.9,105.8,98.8,103.8,109.0,105.9,2016.02.5
78,78,0.0,2.7,0.0,1.3,4.4,0.0,0.0,0.0,1.5,0.0,1.8,0.0,0.0,3.5,1.3,2.3,2.3,0.0,4.1,4.9,1.3,1.1,2016.03
79,79,6.1,3.5,2.2,10.8,4.5,2.4,3.3,9.1,3.1,11.2,8.1,6.8,6.1,3.4,10.6,4.9,4.7,7.9,13.9,10.7,6.0,6.4,2016.03.1
80,80,64.9,69.6,81.4,65.8,67.1,87.8,77.4,75.5,80.7,64.8,68.6,86.2,75.5,79.4,76.1,78.0,77.3,76.3,67.7,67.0,71.8,77.2,2016.03.2
81,81,25.3,24.2,14.1,22.2,21.0,7.5,15.9,15.5,11.7,21.8,20.4,7.0,17.7,10.4,11.9,12.3,15.8,15.9,12.8,17.4,19.3,14.1,2016.03.3
82,82,3.7,0.0,2.2,0.0,3.0,2.4,3.3,0.0,3.1,2.2,1.1,0.0,0.7,3.3,0.0,2.5,0.0,0.0,1.5,0.0,1.7,1.2,2016.03.4
83,83,113.3,107.7,108.2,104.4,107.0,104.9,109.6,103.2,105.9,107.5,105.4,100.1,106.5,103.3,99.3,103.8,103.3,104.0,96.9,98.4,107.0,103.9,2016.03.5
84,84,0.0,0.0,1.3,0.0,1.3,0.0,0.0,0.0,0.0,1.4,0.0,0.0,0.0,1.2,0.0,1.9,3.4,1.3,3.1,3.3,0.5,0.8,2016.04
85,85,14.3,4.9,2.4,19.3,2.7,0.0,10.1,6.1,8.3,10.5,7.9,6.3,10.1,3.9,2.4,6.4,4.8,8.1,12.4,13.6,8.9,7.2,2016.04.1
86,86,70.6,74.8,76.3,65.6,61.0,81.4,81.3,92.8,82.5,65.4,59.8,79.4,69.4,78.8,87.2,74.6,77.2,69.0,67.5,72.7,75.2,75.1,2016.04.2
87,87,11.6,18.2,20.0,15.0,33.4,17.0,7.4,1.2,8.1,19.9,30.1,13.5,19.1,14.5,10.4,17.0,11.2,19.0,15.7,8.8,14.3,15.5,2016.04.3
88,88,3.4,2.1,0.0,0.0,1.7,1.6,1.2,0.0,1.1,2.8,2.1,0.9,1.3,1.6,0.0,0.0,3.4,2.6,1.3,1.6,1.1,1.3,2016.04.4
89,89,102.1,108.8,107.5,97.9,115.8,110.1,99.8,97.5,101.0,106.1,113.3,104.4,105.8,105.8,104.0,103.4,103.2,106.7,99.8,96.0,103.4,104.7,2016.04.5
90,90,0.0,0.0,0.0,1.7,1.6,0.0,0.0,0.0,0.8,1.4,1.4,0.0,0.4,1.1,0.0,2.8,0.0,0.0,1.1,1.6,0.5,0.8,2016.05
91,91,5.2,10.9,4.6,9.5,3.4,6.0,1.8,15.6,4.7,12.2,7.7,6.7,9.4,5.9,4.3,5.6,7.9,19.0,14.5,12.2,7.2,6.9,2016.05.1
92,92,75.7,70.5,78.1,55.9,70.3,82.2,83.2,80.9,83.2,63.1,63.0,80.5,70.7,78.4,87.0,76.9,78.8,68.4,70.6,76.6,77.3,76.2,2016.05.2
93,93,13.5,16.5,17.2,28.1,22.6,10.3,15.0,3.5,10.2,18.5,27.9,11.6,18.3,9.2,8.7,13.9,8.6,12.7,12.6,9.6,13.5,14.9,2016.05.3
94,94,5.6,2.1,0.0,4.8,2.2,1.5,0.0,0.0,1.1,4.8,0.0,1.2,1.1,5.4,0.0,0.9,4.6,0.0,1.2,0.0,1.5,1.3,2016.05.4
95,95,109.8,104.8,106.3,112.4,110.2,103.7,106.6,94.0,103.1,106.5,108.7,103.7,105.2,106.0,102.2,102.3,104.9,96.8,99.1,97.1,104.2,104.6,2016.05.5
96,96,0.0,2.5,0.0,1.6,0.0,0.0,0.0,1.3,1.8,0.0,1.4,0.0,0.4,0.0,0.0,0.0,1.1,0.0,1.1,1.5,0.8,0.4,2016.06
97,97,6.4,3.0,2.5,8.3,4.1,4.3,1.7,13.9,4.1,9.2,4.2,4.9,4.8,8.9,5.3,7.0,8.8,19.7,4.6,11.2,6.0,6.0,2016.06.1
98,98,71.7,72.2,66.1,68.0,65.7,84.5,75.7,81.9,78.9,65.3,66.9,81.2,76.0,84.5,81.0,79.5,70.2,68.4,77.6,72.6,75.2,75.5,2016.06.2
99,99,17.8,19.2,23.1,22.1,27.2,9.7,21.3,2.9,15.2,19.9,24.6,10.9,16.8,4.3,13.7,12.5,19.9,11.9,15.5,14.7,16.0,16.5,2016.06.3
100,100,4.1,3.1,8.3,0.0,3.0,1.4,1.2,0.0,0.0,5.6,2.8,3.0,2.0,2.2,0.0,0.9,0.0,0.0,1.1,0.0,2.0,1.7,2016.06.4
101,101,109.8,108.7,118.5,105.3,114.6,104.1,111.1,93.2,103.7,110.9,111.6,106.0,107.6,99.9,104.2,103.6,104.4,96.1,105.4,100.2,106.2,106.5,2016.06.5
102,102,0.0,1.7,1.4,0.0,1.1,0.0,0.0,1.3,0.0,0.0,0.0,0.0,0.0,1.6,0.0,0.9,1.1,3.8,2.1,1.5,0.4,0.4,2016.07
103,103,11.4,13.0,5.2,9.3,0.9,1.6,5.1,12.9,6.5,6.7,3.2,10.9,5.0,9.9,11.0,4.5,6.9,14.0,4.5,8.4,7.4,6.8,2016.07.1
104,104,68.2,67.8,69.9,65.1,85.4,86.0,62.4,79.7,70.5,72.3,76.9,72.6,76.5,81.1,75.0,76.5,75.0,71.8,73.4,80.7,72.1,73.4,2016.07.2
105,105,14.7,15.4,16.5,19.1,10.5,10.8,31.5,6.0,22.2,16.0,18.8,15.6,18.1,4.9,14.0,17.3,14.8,10.4,17.6,9.4,17.9,18.2,2016.07.3
106,106,5.8,2.1,7.0,6.5,2.1,1.6,1.0,0.0,0.8,5.1,1.2,0.9,0.4,2.4,0.0,0.9,2.2,0.0,2.4,0.0,2.2,1.2,2016.07.4
107,107,107.4,101.6,111.2,111.4,105.7,106.2,114.2,95.2,108.7,109.7,109.0,103.3,107.0,98.4,101.5,106.4,105.0,94.4,106.8,99.0,107.0,106.4,2016.07.5
108,108,0.0,1.7,1.4,0.0,2.0,0.0,0.0,0.0,0.9,2.4,0.0,0.0,0.0,1.6,1.3,0.8,1.9,3.8,1.0,3.3,1.0,0.7,2016.08
109,109,9.8,8.2,2.8,8.7,17.2,5.6,3.7,4.8,5.4,11.8,2.1,5.6,5.6,3.6,8.9,5.0,7.3,13.5,7.5,11.7,8.3,5.7,2016.08.1
110,110,69.5,74.6,72.2,71.7,66.4,80.1,67.6,93.2,69.2,65.9,70.9,72.3,79.6,85.8,74.0,76.7,68.7,68.0,82.6,72.4,71.4,73.2,2016.08.2
111,111,17.6,10.5,23.6,17.8,11.5,8.4,27.7,2.1,23.7,13.9,25.8,21.2,12.8,8.9,15.8,16.7,17.7,13.3,8.9,11.1,17.9,18.9,2016.08.3
112,112,3.1,5.1,0.0,1.7,2.9,5.9,1.1,0.0,0.9,6.0,1.2,0.9,2.0,0.0,0.0,0.8,4.3,1.4,0.0,1.5,1.5,1.6,2016.08.4
113,113,106.9,104.6,109.0,106.3,98.0,107.3,113.1,98.6,109.2,104.6,113.0,108.7,105.6,101.0,102.2,105.8,107.6,97.6,99.6,97.9,105.3,107.5,2016.08.5
114,114,0.0,0.0,1.4,0.0,1.5,0.0,0.0,0.0,0.0,0.0,0.0,1.0,0.0,0.0,0.7,0.9,0.0,3.8,0.0,3.5,0.3,0.4,2016.09
115,115,5.2,5.2,2.7,8.7,12.6,4.4,3.7,0.3,2.5,13.2,4.4,7.8,5.7,11.3,3.8,1.6,7.2,7.8,12.7,5.8,8.0,5.3,2016.09.1
116,116,75.3,79.9,71.8,79.3,66.3,84.1,67.2,96.5,80.3,67.5,74.7,72.3,79.3,82.5,85.1,79.8,73.4,70.0,76.9,80.8,75.4,75.6,2016.09.2
117,117,16.0,13.9,17.2,10.3,16.7,10.1,25.9,3.2,16.3,14.3,18.8,17.9,13.0,6.2,9.8,16.0,15.7,18.4,9.4,8.3,15.0,16.6,2016.09.3
118,118,3.4,1.0,6.9,1.7,2.8,1.4,3.2,0.0,0.9,5.1,2.2,1.0,1.9,0.0,0.7,1.7,3.6,0.0,1.1,1.5,1.3,2.1,2016.09.4
119,119,108.8,105.4,112.7,102.5,103.3,104.2,114.3,101.4,107.8,105.6,109.4,105.0,105.5,97.4,103.0,108.0,107.9,101.5,99.4,99.2,104.6,107.3,2016.09.5
120,120,0.0,0.0,1.4,0.0,0.0,0.0,0.4,0.0,0.0,0.0,0.0,2.0,0.0,0.0,0.0,0.9,0.0,3.8,1.1,1.7,0.1,0.5,2016.10
121,121,7.7,3.9,2.4,11.9,5.2,1.5,2.7,9.0,3.0,7.6,3.2,6.1,4.6,7.4,8.4,1.7,10.4,9.4,9.4,8.5,6.8,5.3,2016.10.1
122,122,76.5,76.4,64.2,76.5,76.9,94.0,81.0,88.4,73.4,73.5,77.0,73.1,77.8,81.1,83.6,82.3,76.5,66.5,71.9,83.3,77.4,78.5,2016.10.2
123,123,13.0,18.7,24.3,9.9,16.7,3.0,15.9,2.6,21.7,15.3,18.9,17.8,15.7,9.3,8.0,14.2,13.1,20.3,16.6,6.5,14.1,14.8,2016.10.3
124,124,2.8,1.1,7.7,1.7,1.2,1.5,0.0,0.0,1.9,3.6,0.8,1.0,1.9,2.2,0.0,0.8,0.0,0.0,1.1,0.0,1.6,0.8,2016.10.4
125,125,105.5,108.5,117.2,100.7,106.9,102.3,106.2,96.8,111.3,107.4,108.7,104.8,107.4,103.2,99.8,106.2,101.4,101.7,103.6,97.3,105.1,105.1,2016.10.5
126,126,0.0,1.8,0.0,0.0,1.4,0.0,3.4,1.1,0.0,1.7,0.0,0.0,1.0,3.2,1.2,1.2,0.0,5.3,0.0,0.0,0.3,1.1,2016.11
127,127,8.5,8.8,6.1,10.0,9.6,7.3,5.3,9.1,7.5,11.5,4.2,9.0,8.1,4.6,9.3,5.3,11.8,13.2,8.4,13.0,9.0,7.8,2016.11.1
128,128,66.1,74.7,79.2,76.2,67.7,83.7,72.3,86.4,66.0,65.6,77.8,77.3,70.8,81.4,83.9,78.4,68.9,64.2,76.2,77.8,72.0,75.7,2016.11.2
129,129,23.6,13.0,14.7,11.4,19.9,5.4,19.0,3.4,25.2,14.7,16.6,13.7,18.0,9.3,5.6,12.6,18.3,15.9,15.4,9.3,17.3,14.1,2016.11.3
130,130,1.7,1.8,0.0,2.3,1.4,3.6,0.0,0.0,1.3,6.4,1.4,0.0,2.0,1.5,0.0,2.4,1.0,1.3,0.0,0.0,1.4,1.4,2016.11.4
131,131,109.3,102.1,104.3,103.0,105.1,102.7,103.5,96.0,110.1,106.3,107.6,102.3,105.9,100.6,96.9,104.9,104.3,97.4,103.5,98.1,105.2,103.5,2016.11.5
132,132,0.0,0.0,5.6,0.0,1.4,0.0,0.0,0.0,0.0,1.7,0.0,0.0,1.0,0.0,0.0,1.2,1.0,3.5,1.6,1.8,0.5,0.6,2016.12
133,133,11.4,7.1,4.9,10.9,6.9,5.3,3.1,5.3,2.4,22.9,7.7,10.0,10.8,3.1,6.4,6.2,16.9,8.4,6.4,0.0,6.6,9.3,2016.12.1
134,134,64.5,76.8,69.7,76.0,75.8,88.0,73.9,88.4,66.3,54.6,73.8,73.3,68.7,84.3,80.4,76.9,67.1,73.5,77.7,85.9,73.2,73.3,2016.12.2
135,135,19.3,14.8,18.3,13.1,11.8,4.9,15.4,4.2,26.5,15.7,18.5,15.7,15.7,11.0,11.9,13.4,15.0,14.6,14.4,12.3,16.9,14.7,2016.12.3
136,136,4.8,1.3,1.6,0.0,4.2,1.8,7.7,2.1,4.8,5.1,0.0,0.9,3.8,1.6,1.2,2.4,0.0,0.0,0.0,0.0,2.9,2.0,2016.12.4
137,137,108.8,105.2,102.6,101.1,105.2,101.5,113.8,101.6,116.9,99.8,105.4,103.8,105.2,105.5,104.0,104.8,98.0,99.6,102.4,104.4,107.6,104.1,2016.12.5
138,138,1.4,1.8,3.2,2.3,1.5,0.0,0.0,0.0,0.0,0.0,1.4,0.8,0.0,1.5,1.2,1.2,0.0,4.0,3.3,1.8,1.3,0.8,2017.01
139,139,8.1,7.1,0.0,10.9,7.6,0.0,7.7,13.8,6.0,16.7,5.6,8.6,5.0,6.1,9.1,4.9,11.6,14.4,9.7,5.1,6.9,8.0,2017.01.1
140,140,52.5,70.6,80.4,63.4,69.0,94.8,69.3,80.9,60.9,56.5,70.9,73.6,82.8,78.7,76.2,84.2,79.6,62.7,72.5,85.8,68.8,76.2,2017.01.2
141,141,34.8,19.1,14.8,23.4,19.0,3.3,21.5,5.3,30.6,23.8,19.0,15.4,10.2,12.1,13.5,7.4,6.9,17.0,13.0,5.4,21.0,13.1,2017.01.3
142,142,3.1,1.3,1.6,0.0,2.9,1.9,1.5,0.0,2.5,3.0,3.2,1.6,2.0,1.5,0.0,2.4,1.9,2.0,1.6,1.8,2.0,1.9,2017.01.4
143,143,115.0,105.6,105.8,104.0,107.2,103.6,108.4,95.7,114.8,106.6,108.5,104.2,104.6,102.9,101.0,102.4,99.5,99.3,100.0,100.1,107.9,103.7,2017.01.5
144,144,1.4,0.0,1.6,2.2,1.5,0.0,0.0,0.0,2.6,0.0,0.0,0.8,1.0,0.0,0.0,0.0,2.0,3.3,1.6,0.0,1.3,0.5,2017.02
145,145,8.0,6.4,4.0,7.9,5.0,7.3,10.6,18.9,3.0,19.1,5.9,5.7,4.1,4.8,8.8,7.5,7.1,17.2,7.9,8.8,6.2,7.8,2017.02.1
146,146,61.0,77.9,72.0,66.5,69.8,85.9,63.6,67.7,68.9,56.1,75.3,79.3,81.6,87.4,83.6,78.6,76.7,64.2,77.8,80.9,70.7,76.7,2017.02.2
147,147,23.3,14.4,22.4,21.2,20.3,6.8,19.6,11.2,21.5,21.5,15.6,12.9,11.3,6.2,6.4,11.4,14.2,15.2,7.9,8.5,18.6,12.9,2017.02.3
148,148,6.3,1.3,0.0,2.2,3.5,0.0,6.1,2.1,4.0,3.3,3.2,1.4,2.0,1.6,1.2,2.5,0.0,0.0,4.8,1.8,3.3,2.1,2017.02.4
149,149,112.6,105.4,107.6,106.7,109.6,99.8,110.6,98.3,110.6,104.5,108.1,104.2,104.5,102.3,100.0,104.4,101.6,95.7,103.1,101.6,108.2,104.1,2017.02.5
150,150,0.0,0.0,3.3,0.0,3.4,0.0,0.0,0.0,2.5,0.0,0.0,0.0,1.1,1.5,0.0,0.0,2.0,3.3,1.6,1.8,1.3,0.5,2017.03
151,151,9.8,10.8,0.0,18.5,6.3,6.6,6.0,13.3,5.4,12.6,8.4,4.9,14.7,6.4,6.6,0.0,6.1,17.5,11.3,10.3,8.0,6.5,2017.03.1
152,152,60.1,78.8,81.3,66.8,67.3,89.8,76.1,76.3,67.4,68.8,78.5,79.2,75.3,87.4,84.3,87.1,78.6,71.1,77.7,76.6,72.0,80.2,2017.03.2
153,153,26.7,9.0,13.8,14.7,19.5,3.5,13.4,8.2,23.5,14.6,13.1,15.8,7.0,4.6,9.0,11.6,13.3,6.7,7.9,9.6,16.8,11.8,2017.03.3
154,154,3.3,1.4,1.6,0.0,3.4,0.0,4.5,2.1,1.2,4.0,0.0,0.0,1.9,0.0,0.0,1.3,0.0,1.3,1.5,1.8,1.9,1.0,2017.03.4
155,155,111.8,100.5,105.2,98.1,106.6,98.5,108.2,99.6,107.8,105.0,102.4,105.5,97.0,97.6,101.2,107.1,101.5,92.5,98.1,99.7,105.0,103.2,2017.03.5
156,156,0.0,0.0,4.0,0.0,1.4,0.0,0.0,0.0,0.0,1.6,0.0,1.4,1.9,0.0,1.2,0.0,0.0,3.2,1.6,1.8,0.4,0.7,2017.04
157,157,5.0,5.7,6.3,4.0,8.2,10.3,5.9,17.2,10.0,17.2,7.3,7.4,9.8,3.1,13.2,2.5,4.0,11.7,9.8,8.0,7.5,7.3,2017.04.1
158,158,61.3,81.5,75.0,80.9,74.0,84.8,72.3,74.7,68.6,63.2,71.7,74.4,71.6,90.6,73.7,82.5,82.9,71.6,80.5,85.7,74.5,76.2,2017.04.2
159,159,28.9,11.4,11.4,13.0,14.4,4.9,20.3,8.1,19.0,15.2,21.0,15.4,14.8,6.2,10.7,13.7,13.1,13.5,6.5,4.5,15.4,14.7,2017.04.3
160,160,4.8,1.3,3.3,2.2,1.9,0.0,1.5,0.0,2.4,2.9,0.0,1.4,1.9,0.0,1.2,1.2,0.0,0.0,1.6,0.0,2.1,1.1,2017.04.4
161,161,116.8,104.2,101.9,106.6,103.6,97.3,108.7,95.5,106.9,100.2,106.9,104.0,102.5,101.5,98.8,106.9,104.5,97.7,98.2,96.5,105.7,104.0,2017.04.5
162,162,1.7,0.0,3.2,0.0,1.4,3.6,0.0,0.0,1.2,0.0,0.0,0.0,0.0,1.5,0.0,0.0,0.0,0.0,3.2,0.0,1.1,0.1,2017.05
163,163,7.6,7.4,7.1,8.6,5.1,3.6,6.0,23.4,6.6,11.7,6.9,10.4,5.8,7.9,14.8,6.1,8.9,16.4,9.8,10.8,7.7,8.9,2017.05.1
164,164,57.3,76.8,66.7,74.2,71.6,76.4,70.7,72.4,68.6,76.6,70.3,71.1,84.4,81.0,74.6,80.4,78.2,70.9,77.4,84.0,71.0,76.1,2017.05.2
165,165,25.5,13.1,21.4,17.1,18.6,14.5,21.8,3.2,23.7,11.7,22.8,17.6,6.9,7.8,10.6,9.8,12.9,11.5,9.7,5.3,18.0,13.5,2017.05.3
166,166,7.9,2.7,1.6,0.0,3.3,1.8,1.5,1.1,0.0,0.0,0.0,0.9,2.9,1.7,0.0,3.7,0.0,1.2,0.0,0.0,2.2,1.4,2017.05.4
167,167,115.2,105.5,105.6,104.3,108.6,103.6,109.4,90.9,107.3,100.0,107.9,104.5,103.4,100.1,97.9,105.5,102.0,98.7,96.8,97.3,106.3,103.6,2017.05.5
168,168,0.0,1.3,1.6,0.0,1.4,0.0,0.0,1.0,0.0,0.0,0.0,0.0,0.0,1.5,0.0,1.2,2.0,2.3,4.8,0.0,0.6,0.6,2017.06
169,169,8.0,7.5,9.0,13.3,7.9,11.9,5.8,10.4,7.2,17.1,11.7,4.5,10.6,7.8,11.2,7.5,9.9,16.4,4.9,8.8,8.0,9.1,2017.06.1
170,170,61.6,69.3,66.4,66.7,70.2,73.9,73.8,75.9,67.7,73.7,61.7,77.5,69.2,87.5,76.6,83.8,79.2,61.3,80.5,87.7,71.2,75.9,2017.06.2
171,171,24.3,18.0,23.0,17.8,15.8,8.9,18.9,12.6,22.7,9.2,25.1,16.6,18.3,1.6,11.1,6.3,7.9,20.0,8.2,3.5,16.7,13.2,2017.06.3
172,172,6.1,3.9,0.0,2.2,4.7,5.3,1.5,0.0,2.5,0.0,1.5,1.4,1.9,1.6,1.2,1.2,1.0,0.0,1.6,0.0,3.7,1.2,2017.06.4
173,173,114.3,107.9,105.4,104.4,107.2,103.8,108.1,100.1,110.3,96.0,108.2,107.4,105.8,96.9,101.2,99.4,98.0,99.5,98.5,97.4,107.5,102.7,2017.06.5
174,174,0.0,0.0,1.6,2.2,1.4,1.8,1.5,0.0,0.0,0.0,1.5,0.8,1.0,1.6,0.0,2.4,0.0,4.7,4.8,0.0,0.9,1.2,2017.07
175,175,6.3,7.4,6.0,19.0,6.7,8.4,4.5,18.9,2.4,14.6,7.6,5.9,4.8,4.7,7.6,3.7,4.9,11.7,8.0,13.5,7.3,6.2,2017.07.1
176,176,62.7,75.1,73.7,59.8,69.6,79.2,76.6,78.0,71.0,73.5,63.2,72.6,79.4,89.0,79.8,84.0,77.5,64.8,72.9,78.5,71.1,76.8,2017.07.2
177,177,21.8,13.5,17.1,16.9,18.9,8.9,17.4,3.1,24.2,9.1,24.9,18.4,12.9,3.1,12.7,7.4,17.6,18.8,12.8,8.1,17.6,14.2,2017.07.3
178,178,9.2,4.0,1.6,2.2,3.3,1.8,0.0,0.0,2.4,2.9,2.9,2.2,1.9,1.6,0.0,2.5,0.0,0.0,1.5,0.0,3.2,1.7,2017.07.4
179,179,116.9,107.1,105.6,98.9,108.1,100.2,105.0,92.1,113.3,100.1,110.1,107.7,104.9,99.2,102.6,101.9,106.4,98.9,99.1,97.3,107.5,104.5,2017.07.5
180,180,1.6,0.0,1.6,2.2,1.4,3.5,0.0,0.0,0.0,0.0,0.0,0.0,2.0,0.0,0.0,1.2,1.0,2.1,3.1,0.0,0.8,0.6,2017.08
181,181,3.1,5.6,12.6,13.3,8.6,8.9,13.1,20.0,9.8,8.6,8.6,10.5,15.5,7.8,13.1,2.4,7.4,13.1,8.2,13.7,8.4,9.2,2017.08.1
182,182,59.4,77.5,58.6,64.5,60.2,71.7,62.0,72.3,67.2,76.9,70.1,60.9,64.9,81.3,74.3,85.1,77.9,58.6,71.3,73.8,69.9,72.4,2017.08.2
183,183,28.2,12.9,25.7,20.1,26.5,14.2,21.9,7.7,23.0,14.5,19.9,27.3,15.5,9.4,11.4,10.0,12.7,25.0,17.4,12.5,18.8,16.4,2017.08.3
184,184,7.8,3.9,1.6,0.0,3.3,1.8,3.0,0.0,0.0,0.0,1.4,1.4,2.0,1.5,1.2,1.2,1.0,1.2,0.0,0.0,2.1,1.4,2017.08.4
185,185,118.7,107.6,106.6,101.2,110.9,100.9,107.4,93.9,106.6,103.0,107.1,109.8,100.0,102.3,100.4,103.8,102.7,105.1,101.5,99.4,106.6,104.4,2017.08.5
186,186,0.0,1.3,1.7,0.0,1.4,0.0,0.0,0.0,0.0,0.0,3.3,0.9,0.0,0.0,2.6,0.0,0.0,3.7,3.3,5.3,0.7,0.9,2017.09
187,187,7.8,5.7,3.4,14.3,5.3,10.6,10.3,23.0,6.9,11.3,4.3,13.5,13.2,4.5,6.7,4.8,6.8,14.8,11.5,11.4,8.1,8.7,2017.09.1
188,188,61.2,69.8,69.9,61.7,67.3,75.2,72.3,67.4,74.2,63.8,69.7,68.3,75.8,88.1,77.7,84.4,79.2,61.9,78.7,77.6,72.4,75.4,2017.09.2
189,189,26.3,19.3,19.4,21.7,21.2,8.9,15.9,9.6,18.9,20.8,22.7,15.8,8.8,6.0,13.0,10.8,11.9,16.0,6.6,5.8,16.6,13.9,2017.09.3
190,190,4.7,3.9,5.7,2.4,4.8,5.3,1.5,0.0,0.0,4.2,0.0,1.4,2.2,1.5,0.0,0.0,2.0,3.7,0.0,0.0,2.2,1.2,2017.09.4
191,191,114.0,109.4,112.0,106.1,111.3,104.4,104.3,93.3,106.0,108.9,105.9,101.7,100.0,102.3,100.6,103.0,104.6,100.6,94.3,91.9,105.8,102.9,2017.09.5
192,192,0.0,1.3,0.0,2.2,1.4,0.0,0.0,0.0,1.2,0.0,3.1,0.0,0.0,0.0,0.0,0.0,0.0,5.3,3.3,0.0,1.2,0.5,2017.10
193,193,8.0,4.3,7.4,15.8,8.7,3.5,7.4,28.4,6.8,11.2,12.2,10.6,6.2,4.5,10.7,6.0,15.1,8.6,11.2,17.5,8.4,9.5,2017.10.1
194,194,62.4,70.7,74.6,63.9,63.9,82.3,79.6,64.8,70.8,69.5,62.7,71.4,75.8,77.6,72.3,80.8,73.9,63.9,72.6,77.7,71.4,73.7,2017.10.2
195,195,20.0,20.7,18.0,18.0,22.6,10.6,11.6,6.8,16.8,16.0,21.9,15.6,16.0,16.4,17.0,12.0,8.9,20.9,12.9,4.8,15.5,14.9,2017.10.3
196,196,9.6,3.0,0.0,0.0,3.4,3.5,1.5,0.0,4.3,3.3,0.0,2.3,2.0,1.5,0.0,1.2,2.1,1.2,0.0,0.0,3.5,1.5,2017.10.4
197,197,115.6,109.9,105.3,98.9,108.9,107.1,103.6,89.2,108.1,105.7,101.7,104.8,106.9,107.4,103.2,104.2,99.1,102.0,97.5,93.6,105.9,103.6,2017.10.5
198,198,1.7,1.3,1.6,4.4,1.4,0.0,0.0,4.5,1.2,0.0,1.6,0.0,3.0,1.5,0.0,0.0,0.0,5.9,3.1,4.5,1.4,0.7,2017.11
199,199,8.1,4.3,12.2,11.1,10.9,10.6,12.0,23.9,12.1,6.3,13.7,7.4,7.1,4.4,11.3,5.0,12.0,8.5,9.6,8.8,9.8,8.7,2017.11.1
200,200,71.9,70.2,67.8,73.3,71.3,81.0,73.6,62.5,65.3,73.7,70.7,78.1,73.9,83.7,85.8,80.0,73.0,65.4,77.6,78.3,73.1,76.8,2017.11.2
201,201,13.6,22.9,18.4,11.1,14.5,4.9,12.9,9.1,21.3,10.4,13.9,13.1,16.0,8.9,1.6,12.5,15.0,20.2,9.7,8.4,14.4,12.2,2017.11.3
202,202,4.8,1.3,0.0,0.0,1.9,3.5,1.5,0.0,0.0,9.6,0.0,1.4,0.0,1.5,1.3,2.5,0.0,0.0,0.0,0.0,1.3,1.6,2017.11.4
203,203,105.8,109.3,101.5,95.6,102.4,100.7,102.0,88.1,103.4,111.7,98.5,104.2,101.5,102.3,96.4,106.3,101.5,99.9,96.9,95.3,102.3,102.6,2017.11.5
204,204,3.3,0.0,1.7,0.0,3.5,1.8,3.0,2.3,2.5,1.2,0.0,0.0,3.0,1.4,1.3,2.4,3.1,4.3,1.7,3.4,1.8,1.7,2017.12
205,205,8.0,8.0,9.1,9.4,13.3,1.8,6.0,17.3,11.4,10.8,6.0,7.9,10.0,1.4,9.4,4.9,15.8,10.1,11.6,13.8,9.1,8.2,2017.12.1
206,206,58.5,72.9,67.5,85.9,66.3,89.1,74.8,67.3,64.7,65.8,70.6,74.8,70.0,81.0,75.5,76.8,69.9,71.3,76.8,77.2,70.8,73.4,2017.12.2
207,207,27.0,15.1,17.6,4.7,13.5,5.4,16.2,13.1,20.2,15.8,23.4,15.9,14.0,14.6,12.6,11.0,10.2,14.4,9.9,5.6,16.3,14.4,2017.12.3
208,208,3.2,4.0,4.2,0.0,3.5,1.8,0.0,0.0,1.2,6.3,0.0,1.4,3.0,1.5,1.3,4.9,1.0,0.0,0.0,0.0,2.0,2.2,2017.12.4
209,209,109.3,107.6,106.7,97.6,100.1,101.8,102.1,95.6,103.2,107.5,108.7,105.4,102.0,106.7,101.6,105.5,95.1,97.9,97.5,92.5,103.8,103.6,2017.12.5
210,210,1.6,0.0,1.8,2.5,1.4,3.2,3.0,1.7,2.5,0.0,0.0,0.0,2.9,0.0,0.0,1.3,0.0,2.2,0.0,3.5,1.5,0.8,2018.01
211,211,11.3,10.4,4.0,12.6,10.2,6.9,7.3,12.7,12.2,10.1,9.4,12.4,7.7,2.7,14.0,7.7,13.3,11.5,14.7,12.1,10.9,10.0,2018.01.1
212,212,61.9,73.8,63.4,62.9,68.4,81.3,70.5,77.2,62.9,65.4,65.7,69.8,73.5,81.2,74.8,77.3,76.7,77.4,70.4,75.8,68.3,73.2,2018.01.2
213,213,20.3,11.6,21.5,19.4,18.0,6.9,17.8,8.5,22.4,20.6,24.9,16.4,12.9,14.3,11.2,12.5,10.0,6.8,11.6,6.9,17.0,14.7,2018.01.3
214,214,4.8,4.2,9.3,2.5,2.0,1.8,1.3,0.0,0.0,4.0,0.0,1.4,2.9,1.7,0.0,1.3,0.0,2.2,3.3,1.7,2.4,1.2,2018.01.4
215,215,107.6,104.8,116.3,103.4,104.5,98.7,103.6,96.2,102.5,109.2,107.7,103.4,102.6,107.5,98.6,102.4,98.3,97.7,101.8,95.6,104.0,102.7,2018.01.5
216,216,1.6,1.4,0.0,5.0,1.4,0.0,0.0,0.8,1.3,1.7,0.0,1.4,3.0,1.4,0.0,0.0,0.0,4.2,3.0,0.0,1.2,0.8,2018.02
217,217,4.8,7.3,4.0,20.2,13.2,3.7,9.1,11.7,5.5,7.2,7.2,8.5,10.2,4.3,8.4,8.9,12.9,12.4,12.8,11.9,7.4,9.0,2018.02.1
218,218,65.4,72.3,65.6,57.6,70.7,83.9,76.1,84.2,67.6,69.7,70.4,74.0,69.0,83.2,79.9,74.8,66.5,66.4,74.5,76.3,71.5,73.4,2018.02.2
219,219,25.1,14.6,25.4,17.2,11.3,10.6,14.8,2.4,25.6,16.2,21.0,14.7,13.6,11.1,11.7,15.1,18.8,13.7,8.1,11.9,18.4,15.1,2018.02.3
220,220,3.1,4.3,5.0,0.0,3.3,1.8,0.0,0.8,0.0,5.1,1.4,1.4,4.2,0.0,0.0,1.3,1.9,3.3,1.6,0.0,1.6,1.6,2018.02.4
221,221,111.6,106.5,115.7,93.5,101.0,105.3,102.9,95.3,108.7,107.9,108.3,103.1,102.9,102.0,101.6,104.4,104.8,99.7,96.3,100.0,105.9,103.9,2018.02.5
222,222,0.0,1.5,1.7,7.0,2.7,0.0,0.0,0.7,1.3,1.7,1.4,0.0,1.7,0.0,0.0,1.3,0.0,5.4,0.0,0.0,1.0,0.8,2018.03
223,223,6.4,6.0,4.0,16.2,7.1,3.7,5.3,8.4,7.4,6.7,8.9,11.2,7.9,5.8,10.6,6.5,12.7,10.3,17.4,13.3,8.4,8.8,2018.03.1
224,224,68.7,74.9,64.6,69.3,76.2,87.1,83.9,83.2,66.3,72.4,74.8,74.0,76.4,82.4,76.8,79.6,69.5,77.6,71.4,75.0,72.0,76.5,2018.03.2
225,225,21.8,11.8,23.1,7.5,11.2,7.4,8.2,7.7,24.9,15.8,14.9,14.8,11.2,11.7,11.4,12.5,17.8,6.7,9.5,11.7,16.8,13.1,2018.03.3
226,226,3.1,5.8,6.7,0.0,2.7,1.8,2.6,0.0,0.0,3.4,0.0,0.0,2.8,0.0,1.3,0.0,0.0,0.0,1.7,0.0,1.7,0.8,2018.03.4
227,227,110.8,107.3,114.6,88.7,102.1,103.7,104.1,99.0,107.4,106.2,101.6,101.8,102.7,103.0,101.6,101.7,102.5,92.7,97.7,99.2,104.9,102.1,2018.03.5
228,228,0.0,1.4,0.0,4.6,1.4,0.0,0.0,0.7,0.0,0.0,0.0,1.4,1.1,0.0,0.0,0.0,0.0,4.4,0.0,0.0,0.4,0.5,2018.04
229,229,6.2,7.3,1.7,11.6,11.8,3.7,9.1,11.6,5.1,13.6,10.3,14.0,3.9,5.7,9.5,10.0,15.9,12.4,9.4,11.8,6.9,10.8,2018.04.1
230,230,65.5,73.8,74.2,70.6,67.9,83.4,79.2,84.1,66.3,64.2,69.0,71.4,83.2,78.8,83.5,79.0,69.3,73.0,75.1,83.0,73.2,75.6,2018.04.2
231,231,25.3,14.6,20.8,11.9,17.0,11.1,10.3,3.6,28.6,17.5,20.8,13.2,8.3,15.5,7.0,9.8,13.8,10.2,15.5,5.1,18.2,12.1,2018.04.3
232,232,3.1,2.9,3.3,1.3,1.9,1.8,1.4,0.0,0.0,4.6,0.0,0.0,3.5,0.0,0.0,1.3,1.1,0.0,0.0,0.0,1.3,1.1,2018.04.4
233,233,112.6,105.1,112.9,96.8,103.1,105.5,102.0,95.3,111.8,106.6,105.2,98.2,104.6,104.9,98.8,101.2,100.0,94.5,103.1,96.6,106.5,101.2,2018.04.5
234,234,1.6,1.4,1.7,2.3,3.3,0.0,0.0,0.7,0.0,0.0,1.7,1.4,1.7,0.0,0.0,1.3,0.0,0.0,1.4,1.7,1.2,0.8,2018.05
235,235,12.4,8.6,5.1,17.5,5.8,5.5,10.7,7.7,11.3,9.0,10.1,11.0,13.8,2.9,6.8,5.0,13.8,14.5,4.7,10.2,9.2,9.4,2018.05.1
236,236,56.6,76.1,74.9,74.2,78.0,83.4,74.4,89.5,62.8,73.5,69.7,74.9,75.4,87.4,78.6,79.9,69.5,74.2,84.5,79.5,72.3,75.9,2018.05.2
237,237,26.3,8.4,16.6,5.9,11.0,7.4,12.1,2.1,25.9,17.5,17.1,12.7,8.0,9.7,14.6,13.8,13.8,10.1,7.7,6.9,15.7,13.1,2018.05.3
238,238,3.0,5.6,1.7,0.0,1.9,3.7,2.8,0.0,0.0,0.0,1.4,0.0,1.1,0.0,0.0,0.0,2.9,1.2,1.6,1.7,1.6,0.8,2018.05.4
239,239,108.3,104.1,105.7,91.9,101.2,104.6,103.5,96.5,107.3,104.2,103.2,99.4,96.5,103.4,103.9,103.1,102.9,99.0,101.7,98.3,103.6,101.8,2018.05.5
240,240,0.0,1.4,1.7,0.0,1.4,0.0,0.0,5.2,1.3,0.0,1.8,0.8,1.1,0.0,1.3,1.3,0.0,3.4,0.0,1.7,0.7,1.0,2018.06
241,241,6.2,8.8,7.4,21.1,6.7,3.8,13.2,3.5,10.3,16.4,6.0,16.1,5.2,2.7,11.6,3.7,11.6,13.5,11.0,8.2,8.6,9.6,2018.06.1
242,242,70.2,69.4,70.9,60.1,75.6,80.6,73.5,87.9,59.5,63.3,73.0,68.9,82.0,86.0,73.3,82.6,72.7,69.6,71.7,82.2,70.9,75.2,2018.06.2
243,243,18.8,13.4,18.3,18.8,12.9,11.8,11.8,3.5,28.8,18.6,16.5,14.1,8.8,9.7,12.6,9.8,14.7,13.5,17.3,8.0,17.9,12.6,2018.06.3
244,244,4.8,7.0,1.7,0.0,3.3,3.8,1.4,0.0,0.0,1.7,2.8,0.0,2.9,1.5,1.3,2.6,1.0,0.0,0.0,0.0,1.9,1.6,2018.06.4
245,245,111.1,107.9,105.4,98.8,105.0,107.8,100.7,94.8,107.9,102.8,106.3,98.2,103.6,105.0,100.5,104.3,102.6,96.6,103.2,98.2,105.8,102.1,2018.06.5
246,246,0.0,1.4,3.3,6.8,1.4,0.0,0.0,5.8,0.0,1.8,0.0,0.0,3.5,0.0,0.0,0.0,0.0,2.2,1.4,1.7,0.7,0.6,2018.07
247,247,7.9,7.4,4.0,18.1,6.2,3.7,7.2,5.8,12.3,12.1,13.5,11.7,9.5,7.0,6.7,10.0,14.1,15.8,7.9,10.1,8.8,10.6,2018.07.1
248,248,60.4,72.6,71.4,59.0,74.6,78.5,73.4,85.0,58.6,66.7,68.3,75.0,73.6,80.0,80.7,77.7,71.8,64.9,73.3,81.6,69.4,74.5,2018.07.2
249,249,23.9,14.4,19.6,13.9,11.5,15.9,18.1,2.7,27.8,17.8,16.9,13.4,11.7,11.3,12.6,11.0,11.9,14.9,15.7,6.6,18.2,13.2,2018.07.3
250,250,7.9,4.2,1.7,2.3,6.2,1.8,1.4,0.7,1.3,1.8,1.4,0.0,1.8,1.6,0.0,1.3,2.2,2.2,1.6,0.0,2.8,1.1,2018.07.4
251,251,115.9,106.3,106.1,93.4,107.4,108.0,106.8,93.2,109.1,102.9,103.1,100.9,99.4,103.7,102.9,101.7,101.1,99.5,104.1,96.5,106.8,101.9,2018.07.5
252,252,0.0,1.4,1.7,9.0,1.4,0.0,0.0,0.0,2.6,0.0,0.0,0.0,1.2,0.0,0.0,1.3,1.9,0.0,0.0,1.7,1.8,0.6,2018.08
253,253,11.3,3.0,2.3,12.6,4.7,5.5,9.2,10.5,6.0,9.0,9.0,9.8,7.2,2.9,7.6,4.8,7.2,16.5,10.8,13.2,8.4,7.7,2018.08.1
254,254,58.9,72.4,61.9,54.5,74.5,74.3,68.6,81.2,64.9,60.4,70.5,72.5,74.7,74.5,75.2,76.6,72.1,72.9,71.3,70.6,68.5,72.8,2018.08.2
255,255,23.7,17.6,28.6,21.6,14.6,16.5,19.4,8.3,25.3,28.8,17.7,16.3,12.0,21.1,17.2,16.2,15.9,10.6,13.0,14.5,18.4,17.0,2018.08.3
256,256,6.1,5.6,5.6,2.3,4.7,3.7,2.8,0.0,1.3,1.7,2.8,1.4,4.8,1.6,0.0,1.2,3.0,0.0,4.9,0.0,3.0,1.9,2018.08.4
257,257,112.3,111.5,117.1,97.7,108.3,109.2,107.9,98.9,108.4,111.6,107.2,104.7,106.0,110.7,104.8,105.6,105.5,97.0,106.0,99.0,106.3,106.0,2018.08.5
258,258,0.0,1.4,1.7,4.5,1.4,0.0,1.8,0.0,2.6,0.0,0.0,0.0,1.8,0.0,0.0,1.3,1.9,2.4,0.0,3.4,1.3,0.8,2018.09
259,259,8.4,4.2,0.0,19.3,2.9,10.4,5.0,2.7,6.9,2.8,11.9,6.9,6.8,4.4,4.2,7.7,8.7,14.3,10.8,10.0,7.6,7.1,2018.09.1
260,260,68.3,71.5,64.6,60.0,82.8,78.5,72.9,91.3,69.2,68.8,69.5,80.1,80.3,83.9,80.7,70.9,73.3,72.6,78.0,83.5,74.9,75.5,2018.09.2
261,261,15.7,18.8,28.1,13.9,9.6,7.4,18.9,6.0,21.4,28.4,17.2,11.6,9.8,10.1,13.9,17.5,16.2,10.7,11.2,3.1,14.2,15.3,2018.09.3
262,262,7.6,4.2,5.6,2.3,3.3,3.7,1.4,0.0,0.0,0.0,1.4,1.4,1.2,1.6,1.3,2.6,0.0,0.0,0.0,0.0,2.0,1.3,2018.09.4
263,263,111.2,110.1,118.0,95.0,105.2,102.2,106.7,101.7,104.7,112.8,104.0,103.7,101.0,104.5,106.1,106.2,101.9,95.8,100.2,93.1,104.0,104.6,2018.09.5
264,264,0.0,1.4,1.7,11.3,3.4,0.0,1.7,0.0,2.6,0.0,0.0,0.0,1.2,3.2,0.0,1.3,1.1,3.7,0.0,5.0,1.8,0.9,2018.10
265,265,6.3,7.3,1.7,14.8,7.8,3.7,4.4,10.5,2.6,7.7,11.6,13.2,10.9,3.0,4.1,5.0,12.4,9.9,12.4,11.4,5.9,8.6,2018.10.1
266,266,66.5,67.7,60.2,57.8,73.6,82.2,74.7,79.9,67.9,63.2,70.2,71.6,75.0,80.9,80.9,74.7,70.3,76.5,71.2,70.4,72.9,73.6,2018.10.2
267,267,22.7,20.7,33.1,13.9,11.7,10.4,17.8,9.6,26.9,29.1,14.0,15.2,12.9,11.4,14.9,15.2,16.2,9.9,14.7,13.2,17.6,15.6,2018.10.3
268,268,4.5,2.9,3.3,2.3,3.4,3.7,1.4,0.0,0.0,0.0,4.2,0.0,0.0,1.6,0.0,3.8,0.0,0.0,1.7,0.0,1.8,1.4,2018.10.4
269,269,112.7,108.1,117.4,90.5,102.0,107.0,106.4,99.6,109.6,110.7,105.4,101.0,99.7,102.6,105.4,107.6,100.7,96.3,102.8,95.9,105.8,104.0,2018.10.5
270,270,0.0,1.4,1.7,2.3,1.4,0.0,2.8,0.0,2.6,0.0,0.0,0.0,1.2,0.0,0.0,0.0,0.0,0.0,0.0,3.5,1.3,0.3,2018.11
271,271,8.2,12.0,9.6,15.2,7.8,6.6,10.5,19.7,6.0,10.8,7.4,7.3,3.0,4.6,13.9,5.2,9.3,9.5,11.0,8.6,8.4,8.0,2018.11.1
272,272,71.3,65.7,60.2,71.4,73.7,80.8,73.6,75.6,65.8,57.9,74.5,76.4,81.6,75.1,71.9,76.7,72.5,83.4,69.9,73.0,70.8,74.7,2018.11.2
273,273,18.8,18.0,26.9,11.1,13.5,9.0,13.1,4.7,23.1,29.6,15.3,14.1,12.5,20.3,14.2,15.4,13.4,7.1,17.5,13.1,17.5,15.0,2018.11.3
274,274,1.6,2.9,1.7,0.0,3.5,3.6,0.0,0.0,2.6,1.8,2.8,2.3,1.7,0.0,0.0,2.7,4.8,0.0,1.6,1.8,2.1,2.0,2018.11.4
275,275,106.9,104.5,108.7,95.6,104.9,104.8,98.5,92.5,108.5,111.2,106.7,105.6,105.3,107.9,100.2,107.8,106.9,98.8,104.9,100.5,105.4,105.2,2018.11.5
276,276,1.6,1.4,1.7,4.6,1.4,0.0,1.4,0.0,2.7,0.0,0.0,0.0,1.2,0.0,0.0,1.3,0.0,0.0,0.0,1.7,1.6,0.5,2018.12
277,277,6.3,9.1,4.0,12.9,9.7,8.2,13.3,2.7,7.7,8.9,5.9,12.2,4.7,4.4,10.0,4.0,10.0,15.2,12.4,11.6,8.6,8.3,2018.12.1
278,278,67.1,71.6,64.2,68.3,71.1,74.7,68.9,92.0,61.4,59.9,68.0,70.3,72.2,81.1,77.4,74.1,70.6,73.5,64.8,71.8,67.5,72.0,2018.12.2
279,279,20.2,15.0,30.2,14.2,14.3,15.2,16.4,4.7,25.6,29.5,23.3,15.3,20.1,11.7,12.6,20.6,17.1,11.3,22.8,13.3,19.8,18.0,2018.12.3
280,280,4.7,2.9,0.0,0.0,3.4,1.9,0.0,0.7,2.7,1.7,2.8,2.3,1.7,2.8,0.0,0.0,2.2,0.0,0.0,1.7,2.6,1.3,2018.12.4
281,281,110.0,104.4,111.5,96.0,104.3,105.4,100.2,101.7,109.0,112.0,111.5,103.8,108.2,106.5,101.3,106.9,105.8,98.1,105.2,100.8,106.7,105.7,2018.12.5
282,282,0.0,0.0,1.7,2.4,3.4,0.0,1.3,0.7,1.4,0.0,1.4,0.0,0.0,0.0,0.0,2.6,1.1,2.3,0.0,3.4,1.0,1.0,2019.01
283,283,4.7,7.5,2.4,12.4,11.2,3.1,7.4,10.5,9.1,7.2,9.0,3.6,9.3,7.5,9.5,3.8,11.8,11.9,14.3,11.9,9.7,7.2,2019.01.1
284,284,66.9,68.4,70.1,61.7,65.9,86.8,72.7,83.5,59.1,61.6,68.5,76.2,69.3,76.2,76.0,75.8,72.5,70.5,68.0,72.8,66.3,73.2,2019.01.2
285,285,22.3,22.6,22.5,21.0,14.6,10.1,15.8,4.7,26.4,27.7,18.3,17.4,20.0,16.3,11.5,12.6,11.5,14.1,17.7,11.9,20.1,15.6,2019.01.3
286,286,6.1,1.4,3.3,2.4,4.9,0.0,2.7,0.7,4.1,3.4,2.8,2.8,1.3,0.0,2.9,5.2,3.1,1.3,0.0,0.0,3.0,3.0,2019.01.4
287,287,114.9,108.9,111.7,104.3,103.2,103.5,105.6,97.1,111.3,113.7,106.0,109.6,106.6,104.4,103.9,107.0,101.8,100.1,101.7,96.6,107.2,106.3,2019.01.5
288,288,0.0,0.0,5.3,4.9,1.3,0.0,3.4,0.0,1.1,0.0,0.7,0.0,0.9,0.0,0.0,0.0,0.0,3.6,0.0,1.7,0.9,0.5,2019.02
289,289,3.5,4.3,3.9,8.5,10.3,5.6,13.7,9.5,9.5,6.0,6.4,9.4,6.9,4.0,7.3,5.8,13.2,13.4,7.9,7.2,7.7,8.3,2019.02.1
290,290,61.4,80.8,59.3,63.7,72.9,81.7,67.4,75.9,56.5,69.8,74.2,73.3,79.3,88.7,82.9,72.5,67.4,62.5,71.2,80.2,68.9,74.0,2019.02.2
291,291,26.4,11.8,27.5,18.7,14.1,12.7,14.6,8.6,29.5,22.9,17.3,13.5,12.9,6.0,8.9,17.8,17.1,17.8,19.4,8.9,19.1,14.9,2019.02.3
292,292,8.6,3.2,4.1,4.3,1.3,0.0,0.9,5.9,3.4,1.2,1.4,3.8,0.0,1.3,0.8,3.9,2.3,2.8,1.5,1.9,3.5,2.2,2019.02.4
293,293,120.1,106.9,110.6,104.5,101.9,103.6,97.9,105.5,112.3,109.7,106.1,105.9,102.2,102.3,101.6,110.0,104.3,101.4,107.2,101.1,108.3,105.0,2019.02.5
294,294,0.0,2.4,1.3,3.2,1.3,0.0,0.0,1.0,2.4,0.0,0.0,0.0,1.0,0.0,0.0,1.8,0.0,0.0,0.0,0.0,1.2,0.5,2019.03
295,295,4.6,8.0,10.2,9.7,15.4,9.2,13.9,7.3,4.3,10.8,8.0,6.5,7.8,1.4,2.9,6.3,10.5,20.8,9.2,3.3,6.6,7.7,2019.03.1
296,296,70.5,73.2,62.8,71.8,66.7,79.2,71.2,84.4,69.5,69.2,80.4,79.3,82.3,88.2,78.5,79.9,76.9,70.6,77.2,85.1,75.5,78.5,2019.03.2
297,297,21.5,12.0,20.5,15.3,15.4,11.6,15.0,7.3,23.8,18.7,11.6,13.0,8.8,9.0,14.7,10.9,10.5,7.3,11.7,11.6,15.3,12.1,2019.03.3
298,298,3.4,4.4,5.1,0.0,1.3,0.0,0.0,0.0,0.0,1.3,0.0,1.3,0.0,1.4,3.9,1.1,2.2,1.4,1.8,0.0,1.4,1.3,2019.03.4
299,299,111.8,104.0,108.9,99.6,100.0,101.2,100.6,99.0,107.3,105.2,101.8,104.5,99.5,105.2,109.8,101.6,102.2,94.6,103.1,104.2,104.6,103.0,2019.03.5
300,300,0.0,1.2,0.0,1.7,1.3,1.8,0.0,0.0,1.1,0.0,0.0,0.0,0.0,0.0,0.0,1.2,0.0,0.0,0.0,4.7,0.9,0.2,2019.04
301,301,4.9,6.8,8.9,11.5,10.5,6.9,8.9,6.4,2.3,7.2,7.3,7.9,8.2,2.7,5.5,6.4,13.0,12.8,11.1,4.9,6.4,7.7,2019.04.1
302,302,60.9,76.5,72.4,68.2,74.4,77.4,76.6,77.4,74.4,68.6,77.3,72.7,73.3,88.9,76.3,73.2,71.9,71.5,74.3,74.0,74.8,74.4,2019.04.2
303,303,30.9,13.1,15.1,18.7,11.1,13.9,14.5,11.8,21.0,22.9,14.6,19.4,17.5,8.4,16.0,16.3,12.0,14.4,14.5,14.9,16.6,16.1,2019.04.3
304,304,3.3,2.4,3.6,0.0,2.7,0.0,0.0,4.5,1.1,1.3,0.8,0.0,1.0,0.0,2.2,2.9,3.0,1.4,0.0,1.6,1.3,1.5,2019.04.4
305,305,116.3,104.4,106.7,101.9,101.6,101.6,102.8,107.2,109.4,109.1,104.5,105.8,105.6,102.8,107.4,106.6,102.5,102.2,101.7,101.9,105.6,105.4,2019.04.5
306,306,0.0,1.2,1.4,0.0,3.3,1.8,1.2,0.0,0.0,0.0,0.0,0.0,1.0,0.0,0.0,1.2,0.0,0.0,0.0,0.0,0.5,0.4,2019.05
307,307,1.6,4.4,6.4,9.4,6.6,3.3,11.5,7.3,3.4,10.5,3.0,8.0,8.7,6.0,6.2,7.6,8.8,16.7,6.2,8.0,4.9,7.9,2019.05.1
308,308,67.8,74.7,69.0,74.9,75.3,82.9,72.4,70.1,74.1,68.9,81.1,77.5,72.8,85.3,74.8,74.3,76.2,66.7,70.6,77.8,75.1,75.4,2019.05.2
309,309,26.1,16.0,15.1,13.9,14.7,10.2,13.7,17.2,19.0,20.6,15.1,13.1,16.5,8.6,14.8,14.7,12.8,15.3,23.2,12.7,17.0,14.4,2019.05.3
310,310,4.6,3.7,8.0,1.8,0.0,1.8,1.2,5.4,3.4,0.0,0.8,1.4,1.0,0.0,4.3,2.3,2.2,1.4,0.0,1.6,2.5,1.8,2019.05.4
311,311,116.9,108.2,111.0,104.1,100.7,103.5,101.1,110.3,111.2,105.1,106.9,103.9,103.9,101.3,108.6,104.7,104.3,100.7,108.5,103.9,108.1,104.6,2019.05.5
312,312,0.0,0.0,1.3,0.0,1.3,1.8,1.2,0.0,1.2,1.3,0.8,0.0,0.0,0.0,0.0,1.2,0.0,0.0,0.0,1.6,0.9,0.5,2019.06
313,313,6.4,3.6,8.7,11.5,4.0,6.9,8.0,11.0,4.2,8.1,4.5,8.9,5.2,6.7,0.9,9.2,11.6,17.1,7.6,9.8,5.6,7.7,2019.06.1
314,314,62.5,79.2,63.7,77.0,76.0,75.7,69.4,68.2,69.2,76.4,81.9,74.4,75.6,81.2,74.3,78.7,69.5,65.7,72.0,75.8,73.2,75.3,2019.06.2
315,315,29.5,13.6,22.7,11.5,17.3,13.7,20.2,19.9,23.0,12.9,12.8,15.4,18.2,10.1,23.9,9.8,13.7,17.1,19.0,12.7,18.2,15.0,2019.06.3
316,316,1.6,3.6,3.7,0.0,1.3,1.8,1.2,1.0,2.4,1.3,0.0,1.2,1.0,2.0,0.9,1.2,5.2,0.0,1.4,0.0,2.0,1.5,2019.06.4
317,317,113.1,108.6,109.3,100.0,106.7,103.4,106.1,105.5,110.6,102.4,103.3,104.5,107.5,103.7,112.4,100.3,106.2,100.0,107.1,99.9,107.4,104.7,2019.06.5
318,318,0.0,2.4,1.3,1.8,1.3,1.8,1.1,0.0,0.0,1.3,0.0,0.0,0.0,0.0,0.0,1.1,0.8,0.0,0.0,1.6,0.9,0.5,2019.07
319,319,1.7,3.6,6.3,5.8,11.9,1.3,6.8,20.8,3.0,5.9,0.8,5.5,4.3,2.0,4.9,13.3,11.6,16.2,6.9,6.9,5.0,7.6,2019.07.1
320,320,62.8,78.9,67.0,67.2,68.7,76.2,69.3,62.9,68.8,77.0,84.3,74.7,77.3,91.9,77.8,74.1,73.0,60.9,71.8,75.0,71.5,75.9,2019.07.2
321,321,27.9,10.7,21.7,22.9,16.8,16.9,22.7,10.9,24.7,14.5,11.9,16.0,17.5,6.1,14.2,11.5,10.5,20.1,19.9,13.3,19.1,14.0,2019.07.3
322,322,7.7,4.4,3.7,2.2,1.3,3.7,0.0,5.4,3.4,1.3,2.9,3.8,1.0,0.0,3.1,0.0,4.1,2.8,1.4,3.2,3.4,2.0,2019.07.4
323,323,120.8,105.5,110.0,108.9,102.5,109.6,106.8,100.5,114.3,104.3,108.5,109.1,107.6,102.0,107.7,98.0,102.7,104.7,107.9,104.8,109.5,104.8,2019.07.5
324,324,0.0,2.2,1.3,0.0,1.3,3.6,3.5,1.0,0.0,1.3,0.0,0.0,0.0,0.0,0.0,3.4,0.7,2.5,0.0,0.0,0.5,1.2,2019.08
325,325,0.0,2.9,9.5,11.0,8.2,0.0,6.8,8.9,4.7,6.5,4.6,5.2,11.9,2.7,3.8,10.1,8.0,12.0,2.9,3.4,6.2,7.2,2019.08.1
326,326,57.2,78.1,59.4,65.8,70.7,81.2,68.3,68.2,65.2,74.4,72.1,76.7,72.4,87.7,76.0,73.6,70.1,57.9,83.6,82.3,70.7,73.7,2019.08.2
327,327,33.5,14.4,25.1,21.5,19.8,11.7,18.0,16.4,26.0,16.5,18.3,18.1,12.6,7.5,18.1,11.8,20.3,27.6,13.5,14.3,19.3,16.2,2019.08.3
328,328,9.4,2.2,4.8,1.8,0.0,3.6,3.3,5.5,4.2,1.3,5.0,0.0,3.2,2.1,2.1,1.1,0.7,0.0,0.0,0.0,3.4,1.7,2019.08.4
329,329,126.1,105.7,111.3,107.0,104.6,105.8,105.5,108.2,114.8,105.0,111.9,106.5,103.6,104.5,109.2,98.5,106.2,105.3,105.3,105.4,109.5,105.1,2019.08.5
330,330,0.0,1.1,1.3,0.0,1.3,0.0,1.1,4.7,0.0,1.4,0.0,1.3,0.0,0.0,0.0,0.0,0.0,0.0,0.0,1.6,0.7,0.4,2019.09
331,331,4.6,1.1,2.6,9.4,9.7,1.8,2.3,13.6,5.9,9.7,7.4,6.5,2.9,6.1,7.2,10.1,6.7,11.6,6.5,5.0,6.4,7.2,2019.09.1
332,332,62.4,73.7,69.4,68.1,74.8,80.7,73.9,63.3,63.3,73.0,70.7,77.8,82.3,84.3,71.2,78.1,72.5,74.1,74.2,80.7,70.9,75.8,2019.09.2
333,333,26.7,20.6,23.1,20.6,12.3,13.9,22.7,12.6,24.2,15.9,20.3,13.0,11.6,7.5,17.5,9.6,19.9,14.3,17.9,12.7,18.5,14.7,2019.09.3
334,334,6.3,3.4,3.6,1.8,1.9,3.6,0.0,5.8,6.5,0.0,1.6,1.3,3.2,2.1,4.1,2.2,0.8,0.0,1.5,0.0,3.5,1.8,2019.09.4
335,335,117.3,112.0,112.5,107.4,101.9,109.6,109.1,100.5,115.7,101.7,108.1,103.3,107.5,102.8,109.2,102.0,107.4,101.3,107.2,102.3,108.9,105.1,2019.09.5
336,336,0.0,2.3,1.3,0.0,0.0,0.0,1.1,0.0,1.3,1.4,0.0,0.0,0.0,0.0,0.0,0.0,2.6,0.0,1.5,0.0,1.0,0.4,2019.10
337,337,1.6,4.2,7.7,8.3,9.5,0.0,6.9,3.1,1.3,6.0,1.6,7.9,3.1,2.2,2.0,11.1,7.5,13.4,5.2,6.9,3.9,6.5,2019.10.1
338,338,59.3,72.6,62.7,72.8,71.9,85.5,74.5,78.1,67.4,74.3,80.6,76.6,77.9,85.8,80.4,72.5,75.4,73.3,70.2,79.4,71.9,76.6,2019.10.2
339,339,35.9,17.9,24.6,16.7,17.3,10.6,17.4,14.4,24.6,17.0,16.9,15.5,15.7,12.1,15.7,15.2,13.8,13.3,21.6,12.0,20.3,15.4,2019.10.3
340,340,3.2,3.0,3.7,2.2,1.3,3.9,0.0,4.5,5.5,1.4,0.8,0.0,3.3,0.0,2.0,1.2,0.7,0.0,1.5,1.7,2.8,1.0,2019.10.4
341,341,120.4,107.6,110.8,106.4,105.1,109.2,104.1,110.1,115.9,105.5,108.5,103.8,109.7,104.9,108.8,103.2,101.3,100.0,108.2,104.2,110.0,105.0,2019.10.5
342,342,0.0,0.0,1.4,0.0,0.0,0.0,3.5,0.0,0.0,0.0,0.0,0.0,0.0,0.0,0.0,0.0,2.4,0.0,0.0,1.6,0.5,0.5,2019.11
343,343,3.2,3.4,7.3,9.8,9.8,3.8,5.8,19.6,3.6,9.7,3.9,9.2,10.9,2.0,9.1,9.7,5.6,12.7,5.3,5.1,5.0,8.2,2019.11.1
344,344,59.7,77.9,68.5,76.4,70.2,85.5,75.7,66.7,65.0,66.3,71.6,69.9,70.7,87.5,73.6,72.1,75.2,70.9,74.2,81.3,73.2,72.6,2019.11.2
345,345,35.5,14.4,19.1,13.8,18.0,8.8,12.7,12.7,27.2,24.0,21.5,20.9,17.5,7.0,14.1,14.8,16.0,15.0,20.5,12.0,19.2,16.8,2019.11.3
346,346,1.6,4.2,3.7,0.0,2.0,1.9,2.3,1.1,4.2,0.0,3.0,0.0,1.0,3.5,3.1,3.4,0.8,1.5,0.0,0.0,2.1,1.9,2019.11.4
347,347,117.7,109.7,108.1,102.0,106.1,104.4,102.3,97.6,115.9,107.2,111.8,105.9,104.3,106.0,105.6,106.0,103.6,102.6,107.6,101.9,108.8,105.7,2019.11.5
348,348,0.0,0.0,2.8,2.4,1.3,1.8,2.4,0.0,0.0,0.0,0.9,1.3,0.0,0.0,0.0,1.2,1.5,0.0,0.0,0.0,0.4,0.9,2019.12
349,349,1.6,3.4,1.4,4.2,8.0,5.4,4.8,17.3,8.3,9.9,4.7,9.2,4.9,0.0,7.2,3.5,9.0,10.7,8.6,8.1,5.7,6.4,2019.12.1
350,350,69.4,81.7,61.7,77.6,70.8,75.8,67.8,65.3,61.6,63.1,70.0,72.3,80.7,91.6,65.9,75.6,72.1,74.6,76.2,77.0,72.9,72.8,2019.12.2
351,351,24.2,13.7,30.3,15.8,19.9,15.2,21.7,16.3,26.5,27.0,23.6,17.2,11.3,7.0,25.0,16.3,16.6,12.1,15.1,13.4,18.5,18.2,2019.12.3
352,352,4.8,1.1,3.7,0.0,0.0,1.8,3.4,1.0,3.6,0.0,0.9,0.0,3.1,1.5,1.9,3.4,0.8,2.6,0.0,1.6,2.5,1.8,2019.12.4
353,353,116.1,106.3,115.4,103.4,104.7,104.9,109.4,100.5,112.7,108.5,109.4,102.7,106.3,105.0,110.8,108.6,103.0,103.3,103.3,104.2,108.5,106.7,2019.12.5
354,354,0.0,0.0,2.7,0.0,1.3,1.8,2.3,0.0,0.0,0.0,0.8,1.3,0.0,0.0,2.2,0.0,0.0,0.0,0.0,1.7,0.3,0.7,2020.01
355,355,4.8,4.6,4.1,13.1,8.1,1.8,4.6,7.8,3.0,12.7,0.8,9.1,7.1,7.8,4.0,8.4,4.5,13.6,10.4,5.0,5.4,6.9,2020.01.1
356,356,56.5,79.4,68.7,70.3,71.6,86.3,78.2,74.4,72.2,65.3,79.2,74.2,68.9,83.2,77.9,73.8,76.0,68.6,67.3,79.6,73.4,74.8,2020.01.2
357,357,30.7,14.8,19.3,13.1,18.9,10.0,12.6,12.2,22.5,20.7,17.5,14.0,23.0,7.6,14.9,14.9,16.1,17.7,22.2,12.0,17.9,15.7,2020.01.3
358,358,8.1,1.1,5.1,3.4,0.0,0.0,2.2,5.6,2.4,1.4,1.7,1.2,1.0,1.4,0.9,2.9,3.5,0.0,0.0,1.7,3.0,1.9,2020.01.4
359,359,121.0,106.3,109.9,103.4,104.1,102.3,103.9,107.8,112.1,105.4,109.2,102.4,108.9,101.2,104.2,106.1,109.3,102.0,105.9,103.5,108.9,105.6,2020.01.5
360,360,0.0,0.0,1.4,1.7,0.0,0.0,3.5,0.0,0.0,1.4,0.0,0.0,1.0,0.0,0.0,1.2,0.8,0.0,0.0,3.6,0.3,0.7,2020.02
361,361,1.6,6.6,2.8,12.0,9.6,3.1,5.8,17.8,4.8,9.2,4.2,3.9,2.9,5.0,4.8,5.6,5.7,12.2,4.1,4.9,5.3,5.3,2020.02.1
362,362,55.8,73.3,65.8,72.0,69.0,81.6,78.1,65.5,65.2,68.4,69.5,74.0,85.8,86.0,76.7,75.7,78.6,73.5,79.3,72.5,70.0,76.2,2020.02.2
363,363,39.4,17.9,24.8,14.3,21.4,15.2,12.7,15.6,28.7,20.9,25.5,19.5,9.4,9.0,14.4,17.5,11.5,12.9,13.8,17.4,22.4,16.2,2020.02.3
364,364,3.2,2.3,5.1,0.0,0.0,0.0,0.0,1.1,1.3,0.0,0.8,2.5,1.0,0.0,4.1,0.0,3.4,1.4,2.8,1.6,2.1,1.5,2020.02.4
365,365,122.1,108.0,114.7,99.4,105.9,106.0,100.0,100.0,113.2,104.4,111.5,110.4,103.3,102.0,108.9,104.8,105.5,101.8,107.6,104.3,110.4,106.2,2020.02.5
366,366,0.0,1.2,0.0,0.0,2.7,0.0,2.4,1.1,0.0,3.7,0.9,1.3,3.2,0.0,0.0,2.3,1.6,0.0,1.5,0.0,0.4,1.6,2020.03
367,367,8.3,2.3,9.7,13.7,6.2,0.0,10.5,22.2,2.9,7.5,5.7,6.7,15.8,3.5,3.1,8.6,8.2,10.8,4.4,5.0,4.5,8.0,2020.03.1
368,368,63.4,79.5,58.9,68.0,71.1,87.6,71.2,69.9,63.3,70.6,69.0,74.7,67.5,93.7,81.8,75.3,71.3,63.7,81.6,74.2,70.9,74.1,2020.03.2
369,369,23.3,15.8,21.6,18.3,20.0,12.4,15.9,5.8,32.5,16.8,17.5,16.0,12.6,2.8,15.2,9.2,15.7,22.8,11.0,15.5,21.5,13.8,2020.03.3
370,370,5.0,1.2,9.7,0.0,0.0,0.0,0.0,1.1,1.2,1.4,6.9,1.3,1.0,0.0,0.0,4.6,3.3,2.6,1.5,5.2,2.6,2.4,2020.03.4
371,371,112.5,106.7,115.7,102.3,104.2,106.2,100.3,91.8,116.0,102.3,111.9,104.6,96.2,99.7,106.1,102.6,105.5,108.6,103.3,110.5,110.7,103.7,2020.03.5
372,372,0.0,1.1,1.4,1.7,1.3,3.6,2.4,0.0,0.0,2.7,0.0,0.0,3.3,0.0,0.0,2.2,0.0,0.0,2.9,0.0,0.6,1.1,2020.04
373,373,4.7,6.5,10.6,19.2,9.0,4.9,7.3,14.8,1.2,5.0,4.6,6.6,4.9,6.1,5.9,6.2,6.4,11.1,4.3,10.3,6.1,6.2,2020.04.1
374,374,58.7,75.3,43.3,60.8,61.7,69.5,71.3,73.0,69.5,69.7,73.7,69.7,79.4,83.2,73.3,69.1,74.7,68.1,71.9,66.3,65.9,72.5,2020.04.2
375,375,30.2,9.0,33.7,15.8,25.4,14.8,14.0,11.1,25.8,19.0,17.9,19.8,11.5,10.8,20.8,15.6,18.2,16.7,16.6,20.1,22.1,16.9,2020.04.3
376,376,6.3,8.1,11.1,2.4,2.6,7.2,4.9,1.1,3.5,3.7,3.8,3.9,1.0,0.0,0.0,6.9,0.7,4.2,4.3,3.3,5.2,3.3,2020.04.4
377,377,119.1,108.3,121.3,99.0,109.5,108.5,105.8,99.2,115.8,108.0,110.4,110.5,101.0,102.4,107.4,109.3,106.6,106.9,107.6,108.2,112.6,107.6,2020.04.5
378,378,0.0,1.1,2.7,4.0,3.4,1.8,2.4,0.0,0.0,3.6,0.0,2.6,0.0,0.0,0.0,3.3,0.0,0.0,0.0,1.6,1.4,1.6,2020.05
379,379,4.8,4.5,5.0,14.2,14.2,5.4,6.1,16.6,5.0,8.5,6.7,6.7,7.3,4.3,6.8,6.2,6.4,12.0,7.4,8.4,6.1,6.8,2020.05.1
380,380,46.6,73.3,47.0,60.7,57.2,70.0,69.0,58.4,58.4,68.0,70.1,67.7,72.8,78.7,72.8,66.9,51.8,71.6,64.4,58.4,60.5,67.7,2020.05.2
381,381,32.4,16.9,31.7,19.3,23.9,14.4,18.7,17.8,31.1,19.8,14.3,19.1,14.6,13.5,18.5,15.6,35.7,16.4,22.3,25.1,24.7,18.9,2020.05.3
382,382,16.2,4.2,13.7,1.8,1.3,8.5,3.7,7.1,5.5,0.0,8.8,3.9,5.3,3.5,2.0,8.0,6.2,0.0,5.9,6.6,7.2,5.0,2020.05.4
383,383,130.0,109.3,124.3,100.4,102.7,111.2,107.5,107.7,118.6,102.1,112.6,107.5,109.0,108.1,107.8,109.3,120.8,102.2,113.4,113.3,115.2,109.5,2020.05.5
384,384,0.0,3.4,5.0,4.0,2.7,1.8,1.2,0.0,0.0,1.4,0.8,0.0,0.0,2.1,0.0,3.5,3.4,2.5,0.0,1.6,1.3,1.5,2020.06
385,385,0.0,6.5,2.7,1.9,8.3,3.6,9.6,18.8,7.1,7.4,4.2,8.3,8.6,11.6,6.8,7.0,5.6,9.5,10.5,10.0,5.7,7.6,2020.06.1
386,386,42.9,74.2,52.9,62.9,55.2,61.4,62.2,65.9,56.9,54.8,71.2,69.7,67.3,71.2,65.1,64.3,54.9,69.6,65.0,55.0,59.8,65.0,2020.06.2
387,387,36.3,11.8,27.1,29.4,33.8,21.4,25.7,8.2,27.5,33.7,20.0,16.6,18.3,13.0,28.1,19.9,26.1,16.0,20.1,21.7,25.3,21.4,2020.06.3
388,388,20.8,4.2,12.3,1.9,0.0,11.8,1.2,7.1,8.6,2.7,3.8,5.4,5.7,2.1,0.0,5.3,10.1,2.5,4.4,11.8,7.9,4.5,2020.06.4
389,389,138.9,103.5,119.5,111.7,110.0,118.9,108.1,101.7,118.8,114.5,110.8,109.6,110.6,100.7,110.7,108.2,117.0,103.3,109.3,116.0,116.4,109.9,2020.06.5
390,390,1.7,2.2,1.4,0.0,2.6,3.6,2.4,0.0,0.0,1.3,0.0,0.0,0.0,1.4,0.0,3.5,0.7,2.5,0.0,0.0,0.8,1.2,2020.07
391,391,1.7,5.6,3.7,11.2,9.8,5.4,4.8,18.7,2.4,8.4,3.8,8.1,1.0,3.4,4.0,8.0,2.2,4.0,5.8,8.6,5.7,5.5,2020.07.1
392,392,48.4,74.2,54.0,58.1,63.5,65.3,60.7,72.5,61.0,56.0,69.2,62.2,69.1,82.2,70.2,71.0,61.4,69.1,70.1,67.4,62.6,66.8,2020.07.2
393,393,28.9,13.8,27.6,26.8,22.8,15.0,28.6,6.6,31.9,29.3,21.7,24.3,26.5,13.0,22.9,14.6,30.3,24.4,17.6,20.5,24.2,22.6,2020.07.3
394,394,19.3,4.2,13.4,3.9,1.3,10.7,3.6,2.2,4.7,4.9,5.4,5.4,3.3,0.0,3.0,2.8,5.4,0.0,6.6,3.5,6.7,3.8,2020.07.4
395,395,131.3,106.0,124.0,111.7,105.2,112.0,113.1,96.2,119.5,114.0,114.4,113.5,116.1,103.4,112.4,102.6,118.7,107.7,112.5,109.4,115.2,111.2,2020.07.5
396,396,0.0,2.3,3.0,0.0,1.3,1.8,1.2,1.1,0.0,0.0,0.8,0.0,0.0,0.0,0.0,2.4,0.7,0.0,0.0,3.2,1.0,0.7,2020.08
397,397,1.6,2.3,3.0,14.0,10.0,3.6,9.5,17.6,0.0,5.8,3.3,6.7,3.3,13.1,8.7,9.7,8.4,12.2,13.2,8.2,5.0,7.8,2020.08.1
398,398,54.7,80.1,53.1,55.9,67.6,70.7,69.5,66.3,57.8,52.5,68.7,66.7,79.6,74.6,71.2,69.8,61.9,64.6,68.4,67.1,64.2,68.3,2020.08.2
399,399,26.6,12.1,29.7,26.1,21.0,14.9,17.4,13.9,37.6,38.2,19.6,20.0,13.8,12.3,19.2,15.3,24.8,23.3,15.4,16.7,24.2,19.4,2020.08.3
400,400,17.2,3.2,11.3,4.0,0.0,9.0,2.4,1.1,4.6,3.6,7.5,6.6,3.3,0.0,1.0,2.8,4.2,0.0,3.0,4.8,5.7,3.7,2020.08.4
401,401,129.7,105.8,121.6,110.0,104.2,112.8,105.1,98.2,123.4,119.8,114.8,113.3,108.5,99.6,106.3,103.3,111.7,105.5,104.1,105.9,114.3,108.8,2020.08.5
402,402,0.0,0.0,3.9,1.8,1.3,0.0,1.2,2.2,0.0,0.0,0.0,0.0,0.0,0.0,0.0,3.5,2.6,1.4,2.0,0.0,0.8,1.2,2020.09
403,403,1.6,5.9,0.0,9.9,10.0,7.3,11.8,11.7,3.8,11.5,6.2,5.3,8.5,3.5,4.9,8.0,7.5,8.2,6.5,8.3,6.9,7.3,2020.09.1
404,404,47.6,74.2,62.1,65.2,63.0,69.8,74.1,76.9,55.3,63.6,71.9,66.7,66.4,84.7,76.5,73.6,71.5,66.3,65.7,73.2,61.3,71.5,2020.09.2
405,405,38.1,12.6,28.6,21.3,22.9,13.7,10.5,8.1,39.7,22.2,16.1,26.7,19.4,11.8,18.6,10.4,17.6,24.0,22.9,18.5,27.5,17.4,2020.09.3
406,406,12.7,7.3,5.4,1.8,2.7,9.2,2.4,1.1,1.2,2.7,5.8,1.3,5.6,0.0,0.0,4.5,0.8,0.0,3.0,0.0,3.5,2.6,2020.09.4
407,407,131.0,110.7,115.8,105.7,107.8,112.3,100.5,97.1,119.1,108.0,110.8,112.0,111.1,104.2,106.9,102.1,103.2,106.5,109.1,105.1,113.0,106.5,2020.09.5
408,408,0.0,2.4,2.9,2.1,0.0,0.0,0.0,1.0,0.0,0.0,0.0,0.0,0.0,0.0,0.0,3.5,2.6,2.4,0.0,1.6,0.4,1.1,2020.10
409,409,9.4,3.6,5.2,7.9,3.9,9.2,10.7,12.2,3.9,4.8,1.7,13.3,6.3,6.9,8.8,7.1,5.6,14.2,6.9,6.9,7.0,8.1,2020.10.1
410,410,53.1,77.7,58.3,61.0,74.9,72.3,66.1,69.4,60.5,66.7,74.2,56.0,72.1,85.7,70.6,70.3,79.5,62.3,61.7,74.7,64.1,69.2,2020.10.2
411,411,26.6,9.9,28.4,21.5,16.6,11.2,19.6,17.4,34.5,23.7,17.1,29.3,17.3,6.1,20.6,16.6,10.8,18.7,26.9,16.8,23.3,19.1,2020.10.3
412,412,10.9,6.3,5.2,7.5,4.7,7.3,3.6,0.0,1.1,4.8,7.0,1.3,4.3,1.4,0.0,2.4,1.5,2.4,4.5,0.0,5.1,2.6,2020.10.4
413,413,119.5,107.1,113.9,112.3,111.0,108.3,108.0,101.5,116.4,114.2,114.7,109.3,109.8,101.0,105.9,103.6,101.5,102.3,114.6,103.4,112.9,107.0,2020.10.5
414,414,0.0,2.3,7.5,2.1,1.3,1.8,0.0,1.0,0.0,0.0,2.1,0.0,0.0,0.0,0.0,1.1,0.7,0.0,1.4,0.0,0.8,0.5,2020.11
415,415,6.4,4.6,0.0,11.4,11.1,9.2,20.3,12.6,3.1,1.3,3.7,11.0,2.9,4.8,4.9,11.4,8.4,6.3,6.4,8.7,5.4,8.5,2020.11.1
416,416,59.7,80.8,58.7,63.6,66.4,71.6,66.6,76.5,68.6,70.7,73.9,62.9,76.3,90.4,70.8,65.4,86.0,71.0,70.2,79.6,69.9,71.3,2020.11.2
417,417,25.8,9.0,26.4,21.0,16.6,13.7,11.9,9.9,23.7,26.6,18.2,26.1,17.5,4.8,22.4,19.9,4.2,22.7,19.1,11.7,20.1,18.3,2020.11.3
418,418,8.1,3.3,7.5,1.8,4.7,3.7,1.2,0.0,4.6,1.3,2.1,0.0,3.3,0.0,2.0,2.3,0.7,0.0,2.9,0.0,3.8,1.4,2020.11.4
419,419,117.8,103.2,113.2,104.6,106.1,104.1,97.0,97.6,114.9,114.0,107.2,107.6,110.6,100.0,110.8,105.4,97.9,108.2,107.8,101.5,110.4,105.8,2020.11.5
420,420,0.0,1.2,2.9,4.1,0.0,0.0,4.8,1.1,2.3,0.0,0.8,0.0,0.0,0.0,0.0,2.4,1.5,2.6,0.0,0.0,1.0,1.1,2020.12
421,421,4.7,4.7,2.9,7.5,13.7,9.2,12.2,11.6,4.9,4.0,2.1,9.6,5.2,11.6,6.8,7.7,7.6,10.7,9.4,3.4,6.3,7.6,2020.12.1
422,422,62.0,76.2,54.5,65.9,66.1,78.5,67.4,79.4,68.4,63.3,77.5,64.4,78.3,79.5,73.8,69.3,81.8,66.6,67.3,84.8,70.9,71.8,2020.12.2
423,423,23.8,16.7,32.2,20.6,18.9,6.8,13.3,3.2,22.0,31.4,18.8,26.0,12.2,8.8,17.4,16.5,7.6,20.2,20.3,11.8,18.8,17.5,2020.12.3
424,424,9.5,1.2,7.5,1.8,1.3,5.5,2.4,4.7,2.3,1.3,0.8,0.0,4.3,0.0,2.0,4.1,1.5,0.0,3.0,0.0,3.0,2.0,2020.12.4
425,425,119.1,106.0,119.3,104.2,103.9,104.3,98.2,99.5,108.5,115.0,108.3,108.2,107.8,98.6,107.3,106.1,100.0,102.2,108.4,104.2,108.3,105.8,2020.12.5
426,426,0.0,1.1,5.2,5.4,2.2,1.7,0.0,0.0,0.0,2.1,0.9,1.3,0.0,0.0,0.0,1.2,1.6,2.1,0.0,0.0,1.0,0.9,2021.01
427,427,5.9,3.4,2.9,11.2,14.2,5.1,17.9,5.9,5.6,6.2,5.0,8.0,6.0,13.0,11.2,9.2,16.5,10.0,4.5,6.8,6.7,9.9,2021.01.1
428,428,62.9,82.4,53.9,68.4,67.3,78.3,71.4,74.4,74.2,65.3,73.9,61.3,80.6,77.4,74.8,75.6,72.1,71.9,75.4,78.0,71.0,71.9,2021.01.2
429,429,26.6,10.7,29.0,13.3,14.2,11.5,9.5,19.8,17.3,22.9,19.3,29.3,12.4,9.6,13.1,12.8,6.5,13.9,17.0,15.2,17.6,16.0,2021.01.3
430,430,4.6,2.3,9.0,1.7,2.2,3.4,1.2,0.0,2.8,3.5,0.9,0.0,1.0,0.0,0.9,1.2,3.3,2.1,3.0,0.0,3.8,1.2,2021.01.4
431,431,115.0,104.8,116.8,97.3,100.0,104.9,97.0,107.0,108.7,109.7,107.2,109.3,104.2,98.3,101.9,101.8,96.7,102.0,109.3,104.2,108.3,103.3,2021.01.5
432,432,0.0,1.1,1.7,2.0,3.3,1.8,1.2,0.0,0.0,1.3,0.8,1.4,0.0,0.0,0.0,1.1,0.8,0.0,1.5,0.0,0.7,0.8,2021.02
433,433,4.3,3.3,6.9,11.7,12.8,7.2,9.5,6.2,4.4,4.8,5.3,14.2,11.3,7.6,9.9,9.5,11.5,14.9,6.0,1.6,8.3,10.1,2021.02.1
434,434,63.1,80.3,56.4,74.4,62.9,79.3,73.0,70.8,78.0,63.2,73.4,60.4,80.5,82.4,71.3,73.4,84.6,73.9,75.3,81.4,71.5,72.4,2021.02.2
435,435,28.1,14.2,30.0,8.0,19.0,8.2,15.1,16.8,15.2,29.5,19.0,22.6,6.1,10.0,18.9,16.0,2.3,11.2,14.2,17.0,16.8,15.8,2021.02.3
436,436,4.6,1.1,5.0,4.0,2.0,3.6,1.2,6.2,2.4,1.3,1.6,1.4,2.0,0.0,0.0,0.0,0.8,0.0,3.0,0.0,2.8,0.9,2021.02.4
437,437,116.4,105.4,114.9,100.1,101.8,102.3,102.8,111.5,107.8,112.4,107.7,104.2,99.5,101.2,104.5,102.1,95.4,98.2,105.6,107.7,106.4,102.9,2021.02.5
438,438,1.7,1.2,1.7,7.6,0.0,1.8,1.3,5.1,0.0,1.3,0.0,1.5,1.1,0.0,0.0,1.3,0.0,0.0,0.0,3.3,1.0,0.9,2021.03
439,439,5.1,5.9,3.7,9.3,13.6,7.3,11.6,6.2,6.3,7.5,11.5,8.8,7.9,5.3,7.5,8.9,8.4,20.6,11.4,7.0,7.7,9.0,2021.03.1
440,440,64.4,76.0,64.4,75.8,73.9,78.6,70.3,80.1,74.6,74.8,75.4,68.0,72.4,90.8,78.4,79.7,84.2,75.0,72.0,75.3,73.7,76.3,2021.03.2
441,441,22.0,15.8,24.8,7.3,11.3,10.3,16.7,8.5,19.1,15.1,12.3,21.7,17.4,3.9,14.1,8.9,6.6,4.4,15.1,14.4,16.0,13.2,2021.03.3
442,442,6.9,1.2,5.4,0.0,1.2,1.8,0.0,0.0,0.0,1.3,0.8,0.0,1.1,0.0,0.0,1.3,0.8,0.0,1.5,0.0,1.6,0.6,2021.03.4
443,443,113.7,105.0,114.3,91.4,100.0,101.5,101.2,96.1,106.4,103.8,101.2,105.0,104.7,99.3,103.3,100.0,99.9,91.9,103.4,100.4,104.7,101.8,2021.03.5
444,444,0.0,0.0,0.0,8.1,0.0,1.8,3.4,0.0,0.0,0.0,2.3,0.0,0.0,0.0,0.0,2.1,0.8,0.0,0.0,0.0,0.4,1.0,2021.04
445,445,7.7,2.3,5.3,11.9,7.9,7.3,11.7,13.3,4.5,18.9,4.6,11.0,9.5,3.6,8.0,7.9,8.9,18.1,10.4,5.1,6.3,9.5,2021.04.1
446,446,66.4,87.7,59.5,66.5,78.3,80.6,79.0,73.5,72.5,63.2,77.1,72.6,78.8,92.9,78.6,81.3,80.6,76.4,77.2,85.1,74.9,77.8,2021.04.2
447,447,22.8,10.0,32.0,11.6,12.5,8.3,4.6,13.3,23.0,17.9,15.3,15.0,10.6,3.6,12.5,8.7,9.7,5.6,11.1,9.8,17.4,11.1,2021.04.3
448,448,3.1,0.0,3.2,1.9,1.3,1.8,1.2,0.0,0.0,0.0,0.8,1.4,1.0,0.0,0.9,0.0,0.0,0.0,1.4,0.0,1.0,0.6,2021.04.4
449,449,110.7,103.9,116.6,93.6,103.5,100.5,94.3,100.0,109.2,99.5,103.8,103.4,101.6,100.0,103.2,98.3,99.6,93.7,101.7,102.4,106.2,100.4,2021.04.5
450,450,1.4,0.0,1.7,17.7,0.0,1.8,2.4,0.0,0.0,2.5,0.0,0.0,1.1,0.0,0.0,1.0,0.7,1.4,0.0,0.0,1.2,0.8,2021.05
451,451,4.5,6.5,8.9,7.9,10.1,11.0,14.0,10.2,6.1,14.0,4.0,13.7,10.0,7.1,9.5,9.1,18.1,14.1,5.2,1.8,6.6,11.2,2021.05.1
452,452,71.4,82.8,63.8,57.2,74.6,71.6,69.6,75.4,72.8,61.6,83.5,68.5,83.4,84.6,80.0,81.3,71.8,78.9,68.5,83.5,73.6,76.2,2021.05.2
453,453,19.9,7.5,20.6,17.2,15.3,11.9,12.8,14.4,19.9,19.4,12.5,17.8,5.5,8.3,10.4,7.5,5.7,4.2,23.5,14.7,17.0,10.9,2021.05.3
454,454,2.8,3.2,5.0,0.0,0.0,3.7,1.2,0.0,1.2,2.5,0.0,0.0,0.0,0.0,0.0,1.0,3.6,1.4,2.8,0.0,1.6,0.9,2021.05.4
455,455,109.1,103.8,109.2,86.9,102.6,102.3,98.2,102.1,108.1,102.7,104.3,102.1,96.7,100.6,100.4,99.2,96.7,93.1,111.9,104.1,105.6,99.9,2021.05.5
456,456,0.0,0.0,5.4,11.4,0.0,3.7,4.5,0.0,0.0,2.2,2.5,2.7,0.0,1.2,0.0,0.0,1.5,0.0,1.5,0.0,1.0,1.4,2021.06
457,457,2.9,6.6,2.1,11.4,7.0,5.5,5.6,17.5,7.4,15.1,8.9,10.5,15.4,8.4,14.4,6.2,14.1,16.0,6.3,4.7,7.2,10.7,2021.06.1
458,458,69.8,81.4,62.5,73.6,78.7,77.0,71.1,68.2,68.1,64.9,76.5,68.1,77.0,82.1,72.5,83.5,77.8,79.7,77.9,82.4,73.5,75.4,2021.06.2
459,459,24.5,9.9,24.7,3.5,14.3,10.2,17.7,14.3,24.5,17.8,9.6,18.7,6.5,8.3,12.2,10.2,4.4,4.4,11.3,12.9,17.2,11.8,2021.06.3
460,460,2.9,2.1,5.4,0.0,0.0,3.7,1.1,0.0,0.0,0.0,2.5,0.0,1.1,0.0,0.9,0.0,2.2,0.0,3.0,0.0,1.0,0.7,2021.06.4
461,461,113.7,103.8,111.3,84.6,103.6,102.3,102.6,98.4,108.6,99.1,100.4,101.4,96.7,98.7,99.8,102.0,95.8,94.2,104.0,101.7,104.9,99.8,2021.06.5
462,462,0.0,0.0,5.4,9.8,0.0,1.8,2.3,0.0,0.0,0.0,2.4,1.2,1.0,0.0,0.0,0.0,0.0,0.0,0.0,3.0,0.9,0.7,2021.07
463,463,0.0,7.7,3.1,17.5,9.3,12.9,11.7,9.6,4.2,13.1,10.2,10.3,5.2,2.5,8.6,10.3,8.6,15.8,12.5,4.5,7.8,9.5,2021.07.1
464,464,76.9,77.9,67.7,69.1,77.9,71.0,68.3,88.4,72.8,71.0,73.3,68.4,78.5,90.2,78.4,76.3,81.4,76.3,66.8,81.8,73.7,75.4,2021.07.2
465,465,19.0,12.2,18.4,3.7,11.6,10.6,16.6,2.1,21.5,12.3,11.7,20.1,11.9,7.3,10.9,13.3,9.1,7.9,15.1,10.6,15.3,13.2,2021.07.3
466,466,4.1,2.2,5.4,0.0,1.2,3.7,1.2,0.0,1.5,3.6,2.4,0.0,3.3,0.0,2.1,0.0,0.8,0.0,5.6,0.0,2.2,1.1,2021.07.4
467,467,113.6,104.4,107.7,83.3,102.3,100.7,101.3,96.2,110.1,103.2,100.8,103.7,105.6,102.4,98.8,100.0,101.0,96.1,107.0,100.0,105.1,101.5,2021.07.5
468,468,0.0,1.2,5.8,5.1,0.0,1.9,1.1,0.0,0.0,0.0,2.6,0.0,0.0,0.0,0.9,1.0,0.8,0.0,0.0,0.0,0.5,0.7,2021.08
469,469,5.8,4.7,3.1,20.2,9.4,5.8,11.4,8.9,4.5,13.8,3.1,9.0,7.9,7.5,9.5,12.0,9.7,8.2,12.7,5.0,8.8,9.5,2021.08.1
470,470,65.2,81.6,53.3,65.6,77.6,75.4,67.8,81.2,72.3,65.6,74.5,71.2,76.4,80.5,78.2,76.7,77.4,78.3,70.4,87.3,71.5,74.7,2021.08.2
471,471,25.9,11.3,29.3,9.1,13.0,14.9,18.5,8.9,22.0,15.9,13.9,18.3,11.2,12.0,9.5,10.3,9.3,13.5,11.3,7.8,17.0,13.1,2021.08.3
472,472,3.1,1.2,8.5,0.0,0.0,1.9,1.1,1.0,1.2,4.7,5.9,1.5,4.5,0.0,2.0,0.0,2.8,0.0,5.6,0.0,2.1,2.1,2021.08.4
473,473,113.1,103.3,115.8,89.3,101.8,104.5,103.5,101.0,110.0,105.7,108.7,106.1,106.2,102.3,101.1,98.2,101.8,102.6,105.0,101.4,105.7,103.2,2021.08.5
474,474,1.4,0.0,9.8,3.8,0.0,0.0,1.1,1.0,1.6,0.0,0.0,1.2,0.0,0.0,0.9,3.0,0.0,0.0,0.0,0.0,1.5,1.0,2021.09
475,475,0.0,7.4,4.2,18.6,6.9,5.7,6.9,11.1,4.6,13.7,9.4,9.0,4.9,9.1,13.2,12.6,11.1,9.2,2.8,7.6,7.5,10.3,2021.09.1
476,476,72.0,83.1,55.0,75.9,78.1,76.4,73.2,79.9,76.3,62.5,80.4,72.6,80.5,85.7,72.4,77.6,79.8,83.0,74.2,83.3,74.2,76.2,2021.09.2
477,477,20.6,7.4,25.4,1.7,15.0,12.3,17.7,8.0,14.9,22.5,7.8,15.6,13.4,3.9,13.5,5.8,7.1,7.8,20.2,9.1,14.6,11.2,2021.09.3
478,478,5.9,2.1,5.6,0.0,0.0,5.7,1.1,0.0,2.6,1.3,2.4,1.5,1.2,1.3,0.0,1.0,2.0,0.0,2.8,0.0,2.2,1.2,2021.09.4
479,479,114.9,102.1,106.4,87.8,104.1,109.0,105.4,97.4,106.1,105.7,101.6,103.5,105.5,98.7,99.3,94.6,100.0,99.3,111.5,100.7,104.3,100.7,2021.09.5
480,480,0.0,0.0,7.3,5.6,0.0,0.0,2.4,0.0,1.5,3.5,0.8,2.5,0.0,0.0,0.0,2.7,1.5,0.0,0.0,1.5,0.9,1.6,2021.10
481,481,2.8,6.9,7.0,22.1,7.9,8.6,4.8,9.5,5.8,9.7,9.1,10.6,8.4,6.3,7.4,10.1,5.1,18.7,4.4,8.3,7.3,8.7,2021.10.1
482,482,71.5,78.5,56.7,64.9,78.3,75.7,79.8,87.6,71.2,67.7,71.9,70.7,73.2,86.4,76.9,81.9,84.1,74.5,83.7,80.7,73.8,77.0,2021.10.2
483,483,17.9,13.5,23.2,7.4,12.6,14.0,11.9,3.0,20.2,17.8,15.6,16.2,14.8,7.3,15.7,5.3,7.2,6.7,7.5,7.9,15.7,11.7,2021.10.3
484,484,7.8,1.1,5.8,0.0,1.2,1.8,1.2,0.0,1.4,1.2,2.6,0.0,3.7,0.0,0.0,0.0,2.1,0.0,4.4,1.5,2.3,0.9,2021.10.4
485,485,115.4,104.4,106.6,87.0,103.6,104.5,102.4,96.8,107.1,101.7,105.0,100.3,106.9,100.5,104.2,95.0,101.5,94.0,106.0,99.8,105.6,100.8,2021.10.5
486,486,0.0,1.1,7.6,7.2,0.0,0.0,2.4,1.0,3.1,1.2,0.0,1.3,0.0,0.0,0.9,2.6,0.0,0.0,0.0,1.6,1.5,1.1,2021.11
487,487,5.9,5.6,7.1,18.6,7.9,6.8,10.7,21.6,5.9,9.6,4.8,7.6,11.9,7.7,7.3,9.3,4.8,13.6,4.5,10.0,7.9,8.4,2021.11.1
488,488,74.5,83.3,56.5,69.1,78.2,79.3,75.3,68.6,71.4,68.9,82.4,74.7,79.8,84.6,80.8,75.0,84.8,70.6,85.1,80.4,75.5,77.6,2021.11.2
489,489,18.2,8.9,22.8,5.1,12.7,10.4,8.1,8.8,17.0,16.6,10.4,13.5,8.2,7.7,9.1,13.1,10.4,15.8,7.4,8.1,13.0,11.4,2021.11.3
490,490,1.4,1.1,6.0,0.0,1.2,3.6,3.5,0.0,2.6,3.6,2.5,2.9,0.0,0.0,1.9,0.0,0.0,0.0,3.0,0.0,2.0,1.4,2021.11.4
491,491,107.5,101.6,106.2,86.1,103.6,105.4,99.7,92.6,105.0,105.9,105.3,104.6,98.2,100.0,101.9,99.2,102.8,101.1,104.4,97.5,103.1,101.8,2021.11.5
492,492,1.7,0.0,4.7,9.4,0.0,0.0,2.3,1.0,0.0,1.2,0.0,1.3,1.1,1.3,0.0,1.0,0.8,0.0,0.0,0.0,0.9,0.9,2021.12
493,493,7.9,6.7,1.6,18.9,8.0,9.0,7.9,10.3,9.8,12.0,7.2,8.1,10.4,6.4,8.5,9.6,7.8,12.0,7.7,9.8,10.6,8.8,2021.12.1
494,494,74.5,79.0,60.4,62.8,79.7,85.7,71.6,82.3,65.0,59.0,77.8,75.6,72.8,84.6,75.2,79.2,84.0,78.0,76.4,82.3,71.7,76.5,2021.12.2
495,495,14.4,14.3,26.3,8.8,12.3,3.6,14.8,6.5,22.7,26.6,15.0,13.5,14.7,7.7,16.3,8.1,5.4,10.1,12.9,7.9,14.9,12.5,2021.12.3
496,496,1.5,0.0,7.0,0.0,0.0,1.8,3.4,0.0,2.5,1.2,0.0,1.5,1.1,0.0,0.0,2.1,1.9,0.0,3.0,0.0,1.8,1.3,2021.12.4
497,497,103.0,103.8,114.6,85.5,102.2,99.1,104.6,97.1,109.0,107.3,103.9,102.8,102.2,99.4,103.9,100.3,100.0,99.1,105.5,99.1,103.1,102.2,2021.12.5
498,498,0.0,0.0,4.9,7.8,1.3,1.9,2.3,1.0,1.7,1.2,0.8,1.2,0.0,0.0,0.0,1.1,0.8,1.3,0.0,0.0,1.4,0.9,2022.01
499,499,4.6,7.7,4.9,23.4,11.5,7.0,8.2,15.7,5.6,9.7,5.7,12.5,7.0,3.6,13.1,7.4,14.6,10.7,8.7,5.0,8.5,9.7,2022.01.1
500,500,75.2,82.3,59.8,57.9,75.4,84.1,69.0,76.4,70.3,65.8,79.9,67.9,85.2,94.0,67.8,81.2,72.9,74.7,73.9,79.7,73.8,75.2,2022.01.2
501,501,17.4,10.0,24.5,11.0,10.6,5.1,19.4,6.9,21.1,22.0,13.7,16.9,6.7,2.4,18.1,10.2,11.8,13.3,13.1,15.3,14.8,13.5,2022.01.3
502,502,2.9,0.0,6.0,0.0,1.3,1.9,1.1,0.0,1.3,1.2,0.0,1.5,1.1,0.0,0.9,0.0,0.0,0.0,4.2,0.0,1.5,0.6,2022.01.4
503,503,109.2,101.1,110.9,86.0,99.5,99.1,104.5,94.6,107.3,106.2,103.2,102.4,100.9,99.4,103.4,100.3,97.9,100.0,106.5,105.1,103.3,101.6,2022.01.5
504,504,0.0,1.1,1.6,6.2,0.0,0.0,3.7,0.9,1.7,1.3,0.8,1.2,0.0,0.0,0.0,1.2,1.6,0.0,0.0,0.0,1.4,1.1,2022.02
505,505,4.3,6.6,7.8,14.8,4.5,7.3,6.4,18.0,3.0,14.0,9.8,12.8,9.7,3.7,11.7,5.2,11.7,9.3,11.5,6.8,6.2,9.6,2022.02.1
506,506,77.6,79.3,66.4,69.6,84.3,85.8,74.7,78.3,67.7,64.7,73.0,67.6,76.7,91.2,76.1,81.0,72.6,79.6,77.0,84.8,73.8,75.0,2022.02.2
507,507,13.3,10.9,19.7,9.4,10.1,6.9,13.9,2.8,25.0,20.0,16.4,15.7,13.6,5.1,12.2,10.9,14.2,9.7,10.1,8.4,16.3,13.4,2022.02.3
508,508,4.7,2.1,4.5,0.0,1.1,0.0,1.2,0.0,2.6,0.0,0.0,2.7,0.0,0.0,0.0,1.7,0.0,1.4,1.4,0.0,2.3,1.0,2022.02.4
509,509,109.2,103.2,108.9,91.1,103.9,99.8,101.3,91.5,111.9,101.7,102.5,102.9,101.9,100.7,100.2,103.4,99.7,101.6,100.7,100.8,105.9,101.8,2022.02.5
510,510,0.0,1.1,0.0,6.0,0.0,0.0,1.2,0.0,0.0,2.5,1.6,2.5,0.0,0.0,0.0,2.3,0.8,0.0,0.0,0.0,0.7,1.4,2022.03
511,511,5.0,6.6,6.2,13.5,10.0,7.3,13.3,9.0,7.6,7.4,9.6,11.5,10.6,2.4,10.7,5.1,10.9,11.2,8.7,13.4,8.5,9.2,2022.03.1
512,512,74.5,79.5,70.1,69.3,76.4,79.2,72.3,88.2,69.7,66.7,77.6,72.6,78.2,94.1,72.5,84.6,75.7,80.1,82.7,77.0,74.9,77.4,2022.03.2
513,513,16.1,12.8,20.3,11.2,11.2,11.6,12.0,2.8,21.6,22.0,8.8,13.4,11.2,3.5,16.8,7.9,12.6,7.5,7.2,9.6,14.0,11.6,2022.03.3
514,514,4.5,0.0,3.5,0.0,2.4,1.8,1.2,0.0,1.2,1.3,2.5,0.0,0.0,0.0,0.0,0.0,0.0,1.2,1.4,0.0,1.8,0.4,2022.03.4
515,515,110.1,102.0,110.5,92.9,103.0,104.0,99.4,96.9,108.2,106.0,100.5,98.5,100.3,100.5,103.0,99.1,100.1,99.4,100.7,98.1,103.8,100.2,2022.03.5
516,516,0.0,1.1,1.5,3.9,0.0,0.0,6.1,0.9,0.0,2.5,1.6,0.0,0.0,0.0,0.0,1.1,0.0,0.0,0.0,1.5,0.8,1.0,2022.04
517,517,4.8,5.6,9.7,19.0,7.8,8.3,9.8,29.4,4.8,9.7,16.6,15.4,9.9,1.2,16.2,7.6,11.0,11.3,1.4,7.9,6.6,11.7,2022.04.1
518,518,80.0,83.3,62.0,69.8,80.8,86.4,71.9,69.7,71.2,74.2,71.7,68.7,75.4,93.9,71.8,83.1,81.3,69.9,80.9,80.7,76.3,76.0,2022.04.2
519,519,12.2,7.9,26.7,7.3,9.1,3.5,11.0,0.0,21.6,13.6,7.8,15.9,14.8,4.8,12.0,8.2,7.7,17.5,14.7,9.8,14.3,11.0,2022.04.3
520,520,3.0,2.1,0.0,0.0,2.3,1.7,1.2,0.0,2.4,0.0,2.4,0.0,0.0,0.0,0.0,0.0,0.0,1.3,2.9,0.0,2.1,0.3,2022.04.4
521,521,106.7,102.1,106.9,90.2,103.0,99.3,95.7,84.4,110.8,99.4,96.5,100.2,102.4,101.8,97.9,99.2,98.3,104.4,109.5,99.4,105.2,99.0,2022.04.5
522,522,0.0,1.1,2.6,2.1,0.0,0.0,1.3,0.9,0.0,3.7,2.5,1.2,0.0,0.0,0.0,2.0,0.8,4.2,1.4,0.0,0.7,1.4,2022.05
523,523,1.4,7.9,5.6,10.1,7.8,3.6,10.1,23.8,11.0,13.1,12.0,16.4,10.8,6.1,9.4,12.5,13.6,11.4,8.9,11.2,8.7,12.4,2022.05.1
524,524,75.3,81.9,66.0,82.0,79.0,87.5,76.2,73.6,74.3,73.7,73.6,76.8,76.9,91.6,79.2,72.0,65.1,74.8,71.1,83.8,74.8,74.9,2022.05.2
525,525,20.6,6.9,25.9,3.9,12.2,9.0,11.0,0.9,14.8,8.2,12.0,5.6,12.4,2.4,11.4,11.5,20.5,9.5,14.3,5.0,14.3,10.7,2022.05.3
526,526,2.7,2.1,0.0,2.0,1.1,0.0,1.3,0.9,0.0,1.2,0.0,0.0,0.0,0.0,0.0,2.0,0.0,0.0,4.2,0.0,1.5,0.6,2022.05.4
527,527,112.4,100.5,107.6,96.8,103.3,102.7,100.4,88.5,101.9,95.0,97.5,93.4,100.8,98.1,101.0,99.5,102.7,94.8,105.5,96.9,103.6,98.3,2022.05.5
528,528,0.0,0.0,5.8,2.1,0.0,1.7,2.4,0.0,0.0,2.5,2.5,2.7,0.0,1.2,0.0,0.0,0.8,0.0,2.8,0.0,0.9,1.2,2022.06
529,529,2.7,8.8,7.3,9.8,12.0,4.8,15.5,9.7,9.3,15.9,7.1,17.3,7.6,9.4,14.7,5.8,10.2,13.9,3.0,8.5,8.0,11.3,2022.06.1
530,530,78.9,77.9,52.8,82.3,74.7,83.3,60.7,81.5,70.7,70.7,75.7,71.2,81.4,87.1,73.3,81.7,74.7,78.1,77.3,87.4,74.9,75.5,2022.06.2
531,531,17.1,9.9,34.1,4.0,12.2,6.6,20.2,8.8,18.8,9.7,7.3,8.8,11.0,2.4,12.0,11.5,14.3,8.0,14.1,4.2,14.6,10.9,2022.06.3
532,532,1.3,3.3,0.0,1.9,1.1,3.5,1.2,0.0,1.2,1.2,7.4,0.0,0.0,0.0,0.0,1.0,0.0,0.0,2.8,0.0,1.6,1.0,2022.06.4
533,533,108.5,103.9,107.6,96.9,101.2,102.6,101.2,99.6,105.9,95.7,105.0,93.0,101.7,95.3,98.6,103.9,101.2,97.1,105.5,97.9,104.0,99.7,2022.06.5
534,534,1.3,0.0,4.5,8.2,0.0,0.0,1.2,0.9,0.0,2.4,0.0,0.0,0.0,3.5,2.3,2.9,0.7,1.2,0.0,0.0,1.2,1.4,2022.07
535,535,5.2,3.3,6.0,11.2,12.8,6.5,8.4,24.9,11.7,21.2,5.2,18.9,7.9,3.5,11.8,6.3,12.0,12.9,2.6,8.2,8.7,11.1,2022.07.1
536,536,73.3,84.4,62.8,70.3,74.5,83.5,77.1,71.7,64.6,63.5,75.1,65.4,75.1,88.2,73.4,80.0,77.4,78.4,72.0,87.3,72.7,74.5,2022.07.2
537,537,17.6,6.6,25.2,8.6,12.8,8.2,9.7,2.6,22.5,11.8,17.3,15.7,17.0,2.4,12.6,10.9,9.8,7.4,22.7,4.4,15.9,12.4,2022.07.3
538,538,2.6,5.7,1.4,1.7,0.0,1.7,3.6,0.0,1.2,1.2,2.5,0.0,0.0,2.4,0.0,0.0,0.0,0.0,2.6,0.0,1.4,0.7,2022.07.4
539,539,107.5,107.3,106.5,92.2,100.0,102.6,103.0,88.0,106.6,94.1,108.5,98.4,104.5,98.2,98.2,99.4,98.1,96.0,112.7,98.1,103.8,99.9,2022.07.5
540,540,1.3,1.1,0.0,4.1,0.0,0.0,1.3,0.9,0.0,3.6,1.4,0.0,0.0,0.0,0.0,1.9,2.3,0.0,0.0,0.0,1.2,1.1,2022.08
541,541,0.0,4.5,7.4,17.5,9.2,6.4,9.7,8.9,6.1,12.9,8.1,19.4,7.4,0.0,8.5,5.7,15.9,12.2,8.8,5.7,7.7,10.6,2022.08.1
542,542,70.9,84.2,62.8,67.9,76.0,80.5,79.6,88.5,60.7,72.9,63.3,58.2,76.7,86.6,74.0,81.0,72.2,82.5,68.0,85.7,69.0,72.9,2022.08.2
543,543,27.8,10.2,25.4,10.6,13.7,8.3,8.2,1.7,30.9,7.0,21.5,21.3,15.8,11.0,16.7,11.4,9.6,5.3,17.6,8.6,20.3,14.1,2022.08.3
544,544,0.0,0.0,4.3,0.0,1.1,4.8,1.3,0.0,2.4,3.6,5.6,1.1,0.0,2.5,0.8,0.0,0.0,0.0,5.6,0.0,1.8,1.2,2022.08.4
545,545,112.6,101.7,113.3,92.5,103.4,105.7,99.2,95.6,114.8,97.0,110.9,102.1,104.2,107.9,104.9,100.9,94.5,96.6,110.0,101.4,106.8,101.9,2022.08.5
546,546,1.9,0.0,1.4,6.3,0.0,0.0,1.2,0.0,0.0,2.4,1.4,0.0,0.0,0.0,0.0,1.0,1.6,1.3,1.4,0.0,1.0,0.8,2022.09
547,547,5.1,5.7,9.1,12.2,7.0,8.1,7.0,11.4,6.6,21.2,4.3,13.5,8.3,7.1,7.7,8.1,14.8,8.2,9.2,4.3,7.2,10.1,2022.09.1
548,548,69.6,85.3,70.2,70.9,83.1,78.8,82.5,84.4,64.8,61.1,73.3,67.3,72.8,79.8,83.4,78.2,72.7,82.6,68.3,88.5,74.3,74.8,2022.09.2
549,549,23.4,7.9,14.7,7.1,9.9,9.7,8.1,4.2,26.4,15.3,15.2,16.6,15.2,11.9,8.9,12.6,10.9,7.9,17.0,7.2,15.7,12.8,2022.09.3
550,550,0.0,1.1,4.5,3.5,0.0,3.3,1.2,0.0,2.2,0.0,5.8,2.6,3.7,1.2,0.0,0.0,0.0,0.0,4.1,0.0,1.8,1.5,2022.09.4
551,551,107.3,102.2,105.9,94.7,101.5,104.2,100.5,96.4,112.1,94.7,109.9,104.2,107.1,103.6,100.6,101.3,96.5,98.5,106.7,101.4,105.0,102.1,2022.09.5
552,552,0.0,0.0,1.4,2.4,0.0,0.0,2.4,0.8,0.0,1.1,3.2,0.0,0.0,2.4,2.1,1.0,0.8,4.1,0.0,3.1,0.9,1.3,2022.10
553,553,1.3,5.7,7.2,5.6,6.0,3.2,3.7,15.9,8.3,11.4,7.8,14.1,12.0,4.8,9.5,5.0,14.1,10.8,9.1,4.2,6.9,9.5,2022.10.1
554,554,64.6,86.1,63.8,79.4,79.0,83.3,81.2,80.7,73.7,70.3,67.6,63.2,65.5,86.9,73.1,86.1,78.4,78.4,72.8,85.4,75.4,74.7,2022.10.2
555,555,31.6,5.8,23.2,9.5,13.9,11.7,8.9,2.5,16.8,16.1,17.4,21.6,19.7,4.8,15.4,6.8,6.7,6.7,15.4,7.3,15.2,13.1,2022.10.3
556,556,2.5,2.4,4.3,3.1,1.1,1.7,3.8,0.0,1.1,1.1,3.9,1.2,2.8,1.2,0.0,1.0,0.0,0.0,2.7,0.0,1.6,1.4,2022.10.4
557,557,117.7,102.4,110.9,102.7,105.1,106.0,104.0,92.5,105.4,102.4,105.5,104.9,106.6,98.9,100.9,100.9,95.5,93.9,105.9,98.4,104.9,101.9,2022.10.5
558,558,1.3,0.0,3.1,2.3,1.1,0.0,2.4,0.9,0.0,1.2,4.7,0.0,0.0,0.0,0.9,2.2,0.8,0.0,0.0,2.3,1.0,1.3,2022.11
559,559,7.8,6.9,6.0,11.0,13.1,1.7,8.4,17.7,13.6,18.6,8.9,13.5,7.3,9.5,8.5,4.8,8.4,9.6,6.4,7.8,10.9,9.3,2022.11.1
560,560,60.6,86.2,73.1,72.4,75.4,87.0,75.7,78.8,68.5,61.6,68.9,68.7,75.4,86.9,82.5,83.1,80.8,81.0,75.2,86.8,71.6,76.5,2022.11.2
561,561,30.3,5.8,17.9,12.7,9.2,9.6,11.0,1.7,15.8,18.6,15.1,16.6,14.6,3.6,8.2,9.9,10.0,9.4,15.6,3.1,15.2,12.0,2022.11.3
562,562,0.0,1.1,0.0,1.6,1.1,1.7,2.4,0.9,2.2,0.0,2.5,1.2,2.6,0.0,0.0,0.0,0.0,0.0,2.8,0.0,1.3,0.9,2022.11.4
563,563,109.9,100.6,102.9,100.1,98.0,105.7,101.3,92.0,103.3,98.9,100.9,102.7,106.3,97.0,99.0,100.4,100.0,99.9,107.3,95.4,102.5,100.9,2022.11.5
564,564,0.0,0.0,4.4,4.6,0.0,1.7,2.4,0.0,0.0,3.5,2.5,0.0,2.5,0.0,0.0,2.1,0.0,0.0,0.0,0.0,1.2,1.2,2022.12
565,565,3.8,5.7,7.5,14.9,8.3,1.7,6.2,19.3,9.9,14.9,13.8,11.0,3.1,7.4,6.4,7.0,19.4,8.3,9.3,4.0,8.8,9.8,2022.12.1
566,566,72.9,85.0,68.7,68.0,76.9,86.6,80.0,70.2,68.1,63.3,69.1,71.1,73.9,80.3,73.3,78.1,72.9,76.4,67.9,87.3,72.0,73.8,2022.12.2
567,567,15.6,6.9,13.5,9.1,13.7,8.2,10.2,10.5,17.1,14.9,11.4,17.9,14.3,12.3,17.3,9.9,7.7,15.3,15.8,8.7,13.9,13.0,2022.12.3
568,568,7.8,2.4,6.0,3.4,1.1,1.7,1.2,0.0,5.0,3.5,3.3,0.0,6.1,0.0,2.9,3.0,0.0,0.0,7.1,0.0,4.0,2.1,2022.12.4
569,569,113.7,102.9,104.5,96.0,103.8,103.3,100.8,95.6,108.6,100.0,99.6,103.4,109.1,102.5,108.4,102.4,94.2,103.5,110.3,102.3,105.3,102.4,2022.12.5
570,570,0.0,0.0,3.1,4.1,1.2,0.0,3.8,0.9,0.0,3.5,0.8,1.1,2.6,0.0,0.0,0.0,0.8,0.0,0.0,0.0,0.4,1.1,2023.01
571,571,4.4,5.6,3.2,10.6,4.7,6.5,8.8,19.4,13.5,15.1,11.6,10.0,1.1,7.1,13.5,7.8,9.3,11.7,5.5,4.0,8.5,9.4,2023.01.1
572,572,67.3,84.0,56.3,75.4,81.3,83.5,66.8,68.2,61.6,59.3,68.9,62.9,75.1,83.3,65.6,81.6,74.4,73.9,81.2,89.5,71.9,71.3,2023.01.2
573,573,23.9,5.7,31.2,8.3,10.5,6.5,16.7,11.5,18.0,22.1,16.2,24.8,18.6,9.6,18.8,10.7,14.0,14.4,7.8,6.5,14.7,16.9,2023.01.3
574,574,4.4,4.6,6.2,1.7,2.3,3.4,3.9,0.0,6.9,0.0,2.6,1.1,2.6,0.0,2.2,0.0,1.5,0.0,5.5,0.0,4.5,1.4,2023.01.4
575,575,114.2,104.7,117.2,96.5,104.0,103.4,104.0,95.1,109.1,100.0,104.1,107.4,108.7,101.2,104.8,101.5,103.1,101.4,106.7,101.3,107.3,104.0,2023.01.5
