"구분별(1)",구분별(2),구분별(3),2015.02,2015.02,2015.02,2015.02,2015.02,2015.02,2015.03,2015.03,2015.03,2015.03,2015.03,2015.03,2015.04,2015.04,2015.04,2015.04,2015.04,2015.04,2015.05,2015.05,2015.05,2015.05,2015.05,2015.05,2015.06,2015.06,2015.06,2015.06,2015.06,2015.06,2015.07,2015.07,2015.07,2015.07,2015.07,2015.07,2015.08,2015.08,2015.08,2015.08,2015.08,2015.08,2015.09,2015.09,2015.09,2015.09,2015.09,2015.09,2015.10,2015.10,2015.10,2015.10,2015.10,2015.10,2015.11,2015.11,2015.11,2015.11,2015.11,2015.11,2015.12,2015.12,2015.12,2015.12,2015.12,2015.12,2016.01,2016.01,2016.01,2016.01,2016.01,2016.01,2016.02,2016.02,2016.02,2016.02,2016.02,2016.02,2016.03,2016.03,2016.03,2016.03,2016.03,2016.03,2016.04,2016.04,2016.04,2016.04,2016.04,2016.04,2016.05,2016.05,2016.05,2016.05,2016.05,2016.05,2016.06,2016.06,2016.06,2016.06,2016.06,2016.06,2016.07,2016.07,2016.07,2016.07,2016.07,2016.07,2016.08,2016.08,2016.08,2016.08,2016.08,2016.08,2016.09,2016.09,2016.09,2016.09,2016.09,2016.09,2016.10,2016.10,2016.10,2016.10,2016.10,2016.10,2016.11,2016.11,2016.11,2016.11,2016.11,2016.11,2016.12,2016.12,2016.12,2016.12,2016.12,2016.12,2017.01,2017.01,2017.01,2017.01,2017.01,2017.01,2017.02,2017.02,2017.02,2017.02,2017.02,2017.02,2017.03,2017.03,2017.03,2017.03,2017.03,2017.03,2017.04,2017.04,2017.04,2017.04,2017.04,2017.04,2017.05,2017.05,2017.05,2017.05,2017.05,2017.05,2017.06,2017.06,2017.06,2017.06,2017.06,2017.06,2017.07,2017.07,2017.07,2017.07,2017.07,2017.07,2017.08,2017.08,2017.08,2017.08,2017.08,2017.08,2017.09,2017.09,2017.09,2017.09,2017.09,2017.09,2017.10,2017.10,2017.10,2017.10,2017.10,2017.10,2017.11,2017.11,2017.11,2017.11,2017.11,2017.11,2017.12,2017.12,2017.12,2017.12,2017.12,2017.12,2018.01,2018.01,2018.01,2018.01,2018.01,2018.01,2018.02,2018.02,2018.02,2018.02,2018.02,2018.02,2018.03,2018.03,2018.03,2018.03,2018.03,2018.03,2018.04,2018.04,2018.04,2018.04,2018.04,2018.04,2018.05,2018.05,2018.05,2018.05,2018.05,2018.05,2018.06,2018.06,2018.06,2018.06,2018.06,2018.06,2018.07,2018.07,2018.07,2018.07,2018.07,2018.07,2018.08,2018.08,2018.08,2018.08,2018.08,2018.08,2018.09,2018.09,2018.09,2018.09,2018.09,2018.09,2018.10,2018.10,2018.10,2018.10,2018.10,2018.10,2018.11,2018.11,2018.11,2018.11,2018.11,2018.11,2018.12,2018.12,2018.12,2018.12,2018.12,2018.12,2019.01,2019.01,2019.01,2019.01,2019.01,2019.01,2019.02,2019.02,2019.02,2019.02,2019.02,2019.02,2019.03,2019.03,2019.03,2019.03,2019.03,2019.03,2019.04,2019.04,2019.04,2019.04,2019.04,2019.04,2019.05,2019.05,2019.05,2019.05,2019.05,2019.05,2019.06,2019.06,2019.06,2019.06,2019.06,2019.06,2019.07,2019.07,2019.07,2019.07,2019.07,2019.07,2019.08,2019.08,2019.08,2019.08,2019.08,2019.08,2019.09,2019.09,2019.09,2019.09,2019.09,2019.09,2019.10,2019.10,2019.10,2019.10,2019.10,2019.10,2019.11,2019.11,2019.11,2019.11,2019.11,2019.11,2019.12,2019.12,2019.12,2019.12,2019.12,2019.12,2020.01,2020.01,2020.01,2020.01,2020.01,2020.01,2020.02,2020.02,2020.02,2020.02,2020.02,2020.02,2020.03,2020.03,2020.03,2020.03,2020.03,2020.03,2020.04,2020.04,2020.04,2020.04,2020.04,2020.04,2020.05,2020.05,2020.05,2020.05,2020.05,2020.05,2020.06,2020.06,2020.06,2020.06,2020.06,2020.06,2020.07,2020.07,2020.07,2020.07,2020.07,2020.07,2020.08,2020.08,2020.08,2020.08,2020.08,2020.08,2020.09,2020.09,2020.09,2020.09,2020.09,2020.09,2020.10,2020.10,2020.10,2020.10,2020.10,2020.10,2020.11,2020.11,2020.11,2020.11,2020.11,2020.11,2020.12,2020.12,2020.12,2020.12,2020.12,2020.12,2021.01,2021.01,2021.01,2021.01,2021.01,2021.01,2021.02,2021.02,2021.02,2021.02,2021.02,2021.02,2021.03,2021.03,2021.03,2021.03,2021.03,2021.03,2021.04,2021.04,2021.04,2021.04,2021.04,2021.04,2021.05,2021.05,2021.05,2021.05,2021.05,2021.05,2021.06,2021.06,2021.06,2021.06,2021.06,2021.06,2021.07,2021.07,2021.07,2021.07,2021.07,2021.07,2021.08,2021.08,2021.08,2021.08,2021.08,2021.08,2021.09,2021.09,2021.09,2021.09,2021.09,2021.09,2021.10,2021.10,2021.10,2021.10,2021.10,2021.10,2021.11,2021.11,2021.11,2021.11,2021.11,2021.11,2021.12,2021.12,2021.12,2021.12,2021.12,2021.12,2022.01,2022.01,2022.01,2022.01,2022.01,2022.01,2022.02,2022.02,2022.02,2022.02,2022.02,2022.02,2022.03,2022.03,2022.03,2022.03,2022.03,2022.03,2022.04,2022.04,2022.04,2022.04,2022.04,2022.04,2022.05,2022.05,2022.05,2022.05,2022.05,2022.05,2022.06,2022.06,2022.06,2022.06,2022.06,2022.06,2022.07,2022.07,2022.07,2022.07,2022.07,2022.07,2022.08,2022.08,2022.08,2022.08,2022.08,2022.08,2022.09,2022.09,2022.09,2022.09,2022.09,2022.09,2022.10,2022.10,2022.10,2022.10,2022.10,2022.10,2022.11,2022.11,2022.11,2022.11,2022.11,2022.11,2022.12,2022.12,2022.12,2022.12,2022.12,2022.12,2023.01,2023.01,2023.01,2023.01,2023.01,2023.01
"구분별(1)",구분별(2),구분별(3),매우감소 (%),다소감소 (%),동일 (%),다소증가 (%),매우증가 (%),SBHI,매우감소 (%),다소감소 (%),동일 (%),다소증가 (%),매우증가 (%),SBHI,매우감소 (%),다소감소 (%),동일 (%),다소증가 (%),매우증가 (%),SBHI,매우감소 (%),다소감소 (%),동일 (%),다소증가 (%),매우증가 (%),SBHI,매우감소 (%),다소감소 (%),동일 (%),다소증가 (%),매우증가 (%),SBHI,매우감소 (%),다소감소 (%),동일 (%),다소증가 (%),매우증가 (%),SBHI,매우감소 (%),다소감소 (%),동일 (%),다소증가 (%),매우증가 (%),SBHI,매우감소 (%),다소감소 (%),동일 (%),다소증가 (%),매우증가 (%),SBHI,매우감소 (%),다소감소 (%),동일 (%),다소증가 (%),매우증가 (%),SBHI,매우감소 (%),다소감소 (%),동일 (%),다소증가 (%),매우증가 (%),SBHI,매우감소 (%),다소감소 (%),동일 (%),다소증가 (%),매우증가 (%),SBHI,매우감소 (%),다소감소 (%),동일 (%),다소증가 (%),매우증가 (%),SBHI,매우감소 (%),다소감소 (%),동일 (%),다소증가 (%),매우증가 (%),SBHI,매우감소 (%),다소감소 (%),동일 (%),다소증가 (%),매우증가 (%),SBHI,매우감소 (%),다소감소 (%),동일 (%),다소증가 (%),매우증가 (%),SBHI,매우감소 (%),다소감소 (%),동일 (%),다소증가 (%),매우증가 (%),SBHI,매우감소 (%),다소감소 (%),동일 (%),다소증가 (%),매우증가 (%),SBHI,매우감소 (%),다소감소 (%),동일 (%),다소증가 (%),매우증가 (%),SBHI,매우감소 (%),다소감소 (%),동일 (%),다소증가 (%),매우증가 (%),SBHI,매우감소 (%),다소감소 (%),동일 (%),다소증가 (%),매우증가 (%),SBHI,매우감소 (%),다소감소 (%),동일 (%),다소증가 (%),매우증가 (%),SBHI,매우감소 (%),다소감소 (%),동일 (%),다소증가 (%),매우증가 (%),SBHI,매우감소 (%),다소감소 (%),동일 (%),다소증가 (%),매우증가 (%),SBHI,매우감소 (%),다소감소 (%),동일 (%),다소증가 (%),매우증가 (%),SBHI,매우감소 (%),다소감소 (%),동일 (%),다소증가 (%),매우증가 (%),SBHI,매우감소 (%),다소감소 (%),동일 (%),다소증가 (%),매우증가 (%),SBHI,매우감소 (%),다소감소 (%),동일 (%),다소증가 (%),매우증가 (%),SBHI,매우감소 (%),다소감소 (%),동일 (%),다소증가 (%),매우증가 (%),SBHI,매우감소 (%),다소감소 (%),동일 (%),다소증가 (%),매우증가 (%),SBHI,매우감소 (%),다소감소 (%),동일 (%),다소증가 (%),매우증가 (%),SBHI,매우감소 (%),다소감소 (%),동일 (%),다소증가 (%),매우증가 (%),SBHI,매우감소 (%),다소감소 (%),동일 (%),다소증가 (%),매우증가 (%),SBHI,매우감소 (%),다소감소 (%),동일 (%),다소증가 (%),매우증가 (%),SBHI,매우감소 (%),다소감소 (%),동일 (%),다소증가 (%),매우증가 (%),SBHI,매우감소 (%),다소감소 (%),동일 (%),다소증가 (%),매우증가 (%),SBHI,매우감소 (%),다소감소 (%),동일 (%),다소증가 (%),매우증가 (%),SBHI,매우감소 (%),다소감소 (%),동일 (%),다소증가 (%),매우증가 (%),SBHI,매우감소 (%),다소감소 (%),동일 (%),다소증가 (%),매우증가 (%),SBHI,매우감소 (%),다소감소 (%),동일 (%),다소증가 (%),매우증가 (%),SBHI,매우감소 (%),다소감소 (%),동일 (%),다소증가 (%),매우증가 (%),SBHI,매우감소 (%),다소감소 (%),동일 (%),다소증가 (%),매우증가 (%),SBHI,매우감소 (%),다소감소 (%),동일 (%),다소증가 (%),매우증가 (%),SBHI,매우감소 (%),다소감소 (%),동일 (%),다소증가 (%),매우증가 (%),SBHI,매우감소 (%),다소감소 (%),동일 (%),다소증가 (%),매우증가 (%),SBHI,매우감소 (%),다소감소 (%),동일 (%),다소증가 (%),매우증가 (%),SBHI,매우감소 (%),다소감소 (%),동일 (%),다소증가 (%),매우증가 (%),SBHI,매우감소 (%),다소감소 (%),동일 (%),다소증가 (%),매우증가 (%),SBHI,매우감소 (%),다소감소 (%),동일 (%),다소증가 (%),매우증가 (%),SBHI,매우감소 (%),다소감소 (%),동일 (%),다소증가 (%),매우증가 (%),SBHI,매우감소 (%),다소감소 (%),동일 (%),다소증가 (%),매우증가 (%),SBHI,매우감소 (%),다소감소 (%),동일 (%),다소증가 (%),매우증가 (%),SBHI,매우감소 (%),다소감소 (%),동일 (%),다소증가 (%),매우증가 (%),SBHI,매우감소 (%),다소감소 (%),동일 (%),다소증가 (%),매우증가 (%),SBHI,매우감소 (%),다소감소 (%),동일 (%),다소증가 (%),매우증가 (%),SBHI,매우감소 (%),다소감소 (%),동일 (%),다소증가 (%),매우증가 (%),SBHI,매우감소 (%),다소감소 (%),동일 (%),다소증가 (%),매우증가 (%),SBHI,매우감소 (%),다소감소 (%),동일 (%),다소증가 (%),매우증가 (%),SBHI,매우감소 (%),다소감소 (%),동일 (%),다소증가 (%),매우증가 (%),SBHI,매우감소 (%),다소감소 (%),동일 (%),다소증가 (%),매우증가 (%),SBHI,매우감소 (%),다소감소 (%),동일 (%),다소증가 (%),매우증가 (%),SBHI,매우감소 (%),다소감소 (%),동일 (%),다소증가 (%),매우증가 (%),SBHI,매우감소 (%),다소감소 (%),동일 (%),다소증가 (%),매우증가 (%),SBHI,매우감소 (%),다소감소 (%),동일 (%),다소증가 (%),매우증가 (%),SBHI,매우감소 (%),다소감소 (%),동일 (%),다소증가 (%),매우증가 (%),SBHI,매우감소 (%),다소감소 (%),동일 (%),다소증가 (%),매우증가 (%),SBHI,매우감소 (%),다소감소 (%),동일 (%),다소증가 (%),매우증가 (%),SBHI,매우감소 (%),다소감소 (%),동일 (%),다소증가 (%),매우증가 (%),SBHI,매우감소 (%),다소감소 (%),동일 (%),다소증가 (%),매우증가 (%),SBHI,매우감소 (%),다소감소 (%),동일 (%),다소증가 (%),매우증가 (%),SBHI,매우감소 (%),다소감소 (%),동일 (%),다소증가 (%),매우증가 (%),SBHI,매우감소 (%),다소감소 (%),동일 (%),다소증가 (%),매우증가 (%),SBHI,매우감소 (%),다소감소 (%),동일 (%),다소증가 (%),매우증가 (%),SBHI,매우감소 (%),다소감소 (%),동일 (%),다소증가 (%),매우증가 (%),SBHI,매우감소 (%),다소감소 (%),동일 (%),다소증가 (%),매우증가 (%),SBHI,매우감소 (%),다소감소 (%),동일 (%),다소증가 (%),매우증가 (%),SBHI,매우감소 (%),다소감소 (%),동일 (%),다소증가 (%),매우증가 (%),SBHI,매우감소 (%),다소감소 (%),동일 (%),다소증가 (%),매우증가 (%),SBHI,매우감소 (%),다소감소 (%),동일 (%),다소증가 (%),매우증가 (%),SBHI,매우감소 (%),다소감소 (%),동일 (%),다소증가 (%),매우증가 (%),SBHI,매우감소 (%),다소감소 (%),동일 (%),다소증가 (%),매우증가 (%),SBHI,매우감소 (%),다소감소 (%),동일 (%),다소증가 (%),매우증가 (%),SBHI,매우감소 (%),다소감소 (%),동일 (%),다소증가 (%),매우증가 (%),SBHI,매우감소 (%),다소감소 (%),동일 (%),다소증가 (%),매우증가 (%),SBHI,매우감소 (%),다소감소 (%),동일 (%),다소증가 (%),매우증가 (%),SBHI,매우감소 (%),다소감소 (%),동일 (%),다소증가 (%),매우증가 (%),SBHI,매우감소 (%),다소감소 (%),동일 (%),다소증가 (%),매우증가 (%),SBHI,매우감소 (%),다소감소 (%),동일 (%),다소증가 (%),매우증가 (%),SBHI,매우감소 (%),다소감소 (%),동일 (%),다소증가 (%),매우증가 (%),SBHI,매우감소 (%),다소감소 (%),동일 (%),다소증가 (%),매우증가 (%),SBHI,매우감소 (%),다소감소 (%),동일 (%),다소증가 (%),매우증가 (%),SBHI,매우감소 (%),다소감소 (%),동일 (%),다소증가 (%),매우증가 (%),SBHI,매우감소 (%),다소감소 (%),동일 (%),다소증가 (%),매우증가 (%),SBHI,매우감소 (%),다소감소 (%),동일 (%),다소증가 (%),매우증가 (%),SBHI,매우감소 (%),다소감소 (%),동일 (%),다소증가 (%),매우증가 (%),SBHI,매우감소 (%),다소감소 (%),동일 (%),다소증가 (%),매우증가 (%),SBHI,매우감소 (%),다소감소 (%),동일 (%),다소증가 (%),매우증가 (%),SBHI
"제조업",소계,소계,7.2,29.1,52.7,10.5,0.6,84.1,4.5,25.3,49.9,19.3,0.9,93.4,4.8,21.4,55.9,16.7,1.1,93.9,4.4,21.5,54.5,19.2,0.4,94.9,4.5,21.8,58.2,15.1,0.4,92.5,6.5,27.6,55.0,10.1,0.8,85.6,8.0,29.8,50.4,11.3,0.4,83.1,7.2,24.1,53.3,15.3,0.2,88.7,5.3,22.1,54.3,18.0,0.4,93.1,6.4,23.5,53.7,15.9,0.6,90.3,8.2,29.1,49.7,12.2,0.7,84.0,8.6,29.4,51.7,10.0,0.3,81.9,8.3,33.6,47.4,10.3,0.4,80.4,5.3,25.3,51.3,17.7,0.3,91.2,4.5,19.6,56.6,18.8,0.5,95.6,3.9,19.3,59.7,16.2,0.9,95.4,4.8,23.4,56.2,15.0,0.6,91.6,4.5,28.1,54.9,12.1,0.5,88.0,7.1,27.6,54.7,10.2,0.5,84.7,4.7,21.5,58.5,14.9,0.4,92.4,4.1,22.1,56.5,17.1,0.2,93.6,6.2,23.0,57.4,13.3,0.2,89.2,7.3,27.0,52.2,13.1,0.4,86.1,7.2,31.4,50.9,10.3,0.2,82.5,8.1,27.5,54.9,9.2,0.2,83.0,4.3,22.8,55.2,17.3,0.4,93.3,4.8,22.3,54.7,17.5,0.8,93.6,5.2,24.6,53.0,16.5,0.7,91.5,4.8,24.0,53.9,16.4,0.8,92.2,5.8,23.6,56.5,13.8,0.3,89.6,7.6,29.9,50.4,11.3,0.9,84.0,5.8,23.2,51.0,19.3,0.7,93.0,8.3,29.4,48.8,13.0,0.5,84.1,5.0,21.9,52.6,20.4,0.2,94.5,7.1,25.5,51.1,16.1,0.3,88.5,8.5,24.6,53.7,12.7,0.6,86.1,8.0,29.6,48.8,13.3,0.2,84.1,5.1,20.7,51.6,22.1,0.4,96.0,5.7,19.7,55.3,18.9,0.4,94.3,6.1,19.2,56.6,17.5,0.7,93.8,5.8,19.3,57.4,16.7,0.7,93.6,6.6,22.7,57.0,13.4,0.3,89.1,7.7,31.0,51.2,9.9,0.2,81.9,6.3,24.6,54.0,14.6,0.4,89.1,5.4,23.1,54.7,16.4,0.3,91.5,7.3,23.9,54.7,13.9,0.1,87.7,6.4,27.9,53.1,12.0,0.5,86.2,7.9,29.0,51.9,11.0,0.2,83.2,8.8,37.2,45.2,8.4,0.3,77.1,6.4,25.7,49.3,18.6,0.0,90.0,6.5,23.7,54.7,14.8,0.2,89.2,4.0,25.5,55.0,15.2,0.3,91.1,6.7,22.7,58.0,12.4,0.3,88.4,6.1,28.5,52.9,12.5,0.1,86.1,8.9,32.9,51.3,6.8,0.2,78.3,6.4,32.0,50.0,11.3,0.3,83.6,6.7,26.2,51.7,15.0,0.4,88.1,6.5,28.2,53.9,11.1,0.2,85.2,7.0,30.0,51.6,11.2,0.2,83.8,6.4,30.0,53.9,9.3,0.4,83.7,7.0,28.8,53.0,10.9,0.3,84.4,8.1,31.3,47.8,12.8,0.1,82.8,12.0,35.6,44.2,7.8,0.3,74.4,18.4,36.6,38.3,6.5,0.1,66.7,18.9,35.9,38.5,6.4,0.4,66.8,15.9,35.8,42.2,6.1,0.1,69.4,14.7,32.6,44.2,8.4,0.1,73.4,11.5,31.8,47.7,8.9,0.2,77.3,11.0,30.0,49.2,9.5,0.4,79.1,9.8,26.2,52.1,11.5,0.4,83.3,8.2,35.0,46.5,10.0,0.3,79.6,10.5,32.7,47.0,9.3,0.5,78.3,9.9,31.8,48.6,9.4,0.2,79.1,6.6,26.2,50.0,16.8,0.4,89.1,5.4,25.8,52.9,15.8,0.1,89.7,5.0,25.3,54.7,14.6,0.3,89.8,4.8,25.7,54.8,14.4,0.2,89.7,5.2,27.8,54.9,11.9,0.3,86.6,7.0,31.5,51.0,10.3,0.1,82.5,6.9,29.0,51.6,12.2,0.3,84.9,5.1,25.7,52.4,16.6,0.1,90.5,5.2,26.2,55.1,13.1,0.4,88.8,5.1,26.2,56.2,11.9,0.6,88.3,6.1,28.1,53.9,11.5,0.4,86.0,5.6,32.1,51.7,10.4,0.1,83.7,3.4,24.7,55.6,16.1,0.1,92.4,4.2,26.7,56.5,12.5,0.1,88.9,4.1,24.0,58.1,13.6,0.3,91.0,3.4,27.3,58.3,11.0,0.0,88.5,4.9,28.3,55.1,11.7,0.1,86.8,7.4,33.6,50.0,9.0,0.1,80.4,4.6,27.9,55.3,12.0,0.2,87.7,5.8,27.1,53.4,13.6,0.1,87.6,5.7,26.6,56.7,10.9,0.1,86.5,8.3,26.5,52.6,12.3,0.3,84.9,9.1,29.8,51.8,9.0,0.3,80.8
"제조업",규모별,소기업,9.0,29.7,50.2,10.6,0.5,82.0,5.4,29.1,46.0,18.6,0.9,90.3,5.6,24.0,50.2,19.0,1.2,93.1,5.0,24.4,50.8,19.4,0.5,93.0,5.4,24.5,55.0,15.1,0.1,90.0,6.9,30.1,52.1,10.0,0.9,83.9,8.4,32.7,46.9,11.8,0.3,81.4,7.1,28.1,50.0,14.8,0.1,86.3,6.0,24.9,51.4,17.4,0.4,90.7,7.9,25.4,49.2,16.9,0.5,88.3,10.0,32.1,45.7,11.5,0.8,80.4,10.5,32.5,47.0,9.9,0.3,78.5,10.5,35.8,44.4,8.8,0.5,76.4,6.2,28.9,48.5,16.1,0.3,87.7,7.0,21.8,50.6,20.5,0.0,92.4,5.3,23.1,56.7,14.5,0.4,90.8,6.7,25.9,53.1,13.6,0.7,87.8,6.4,29.0,50.5,13.8,0.4,86.4,8.7,31.8,48.5,10.7,0.3,81.1,6.6,24.4,54.6,14.0,0.3,88.5,5.2,23.1,55.2,16.1,0.4,91.7,8.2,24.0,54.8,12.8,0.2,86.4,8.1,29.4,48.6,13.2,0.6,84.4,8.9,33.8,46.9,10.2,0.1,79.4,9.9,30.0,51.4,8.6,0.2,79.6,5.2,26.5,49.9,18.1,0.3,90.9,5.7,26.6,51.2,16.1,0.5,89.5,6.2,27.8,48.4,16.4,1.1,89.2,6.0,26.9,49.4,17.1,0.6,89.7,6.8,26.8,52.4,13.9,0.1,86.9,9.7,32.4,47.1,10.2,0.6,79.8,7.3,25.1,47.1,19.8,0.7,90.8,9.4,32.0,45.6,12.4,0.5,81.3,6.5,24.6,48.8,19.9,0.2,91.4,8.3,28.9,47.3,15.4,0.2,85.1,10.8,26.8,48.6,13.4,0.4,82.9,10.3,31.1,45.8,12.8,0.0,80.5,6.7,24.6,47.2,21.1,0.4,92.0,7.4,21.3,51.5,19.3,0.5,92.1,7.2,20.3,55.9,15.8,0.7,91.3,7.0,20.3,55.1,17.0,0.6,92.0,7.4,26.0,52.7,13.6,0.2,86.6,9.1,30.7,49.6,10.3,0.3,80.9,7.8,25.3,51.8,14.4,0.6,87.4,5.9,24.3,54.1,15.4,0.3,89.9,8.2,24.9,54.6,12.2,0.1,85.5,7.6,30.3,49.8,11.6,0.6,83.7,9.5,29.7,50.3,10.3,0.1,80.8,13.8,34.9,44.3,6.6,0.4,72.5,8.3,30.1,46.1,15.5,0.0,84.4,9.2,24.1,54.7,11.4,0.5,84.9,6.3,28.6,52.0,12.6,0.6,86.3,8.6,24.8,54.3,11.9,0.3,85.3,8.0,28.5,51.9,11.4,0.2,83.7,9.5,30.7,52.4,7.0,0.4,79.0,7.4,32.5,48.6,10.9,0.6,82.4,8.8,27.3,49.8,13.6,0.5,84.8,9.0,27.5,52.7,10.6,0.3,82.8,9.7,28.3,51.0,10.8,0.2,81.8,10.0,29.8,49.9,10.0,0.3,80.4,10.5,29.6,49.8,10.0,0.2,79.9,10.0,33.3,44.3,12.2,0.2,79.7,15.5,36.7,40.5,6.9,0.5,70.1,19.6,33.8,39.8,6.5,0.2,67.0,18.4,33.4,42.1,5.5,0.7,68.3,17.5,32.8,44.2,5.4,0.2,69.0,18.6,30.7,43.9,6.6,0.1,69.4,14.7,33.7,44.4,7.1,0.2,72.1,13.4,33.2,46.2,6.9,0.3,73.7,14.5,29.6,46.8,8.7,0.4,75.5,11.2,37.5,41.3,9.6,0.4,75.2,13.3,37.2,42.3,6.7,0.4,71.9,12.5,37.4,42.3,7.6,0.2,72.8,8.9,31.4,45.6,13.7,0.4,82.7,7.3,30.7,46.8,14.8,0.3,85.0,6.8,29.9,48.4,14.6,0.3,85.8,6.3,31.4,48.4,13.5,0.4,85.1,7.6,31.1,49.2,11.6,0.5,82.5,9.1,32.8,47.8,10.1,0.2,79.8,9.0,33.1,46.5,11.1,0.3,80.3,6.5,29.7,48.3,15.3,0.3,86.6,5.6,28.9,50.3,14.9,0.4,87.8,5.2,29.8,52.4,11.8,0.8,86.5,8.7,31.7,48.4,10.7,0.5,81.3,7.3,35.1,47.8,9.6,0.3,80.2,5.0,30.3,51.3,13.3,0.2,86.7,4.8,30.3,50.9,13.8,0.2,87.2,5.4,26.9,53.7,13.6,0.5,88.5,4.3,30.1,53.7,11.8,0.1,86.6,5.3,32.1,50.5,12.1,0.0,84.7,8.5,33.6,48.7,9.2,0.1,79.4,6.3,29.7,52.9,10.9,0.1,84.4,7.6,30.4,49.6,12.3,0.1,83.4,7.8,28.6,53.2,10.3,0.1,83.3,9.0,28.3,47.6,14.8,0.3,84.6,10.7,31.5,50.1,7.2,0.4,77.5
"제조업",규모별,중기업,3.0,27.5,58.5,10.5,0.6,89.1,2.5,16.0,59.4,21.2,0.9,100.9,3.1,15.4,69.4,11.4,0.9,95.8,2.9,14.7,63.4,18.6,0.4,99.4,2.5,15.4,65.7,15.2,1.2,98.6,5.4,21.9,61.7,10.2,0.7,89.4,7.3,23.5,58.2,10.4,0.6,86.8,7.3,15.1,60.7,16.4,0.5,93.9,3.7,15.9,60.7,19.6,0.2,98.3,3.1,19.0,63.7,13.7,0.6,94.8,4.1,22.5,58.8,13.8,0.7,92.2,4.6,22.9,61.9,10.4,0.2,89.4,3.5,28.7,53.9,13.7,0.2,89.2,3.4,17.2,57.8,21.4,0.3,99.0,2.3,17.6,61.9,17.2,1.0,98.5,2.7,15.8,62.5,17.7,1.4,99.6,3.0,21.2,59.0,16.2,0.6,95.1,2.8,27.2,58.9,10.5,0.6,89.4,5.6,23.8,60.2,9.8,0.6,87.9,2.9,18.9,62.0,15.7,0.4,95.9,3.1,21.3,57.6,18.0,0.1,95.4,3.3,21.7,61.1,13.8,0.2,93.1,6.1,23.7,57.2,13.0,0.0,88.5,4.8,28.1,56.4,10.3,0.4,86.7,5.7,24.1,59.7,10.1,0.3,87.6,3.0,17.7,62.6,16.2,0.5,96.7,3.5,16.3,59.6,19.4,1.1,99.2,3.8,20.0,59.3,16.6,0.2,94.7,3.2,20.0,60.2,15.5,1.1,95.7,4.4,19.2,62.2,13.7,0.5,93.3,4.7,26.3,55.0,12.8,1.2,89.8,3.7,20.6,56.5,18.6,0.7,95.9,6.7,25.8,53.1,13.8,0.6,87.9,2.8,18.2,57.9,21.1,0.1,98.7,5.4,20.7,56.5,17.0,0.4,93.1,5.2,21.4,61.1,11.6,0.8,90.7,4.7,27.3,53.3,14.2,0.5,89.3,2.9,15.0,58.1,23.5,0.5,101.9,3.2,17.3,60.9,18.3,0.3,97.5,4.4,17.5,57.5,19.9,0.8,97.6,4.0,18.0,60.8,16.3,0.9,96.1,5.3,17.9,63.3,13.1,0.4,92.7,5.7,31.3,53.6,9.3,0.1,83.4,4.2,23.6,57.3,14.8,0.1,91.5,4.7,21.5,55.6,18.0,0.3,93.8,6.1,22.5,54.9,16.4,0.1,91.0,4.7,24.4,57.9,12.6,0.4,89.8,5.5,27.9,54.3,12.0,0.3,86.8,4.7,39.2,45.9,9.9,0.3,81.0,4.6,21.4,52.5,21.5,0.0,95.4,3.9,23.4,54.7,18.1,0.0,93.4,1.9,22.5,57.9,17.7,0.0,95.7,4.9,20.6,61.5,12.8,0.2,91.3,4.2,28.5,53.8,13.4,0.0,88.3,8.3,35.0,50.1,6.6,0.0,77.6,5.4,31.5,51.4,11.7,0.0,84.8,4.6,25.2,53.4,16.4,0.3,91.3,4.1,29.0,54.9,11.7,0.2,87.4,4.5,31.6,52.2,11.6,0.2,85.7,2.9,30.1,57.7,8.7,0.6,86.9,3.6,28.0,56.2,11.8,0.4,88.7,6.2,29.3,51.2,13.3,0.0,85.8,8.6,34.6,47.9,8.8,0.2,78.7,17.2,39.4,36.9,6.5,0.1,66.5,19.3,38.3,35.0,7.3,0.1,65.3,14.3,38.7,40.2,6.7,0.1,69.8,10.8,34.4,44.4,10.2,0.2,77.3,8.3,29.9,50.9,10.7,0.2,82.3,8.7,26.8,52.1,11.9,0.4,84.3,5.3,22.9,57.1,14.3,0.4,90.8,5.4,32.5,51.6,10.3,0.3,83.9,7.9,28.3,51.5,11.9,0.5,84.5,7.4,26.4,54.7,11.2,0.3,85.2,4.3,21.3,54.2,19.8,0.4,95.4,3.5,21.1,58.7,16.7,0.0,94.3,3.4,21.0,60.9,14.6,0.2,93.7,3.4,20.3,61.0,15.3,0.0,94.1,2.8,24.5,60.5,12.2,0.0,90.6,5.1,30.2,54.2,10.5,0.0,85.1,4.9,25.1,56.5,13.2,0.2,89.4,3.9,21.8,56.4,17.9,0.0,94.2,4.8,23.6,59.8,11.4,0.5,89.7,5.0,22.8,59.9,11.9,0.4,90.1,3.6,24.6,59.2,12.3,0.3,90.5,4.0,29.3,55.5,11.1,0.0,86.9,1.9,19.3,59.8,18.9,0.0,97.9,3.6,23.2,61.9,11.2,0.0,90.4,2.9,21.2,62.4,13.6,0.0,93.3,2.5,24.6,62.7,10.2,0.0,90.3,4.5,24.6,59.5,11.3,0.1,88.9,6.3,33.6,51.3,8.7,0.0,81.3,3.0,26.1,57.5,13.0,0.4,90.9,4.0,23.9,57.1,14.8,0.1,91.6,3.8,24.6,60.1,11.4,0.1,89.7,7.7,24.7,57.5,9.9,0.3,85.2,7.5,28.2,53.4,10.8,0.1,83.9
"제조업",업종별,식료품,7.0,31.4,48.9,12.8,0.0,83.7,3.7,26.3,56.6,13.4,0.0,89.9,5.0,20.4,58.7,15.9,0.0,92.8,2.5,21.7,57.8,16.5,1.5,96.4,2.5,21.5,59.2,15.3,1.5,95.9,2.7,36.2,44.6,16.5,0.0,87.5,3.7,26.2,57.9,10.3,1.9,90.2,0.0,26.3,57.3,14.5,1.8,95.9,0.0,16.1,66.4,17.5,0.0,100.7,1.3,13.4,68.2,17.1,0.0,100.6,2.5,22.1,53.9,21.6,0.0,97.3,7.1,22.2,52.9,17.8,0.0,90.7,4.5,27.5,58.4,8.4,1.2,87.2,3.7,31.7,47.3,16.0,1.2,89.7,0.0,16.8,55.0,28.2,0.0,105.7,1.0,15.6,60.4,22.9,0.0,102.6,2.6,24.0,59.8,12.7,0.9,92.7,7.3,25.4,50.2,17.1,0.0,88.5,2.0,35.4,48.7,13.9,0.0,87.3,2.1,9.1,55.5,31.5,1.8,110.9,1.2,16.5,64.2,18.1,0.0,99.7,1.3,23.7,52.3,22.8,0.0,98.3,11.2,11.5,55.3,20.7,1.2,94.6,5.4,30.8,49.6,12.5,1.8,87.2,9.8,32.7,49.5,8.0,0.0,77.9,2.5,22.3,55.3,19.9,0.0,96.3,1.7,26.0,43.5,28.8,0.0,99.7,1.8,28.9,45.7,23.6,0.0,95.6,2.5,21.4,49.2,23.9,2.9,101.7,3.0,24.3,54.9,17.8,0.0,93.8,6.9,20.2,48.5,22.6,1.8,96.0,0.0,17.9,53.2,25.9,3.0,107.0,4.3,25.8,49.7,18.4,1.8,93.8,3.7,13.5,61.6,21.3,0.0,100.2,5.7,16.8,60.0,17.6,0.0,94.7,4.4,24.4,58.0,13.2,0.0,90.0,5.3,19.3,48.9,25.0,1.5,99.1,3.8,23.5,49.3,21.9,1.5,97.0,2.5,15.8,58.7,21.7,1.3,101.7,1.6,11.6,69.6,16.0,1.3,101.9,1.6,22.0,59.1,17.3,0.0,96.0,5.7,15.6,66.6,12.1,0.0,92.5,5.7,28.6,53.1,12.6,0.0,86.3,0.0,23.7,52.2,24.0,0.0,100.2,1.3,18.8,56.0,23.9,0.0,101.3,2.6,18.4,63.5,15.5,0.0,95.9,5.4,22.0,56.0,15.0,1.6,92.7,8.7,19.4,52.0,18.4,1.6,92.4,7.4,35.8,38.9,17.9,0.0,83.7,3.6,23.5,58.4,14.5,0.0,91.9,0.0,21.2,60.6,18.2,0.0,98.5,2.3,22.3,50.7,24.7,0.0,98.8,2.3,25.1,55.8,14.6,2.3,94.8,6.4,18.2,59.4,15.9,0.0,92.4,4.9,28.3,52.3,14.5,0.0,88.2,0.0,30.0,48.3,21.7,0.0,95.8,4.6,18.1,55.5,21.7,0.0,97.1,2.9,15.9,67.7,12.3,1.2,96.5,6.4,26.9,43.5,23.2,0.0,91.8,5.9,13.5,66.5,9.4,4.6,96.7,5.5,25.8,61.5,5.5,1.7,86.1,5.3,26.4,46.7,21.6,0.0,92.3,8.7,40.0,45.9,5.3,0.0,73.9,8.9,32.8,49.3,8.9,0.0,79.1,11.8,36.2,43.2,8.8,0.0,74.5,11.3,30.9,46.8,11.1,0.0,78.8,9.4,28.2,53.7,8.8,0.0,80.9,5.9,33.8,46.2,14.0,0.0,84.2,6.6,31.4,48.0,11.1,2.9,86.2,6.1,25.3,49.7,17.2,1.7,91.6,5.4,22.4,59.5,12.7,0.0,89.7,9.5,28.5,53.1,8.9,0.0,80.7,9.8,27.5,45.1,14.7,2.9,86.7,3.8,20.6,62.8,8.8,4.1,94.4,2.9,29.6,57.9,9.6,0.0,87.1,2.0,29.9,52.5,14.5,1.0,91.3,5.8,23.0,58.7,11.5,1.0,89.4,1.9,23.0,64.5,10.6,0.0,91.8,6.0,27.8,56.3,9.9,0.0,85.0,2.0,21.4,52.5,22.2,1.9,100.3,2.0,27.4,49.2,21.3,0.0,94.9,0.0,23.1,62.4,14.5,0.0,95.7,2.9,24.5,56.8,15.7,0.0,92.7,1.9,33.1,49.0,16.0,0.0,89.5,5.3,36.9,46.5,11.3,0.0,81.9,1.0,27.4,54.3,17.3,0.0,93.9,4.8,37.0,45.6,12.6,0.0,83.0,2.9,28.3,50.9,18.0,0.0,92.0,1.0,23.1,65.4,10.6,0.0,92.8,1.8,17.1,68.7,12.4,0.0,95.8,4.8,36.7,43.6,15.0,0.0,84.4,1.9,25.5,55.1,17.6,0.0,94.1,1.9,26.5,54.2,17.3,0.0,93.5,4.0,27.3,60.7,8.1,0.0,86.4,5.8,27.6,46.1,20.5,0.0,90.7,7.6,24.0,52.8,15.6,0.0,88.2
"제조업",업종별,음료,0.6,12.6,79.3,7.5,0.0,96.8,2.5,5.6,70.7,21.2,0.0,105.3,0.5,5.9,57.9,35.7,0.0,114.4,0.6,13.4,52.9,33.1,0.0,109.3,0.0,8.7,45.4,46.0,0.0,118.7,1.3,23.1,55.7,19.8,0.0,97.0,0.6,8.0,57.2,34.2,0.0,112.5,1.3,15.9,37.0,45.7,0.0,113.6,0.6,23.0,38.8,37.6,0.0,106.6,1.2,33.9,50.6,14.3,0.0,89.0,3.3,15.8,57.6,23.3,0.0,100.5,5.9,25.9,44.8,23.4,0.0,92.9,3.0,23.0,55.1,18.3,0.6,95.3,0.0,18.8,40.0,41.2,0.0,111.2,12.7,0.7,48.2,38.5,0.0,106.3,2.0,23.5,39.3,35.2,0.0,103.9,0.2,32.4,54.6,12.9,0.0,90.1,0.2,23.7,42.0,34.1,0.0,105.0,0.4,23.3,48.3,27.8,0.2,102.1,2.4,25.6,39.0,33.0,0.0,101.3,2.4,23.9,45.9,27.8,0.0,99.6,1.3,21.5,58.2,19.0,0.0,97.4,2.7,42.0,40.5,14.8,0.0,83.7,0.0,24.7,64.4,11.0,0.0,93.1,11.1,22.4,55.4,11.1,0.0,83.3,0.0,17.4,63.8,17.4,1.4,101.4,0.0,18.8,56.9,24.3,0.0,102.7,1.5,4.5,52.3,41.6,0.0,117.1,0.0,8.2,49.3,42.5,0.0,117.1,1.4,8.5,56.8,33.3,0.0,111.0,2.7,11.0,49.3,35.6,1.4,110.9,1.6,11.7,56.8,29.8,0.0,107.5,7.6,18.1,42.4,31.9,0.0,99.3,7.6,25.7,42.4,24.2,0.0,91.7,10.5,19.2,47.7,16.5,6.1,94.3,6.0,14.8,58.9,20.4,0.0,96.8,5.8,17.4,65.2,11.6,0.0,91.3,8.6,23.0,42.7,25.7,0.0,92.7,8.7,2.9,69.6,18.8,0.0,99.3,1.4,1.4,68.7,27.1,1.4,112.8,0.0,7.0,65.9,25.7,1.4,110.7,6.5,7.2,71.7,14.5,0.0,97.1,0.0,7.0,67.2,25.7,0.0,109.4,2.8,18.7,47.2,29.9,1.4,104.2,14.4,12.8,46.9,25.8,0.0,92.1,2.8,15.6,57.1,24.4,0.0,101.6,4.3,23.2,47.8,24.6,0.0,96.4,1.5,29.5,48.4,19.1,1.5,94.8,7.9,14.4,69.0,8.7,0.0,89.2,0.9,4.5,62.7,32.0,0.0,112.8,0.0,7.2,60.4,32.4,0.0,112.6,0.9,2.7,67.4,29.0,0.0,112.3,0.9,11.0,59.3,28.8,0.0,108.0,1.9,10.3,54.2,33.7,0.0,109.8,0.9,12.1,70.1,16.8,0.0,101.4,1.9,5.6,66.4,26.2,0.0,108.5,1.9,17.7,59.8,20.6,0.0,99.6,1.0,22.6,56.7,19.6,0.0,97.5,1.9,15.2,49.6,28.0,5.2,109.7,2.8,7.4,80.0,9.8,0.0,98.4,7.9,10.6,71.9,8.8,0.9,92.1,0.9,11.5,77.0,10.6,0.0,98.7,2.9,34.0,42.9,20.2,0.0,90.2,3.7,31.8,39.2,25.3,0.0,93.0,10.6,28.1,34.2,21.0,6.1,91.9,2.7,21.9,63.1,12.4,0.0,92.6,1.8,20.3,63.1,14.9,0.0,95.5,1.8,24.7,53.4,20.1,0.0,95.9,9.7,16.9,66.5,7.0,0.0,85.4,3.6,22.1,66.5,7.9,0.0,89.3,2.7,27.4,62.0,7.9,0.0,87.5,4.6,36.5,45.8,7.5,5.6,86.5,9.6,33.5,38.1,18.9,0.0,83.1,0.9,37.8,48.2,13.1,0.0,86.7,1.9,13.1,68.3,16.8,0.0,100.0,0.0,36.8,48.5,14.7,0.0,89.0,0.9,18.9,70.4,9.8,0.0,94.6,0.9,16.6,66.7,15.7,0.0,98.7,0.9,26.8,56.7,15.6,0.0,93.5,6.4,23.4,55.7,14.5,0.0,89.1,5.6,33.6,53.6,7.2,0.0,81.2,0.0,24.9,49.0,26.1,0.0,100.6,0.0,19.3,56.4,18.7,5.6,105.3,1.9,39.3,43.9,9.3,5.6,88.8,5.6,24.3,60.8,3.7,5.6,89.7,0.9,24.0,51.9,23.1,0.0,98.7,0.0,38.3,54.8,7.0,0.0,84.3,0.9,13.9,53.0,32.2,0.0,108.3,0.9,9.3,51.2,38.6,0.0,113.7,2.6,20.2,44.5,32.7,0.0,103.6,1.9,9.4,69.9,12.2,6.6,106.2,1.7,18.1,59.5,20.7,0.0,99.6,0.0,26.9,55.5,17.6,0.0,95.4,1.9,11.2,73.8,13.1,0.0,99.0,3.6,12.7,66.4,17.3,0.0,98.7,1.9,14.7,66.0,17.4,0.0,99.5
"제조업",업종별,섬유제품;의복제외,10.9,39.5,46.4,3.1,0.0,70.9,4.8,35.3,41.4,18.6,0.0,86.9,9.1,17.2,53.9,19.8,0.0,92.2,10.1,25.4,46.7,17.8,0.0,86.1,8.2,29.7,49.4,11.7,0.9,83.7,11.2,31.4,48.6,6.2,2.7,78.9,14.1,30.0,44.2,10.8,0.9,77.2,8.1,28.1,49.0,14.8,0.0,85.3,6.3,22.1,54.4,17.1,0.0,91.2,4.9,27.9,50.2,17.0,0.0,89.6,10.8,24.7,56.9,7.6,0.0,80.7,10.0,27.1,56.5,6.4,0.0,79.6,12.6,40.6,43.7,3.1,0.0,68.6,5.4,26.4,58.0,10.2,0.0,86.5,4.7,23.1,50.0,22.2,0.0,94.8,7.0,16.3,53.5,21.1,2.1,97.5,8.2,23.2,50.6,15.0,3.1,90.8,10.0,34.5,40.8,12.0,2.7,81.4,7.6,37.6,45.3,6.7,2.7,79.6,2.0,17.6,67.6,10.1,2.7,96.9,3.4,21.1,61.8,13.6,0.0,92.8,3.4,22.2,59.2,15.2,0.0,93.2,8.1,30.7,49.9,11.4,0.0,82.3,16.0,38.2,39.4,6.4,0.0,68.1,9.6,31.2,53.1,6.1,0.0,77.9,8.4,25.3,49.4,16.9,0.0,87.4,6.7,26.1,48.2,19.0,0.0,89.8,10.0,22.2,50.3,17.4,0.0,87.6,6.3,19.0,59.4,13.7,1.6,92.6,6.3,22.0,59.6,12.0,0.0,88.7,14.5,25.3,49.4,10.8,0.0,78.2,9.6,18.8,51.6,20.0,0.0,91.0,11.0,20.6,59.2,9.2,0.0,83.3,6.4,13.8,58.7,21.0,0.0,97.1,9.9,24.4,51.2,14.5,0.0,85.2,13.0,19.0,59.9,8.1,0.0,81.5,13.0,30.7,45.1,11.2,0.0,77.2,9.9,27.1,44.0,19.0,0.0,86.1,10.1,19.1,50.0,20.8,0.0,90.7,6.6,19.0,58.7,15.7,0.0,91.8,8.4,14.0,68.0,9.6,0.0,89.3,9.8,24.2,62.9,3.1,0.0,79.6,8.0,31.5,53.0,7.5,0.0,80.0,6.5,28.4,52.2,12.9,0.0,85.8,9.4,21.6,58.0,11.0,0.0,85.3,9.4,21.8,56.1,12.7,0.0,86.0,11.0,28.4,51.2,9.4,0.0,79.5,12.9,22.5,58.5,6.1,0.0,78.9,9.7,47.7,42.7,0.0,0.0,66.5,6.2,29.5,47.7,16.6,0.0,87.4,7.8,17.7,63.0,11.5,0.0,89.1,7.8,29.3,52.1,10.8,0.0,83.0,14.3,21.7,53.1,9.4,1.5,81.0,9.4,29.5,46.8,14.3,0.0,83.0,14.6,44.2,36.4,4.8,0.0,65.7,11.2,38.7,40.6,9.5,0.0,74.2,11.1,34.4,37.4,17.1,0.0,80.3,9.7,24.2,59.7,6.5,0.0,81.5,12.9,43.6,37.1,6.5,0.0,68.5,11.3,35.5,48.4,4.8,0.0,73.4,11.3,31.1,49.5,8.1,0.0,77.2,11.6,35.0,45.0,8.3,0.0,75.1,23.7,43.0,33.3,0.0,0.0,54.8,43.7,35.5,17.6,3.1,0.0,40.1,44.5,28.6,23.7,3.2,0.0,42.8,34.1,23.9,38.9,3.1,0.0,55.5,31.3,29.7,34.4,4.7,0.0,56.2,25.5,42.7,25.4,6.4,0.0,56.3,21.9,31.2,34.4,12.5,0.0,68.8,16.1,29.0,48.4,6.4,0.0,72.6,17.5,39.6,39.8,3.2,0.0,64.3,26.3,31.0,37.8,4.9,0.0,60.6,16.5,34.8,47.3,1.4,0.0,66.8,8.4,35.5,40.8,15.3,0.0,81.6,12.2,21.1,55.6,11.0,0.0,82.7,5.6,26.9,53.5,14.0,0.0,88.0,5.8,38.4,49.6,6.2,0.0,78.2,11.3,35.4,41.2,12.1,0.0,77.0,8.6,38.9,46.7,5.8,0.0,74.9,10.2,38.5,38.1,13.3,0.0,77.3,13.0,25.3,49.6,12.0,0.0,80.3,2.8,34.3,50.7,12.2,0.0,86.2,4.7,34.1,49.8,9.7,1.7,84.8,7.5,36.7,48.3,7.5,0.0,77.9,12.1,26.4,56.3,5.3,0.0,77.4,7.1,33.1,41.4,18.4,0.0,85.5,11.7,34.7,45.7,6.5,1.3,75.4,7.2,36.2,46.7,8.6,1.4,80.3,4.0,38.5,49.5,8.0,0.0,80.7,9.8,37.9,48.4,3.9,0.0,73.2,10.9,39.9,46.7,2.5,0.0,70.4,10.1,38.6,42.4,7.6,1.3,75.6,6.9,31.8,47.5,13.8,0.0,84.1,9.7,28.9,54.2,7.2,0.0,79.5,9.7,38.6,41.3,9.1,1.3,76.9,7.5,42.6,45.4,4.4,0.0,73.4
"제조업",업종별,의복의복악세서리및모피제품,11.4,37.5,42.9,8.1,0.0,73.9,9.2,27.0,46.8,15.8,1.2,86.4,14.2,14.8,53.3,17.8,0.0,87.3,10.8,31.6,44.3,13.3,0.0,80.0,9.5,20.5,59.4,10.5,0.0,85.5,16.6,36.5,37.1,8.0,1.8,71.0,12.1,27.8,44.9,13.8,1.3,82.3,7.9,30.6,41.5,19.9,0.0,86.7,9.3,22.4,46.7,21.5,0.0,90.3,11.4,24.1,46.1,18.5,0.0,85.8,18.1,29.2,40.7,10.2,1.8,74.2,15.0,28.0,48.4,8.7,0.0,75.4,17.7,29.0,43.8,9.6,0.0,72.6,10.4,29.0,43.5,17.1,0.0,83.7,7.5,40.3,39.4,12.9,0.0,78.8,7.4,26.8,46.4,19.5,0.0,88.9,7.3,24.6,51.5,16.6,0.0,88.7,8.3,30.6,45.4,15.7,0.0,84.3,9.5,30.7,49.5,10.3,0.0,80.3,4.5,25.4,52.3,17.9,0.0,91.8,7.9,24.1,48.9,17.4,1.7,90.4,8.8,21.1,46.1,24.0,0.0,92.6,14.1,32.7,41.8,10.1,1.3,75.9,8.5,35.6,36.0,20.0,0.0,83.7,8.0,24.0,54.8,13.2,0.0,86.6,4.1,22.9,52.7,18.4,1.8,95.4,5.4,27.0,55.9,11.8,0.0,87.1,9.4,29.6,50.5,9.1,1.3,81.7,9.6,36.8,43.5,8.8,1.3,77.7,6.7,22.2,49.8,21.3,0.0,92.8,7.9,26.3,52.2,12.4,1.3,86.5,9.2,22.8,39.9,28.1,0.0,93.5,8.7,25.5,49.4,16.5,0.0,86.9,12.0,24.2,45.5,18.3,0.0,85.0,12.1,26.2,35.6,26.1,0.0,87.9,12.8,29.2,46.0,12.0,0.0,78.6,12.9,29.5,50.0,7.7,0.0,76.3,13.3,22.4,36.7,27.6,0.0,89.3,13.0,19.1,49.6,18.2,0.0,86.5,13.0,24.4,50.6,12.0,0.0,80.8,15.8,26.8,44.2,13.2,0.0,77.4,13.2,27.6,42.6,16.6,0.0,81.3,14.2,28.0,49.2,8.6,0.0,76.1,21.6,25.8,36.9,14.4,1.4,74.1,14.8,29.5,37.9,17.9,0.0,79.4,11.8,16.2,59.8,10.5,1.6,87.0,7.1,31.5,42.7,18.6,0.0,86.4,12.8,31.0,39.4,16.8,0.0,80.0,6.4,45.5,42.2,4.8,1.1,74.3,8.0,20.0,56.8,15.2,0.0,89.6,7.2,26.2,53.5,13.1,0.0,86.2,4.9,27.5,50.9,16.7,0.0,89.7,8.4,27.3,56.2,8.1,0.0,82.0,7.2,22.3,66.6,3.9,0.0,83.6,12.6,26.2,55.6,5.6,0.0,77.1,9.9,45.6,32.7,11.9,0.0,73.3,9.2,25.9,45.9,19.0,0.0,87.3,8.0,15.7,63.8,12.5,0.0,90.4,4.6,23.3,54.3,17.8,0.0,92.7,6.9,24.4,59.2,9.5,0.0,85.7,6.9,34.1,49.3,7.4,2.3,82.0,7.8,27.0,60.5,4.7,0.0,81.1,22.8,38.8,37.4,1.1,0.0,58.4,36.0,30.6,32.3,1.1,0.0,49.3,24.7,34.6,38.5,2.2,0.0,59.1,25.8,26.7,42.1,4.2,1.1,64.0,19.0,24.9,45.3,8.7,2.1,74.9,23.8,26.7,43.1,4.4,2.1,67.2,25.4,31.8,35.3,5.6,2.0,63.4,8.0,25.8,54.0,12.2,0.0,85.2,10.3,35.5,47.5,6.7,0.0,75.4,16.2,41.7,37.5,4.6,0.0,65.2,17.5,29.4,47.6,5.4,0.0,70.5,13.7,35.4,43.1,5.7,2.1,73.6,12.2,33.4,41.0,12.3,1.1,78.4,10.8,20.4,55.9,12.9,0.0,85.5,6.6,32.6,53.1,7.6,0.0,80.9,7.7,32.2,54.6,5.5,0.0,78.9,6.8,28.3,62.5,2.3,0.0,80.2,10.6,30.8,47.9,10.6,0.0,79.3,11.5,25.6,54.0,8.9,0.0,80.1,6.7,40.7,49.3,3.3,0.0,74.6,6.7,31.8,54.9,6.6,0.0,80.7,4.4,37.7,53.4,4.4,0.0,79.0,6.6,27.2,59.6,6.5,0.0,83.1,3.3,29.1,62.2,5.4,0.0,84.8,5.6,26.9,55.7,11.8,0.0,86.8,4.6,24.7,58.7,12.0,0.0,89.1,7.7,21.0,66.8,4.4,0.0,84.0,6.6,30.3,57.4,5.7,0.0,81.1,3.4,27.4,63.5,5.7,0.0,85.8,5.6,24.0,70.3,0.0,0.0,82.4,4.6,25.4,60.7,9.4,0.0,87.4,8.0,27.8,57.2,7.0,0.0,81.5,8.0,24.4,60.5,7.0,0.0,83.3,9.0,24.0,61.1,5.8,0.0,81.9
"제조업",업종별,가죽가방및신발,8.6,23.9,53.7,13.8,0.0,86.3,3.9,31.1,41.3,23.7,0.0,92.4,3.4,14.8,54.5,25.5,1.8,103.8,4.5,25.1,47.8,20.4,2.2,95.4,4.7,16.6,54.8,19.7,4.2,101.0,12.7,35.7,40.7,10.8,0.0,74.9,11.5,34.3,37.1,17.0,0.0,79.8,6.3,28.4,41.2,24.1,0.0,91.5,8.5,23.9,49.3,18.3,0.0,88.7,11.7,33.6,42.5,12.1,0.0,77.5,11.1,47.3,28.6,12.9,0.0,71.7,15.3,35.0,41.7,8.0,0.0,71.2,14.3,38.0,42.1,5.6,0.0,69.5,8.2,22.5,45.7,23.6,0.0,92.4,2.5,17.6,44.4,35.5,0.0,106.5,10.3,21.4,32.6,35.8,0.0,96.9,14.7,24.3,47.6,13.3,0.0,79.8,12.0,19.1,48.6,20.3,0.0,88.6,10.9,27.3,41.4,20.4,0.0,85.6,18.0,18.7,34.8,28.5,0.0,86.9,13.2,16.1,49.6,21.2,0.0,89.4,3.5,24.3,62.7,9.5,0.0,89.2,12.7,28.8,46.5,12.1,0.0,78.9,13.8,35.5,39.7,11.1,0.0,74.0,12.1,27.0,50.3,10.5,0.0,79.6,8.9,22.4,41.7,27.0,0.0,93.5,4.9,27.3,54.3,13.5,0.0,88.2,6.4,23.7,56.5,13.3,0.0,88.4,7.8,30.2,49.9,12.1,0.0,83.2,12.7,25.9,43.0,18.3,0.0,83.5,11.7,34.2,42.0,12.0,0.0,77.1,16.4,18.1,41.1,24.4,0.0,86.8,4.9,23.8,51.7,19.7,0.0,93.1,8.8,20.0,48.6,22.6,0.0,92.5,10.0,31.7,45.8,10.0,2.5,81.6,11.6,25.0,54.0,9.3,0.0,80.5,12.9,28.1,47.7,9.6,1.7,79.5,12.9,15.2,55.6,14.6,1.7,88.4,7.2,24.1,42.2,24.8,1.7,94.9,8.0,14.3,57.7,20.0,0.0,94.9,11.4,17.7,50.3,20.6,0.0,90.0,5.0,23.5,61.4,10.0,0.0,88.2,12.9,35.4,46.7,5.0,0.0,71.9,17.9,11.2,52.9,17.9,0.0,85.4,6.7,29.2,52.3,11.9,0.0,84.7,5.0,35.4,50.6,9.0,0.0,81.8,5.0,31.5,56.2,7.3,0.0,82.9,13.2,21.6,52.9,12.3,0.0,82.2,17.0,46.2,35.5,1.4,0.0,60.6,12.9,14.5,59.6,12.9,0.0,86.3,8.9,23.1,54.3,13.8,0.0,86.5,12.3,21.5,58.2,8.0,0.0,81.0,12.0,30.4,49.0,8.7,0.0,77.2,12.3,28.7,53.7,5.4,0.0,76.0,13.0,30.8,48.9,7.3,0.0,75.3,11.2,28.6,54.0,6.2,0.0,77.6,11.3,19.4,52.9,16.3,0.0,87.1,13.1,16.8,61.4,8.8,0.0,82.9,9.4,24.3,56.6,9.8,0.0,83.4,13.3,20.7,64.6,0.0,1.4,77.7,17.3,27.1,52.7,2.8,0.0,70.5,20.3,27.7,45.6,6.4,0.0,69.1,22.6,39.2,34.1,4.1,0.0,59.9,32.7,33.0,32.9,1.3,0.0,51.5,34.4,26.3,33.3,6.0,0.0,55.4,32.7,29.5,34.1,3.7,0.0,54.4,35.5,26.1,32.9,5.4,0.0,54.1,32.1,31.0,27.5,9.4,0.0,57.1,25.8,32.8,36.2,5.2,0.0,60.4,24.8,39.3,34.3,1.5,0.0,56.3,28.4,33.3,28.4,9.9,0.0,59.9,24.3,43.2,29.6,2.9,0.0,55.5,20.2,32.6,36.3,10.9,0.0,68.9,16.8,39.9,33.6,9.7,0.0,68.2,16.6,35.6,38.0,9.7,0.0,70.4,19.0,25.0,42.7,13.3,0.0,75.2,14.6,31.5,46.9,7.0,0.0,73.1,21.5,21.5,54.0,3.1,0.0,69.3,22.0,32.0,41.7,4.3,0.0,64.1,21.4,42.1,36.5,0.0,0.0,57.5,16.2,37.8,37.1,8.9,0.0,69.3,20.1,35.3,38.6,6.0,0.0,65.2,16.9,33.3,41.2,8.6,0.0,70.7,22.8,27.2,50.0,0.0,0.0,63.6,21.7,23.3,50.1,4.9,0.0,69.1,12.4,29.2,50.2,8.2,0.0,77.1,10.2,34.9,46.7,8.2,0.0,76.4,11.1,25.9,53.4,9.6,0.0,80.8,20.1,17.4,55.2,7.3,0.0,74.9,16.5,19.2,54.1,10.1,0.0,78.9,20.9,29.6,41.9,7.6,0.0,68.2,8.9,35.7,44.8,10.5,0.0,78.5,17.4,26.1,52.2,4.3,0.0,71.7,17.7,28.4,46.5,7.3,0.0,71.7,14.8,43.4,35.9,5.8,0.0,66.4,23.4,38.9,29.8,7.8,0.0,61.0
"제조업",업종별,목재및나무제품;가구제외,11.2,38.5,37.7,12.6,0.0,75.8,4.9,33.6,43.8,17.7,0.0,87.2,7.8,20.1,47.9,24.2,0.0,94.2,10.3,25.7,48.6,15.4,0.0,84.6,4.9,34.7,54.8,5.5,0.0,80.5,6.4,39.7,51.4,2.5,0.0,75.0,12.1,22.8,54.9,10.1,0.0,81.5,7.3,24.8,52.0,15.9,0.0,88.2,5.1,29.6,48.3,17.0,0.0,88.6,5.0,21.0,61.5,12.4,0.0,90.7,7.9,43.0,39.3,9.8,0.0,75.5,18.1,34.3,44.3,2.5,0.7,66.7,8.0,40.5,43.5,7.2,0.7,76.1,12.1,32.3,45.6,8.8,1.3,77.5,3.3,22.4,57.1,15.7,1.5,94.9,1.7,28.8,56.5,11.5,1.4,91.1,4.9,27.6,62.5,3.3,1.8,84.7,9.8,22.3,58.6,9.3,0.0,83.7,7.0,24.6,63.7,3.3,1.5,83.9,8.6,21.8,59.9,9.8,0.0,85.4,3.4,16.7,68.8,11.2,0.0,93.9,11.4,16.9,60.7,10.9,0.0,85.6,6.7,30.7,60.4,2.2,0.0,79.1,10.9,37.2,50.3,1.7,0.0,71.4,12.8,31.8,46.3,9.1,0.0,75.8,3.9,24.6,55.6,15.9,0.0,91.8,6.5,18.5,64.8,10.2,0.0,89.3,10.7,23.3,61.8,4.2,0.0,79.8,11.1,24.4,53.3,8.9,2.2,83.3,6.5,27.5,55.2,10.8,0.0,85.2,6.5,31.8,53.1,8.6,0.0,81.9,4.7,19.3,54.6,21.4,0.0,96.4,4.4,31.6,54.8,9.1,0.0,84.3,4.4,15.6,62.2,17.8,0.0,96.7,4.7,28.5,59.6,7.2,0.0,84.6,12.6,24.1,57.9,5.4,0.0,78.0,10.1,29.5,50.3,10.1,0.0,80.2,4.6,28.9,49.7,16.8,0.0,89.3,9.3,15.2,54.4,21.1,0.0,93.7,7.0,26.8,51.1,12.9,2.3,88.4,4.6,30.4,51.1,13.9,0.0,87.1,13.5,20.6,56.8,9.0,0.0,80.7,18.1,31.3,42.6,5.8,2.3,71.5,9.0,29.0,49.4,12.6,0.0,82.7,4.5,35.8,48.4,9.0,2.3,84.3,2.3,27.1,64.7,5.9,0.0,87.1,7.2,28.1,50.8,13.9,0.0,85.7,4.9,54.5,35.7,4.9,0.0,70.3,19.9,34.9,45.3,0.0,0.0,62.7,5.6,23.4,47.6,23.4,0.0,94.3,5.0,30.2,57.2,7.7,0.0,83.8,3.5,23.8,66.3,4.6,1.8,88.6,7.2,25.3,63.7,2.2,1.7,82.9,9.8,36.8,51.6,1.8,0.0,72.7,11.0,34.6,50.4,3.9,0.0,73.6,7.1,35.1,48.4,9.4,0.0,80.1,5.7,34.6,53.9,3.5,2.2,80.9,7.3,26.6,61.8,2.2,2.2,82.7,7.3,29.7,52.1,10.9,0.0,83.3,9.1,33.1,51.4,6.3,0.0,77.4,9.1,34.9,46.9,9.1,0.0,78.0,6.9,38.9,44.6,9.7,0.0,78.6,7.6,39.5,48.1,4.8,0.0,75.1,13.5,40.4,41.8,4.3,0.0,68.5,11.9,33.2,49.1,5.8,0.0,74.5,16.9,38.0,45.1,0.0,0.0,64.1,25.8,35.8,36.3,2.1,0.0,57.3,17.2,38.0,37.1,7.8,0.0,67.8,15.3,25.2,53.3,4.1,2.1,76.2,13.0,15.1,64.1,7.8,0.0,83.3,9.1,43.9,42.8,4.1,0.0,71.0,19.1,31.6,49.3,0.0,0.0,65.1,13.9,35.3,48.9,1.9,0.0,69.5,11.1,32.1,45.4,11.4,0.0,78.6,7.8,28.1,62.2,1.9,0.0,79.1,9.8,31.1,47.4,9.6,2.1,81.5,5.7,22.8,60.4,11.0,0.0,88.4,4.0,22.6,66.1,7.3,0.0,88.4,8.8,40.3,47.4,3.4,0.0,72.7,5.1,30.2,55.0,9.6,0.0,84.6,1.8,35.1,51.6,11.5,0.0,86.4,3.4,29.2,58.1,9.3,0.0,86.6,3.8,26.0,64.3,5.9,0.0,86.1,11.4,22.4,57.9,8.3,0.0,81.5,7.8,30.2,50.1,11.9,0.0,83.1,1.8,28.6,56.1,13.5,0.0,90.6,0.0,31.6,58.8,9.6,0.0,89.0,2.0,20.0,68.2,9.9,0.0,93.0,5.8,27.5,57.1,9.6,0.0,85.2,6.9,41.4,47.9,1.7,2.2,75.5,11.1,29.1,55.7,4.1,0.0,76.3,9.4,36.2,46.4,8.1,0.0,76.6,4.7,22.2,61.8,11.2,0.0,89.8,12.0,27.6,57.2,3.2,0.0,75.8,10.9,34.9,45.7,6.9,1.7,76.9,7.4,38.5,49.3,4.8,0.0,75.7
"제조업",업종별,펄프종이및종이제품,9.2,30.4,54.4,6.0,0.0,78.6,7.3,21.7,52.2,17.3,1.4,91.9,9.2,25.7,62.1,3.0,0.0,79.5,7.7,18.4,60.4,13.5,0.0,89.9,5.9,18.9,59.3,15.9,0.0,92.6,11.6,33.4,47.8,5.8,1.4,76.0,13.7,31.0,46.4,8.9,0.0,75.3,5.9,23.3,45.0,25.9,0.0,95.4,5.8,25.8,48.6,19.8,0.0,91.2,5.7,26.7,52.3,13.9,1.4,89.3,4.5,26.8,52.4,16.3,0.0,90.2,4.5,34.1,45.4,13.2,2.9,87.9,6.0,38.3,38.3,14.6,2.9,85.0,7.6,30.1,37.3,20.7,4.4,92.2,7.5,16.6,47.2,28.8,0.0,98.6,6.0,20.4,52.6,21.0,0.0,94.3,4.2,32.1,49.7,13.3,0.8,87.2,3.8,27.4,53.6,15.3,0.0,90.2,6.7,34.6,45.2,12.3,1.2,83.3,5.9,17.3,43.8,33.1,0.0,102.0,3.3,11.3,58.1,27.3,0.0,104.7,4.3,23.3,65.0,5.9,1.4,88.5,4.2,38.0,46.1,10.3,1.4,83.4,4.4,39.2,39.5,14.9,2.0,85.5,6.0,34.7,52.4,6.9,0.0,80.1,7.3,21.0,55.6,16.1,0.0,90.2,7.1,15.8,64.6,12.5,0.0,91.2,4.2,21.9,51.6,22.3,0.0,96.1,4.7,27.0,50.7,17.7,0.0,90.7,6.1,35.9,49.0,8.9,0.0,80.4,12.8,36.8,40.4,10.0,0.0,73.8,7.1,21.7,48.6,22.6,0.0,93.3,4.3,37.4,49.6,7.3,1.4,82.1,2.8,25.9,61.3,8.6,1.4,90.0,2.9,26.7,52.9,16.1,1.4,93.3,8.4,26.0,52.6,13.0,0.0,85.1,5.6,41.5,42.9,9.9,0.0,78.6,4.1,32.0,42.9,21.0,0.0,90.4,2.8,25.5,60.4,9.9,1.4,90.8,5.8,22.5,46.4,25.3,0.0,95.7,4.3,34.9,42.6,18.2,0.0,87.3,8.6,26.8,56.9,7.7,0.0,81.8,7.0,37.8,45.7,9.4,0.0,78.8,4.3,21.5,61.7,12.5,0.0,91.1,4.3,18.1,51.3,24.9,1.4,100.5,5.8,24.8,57.2,10.7,1.4,88.6,7.2,40.6,50.7,0.0,1.4,73.9,7.2,42.1,38.1,11.2,1.4,78.8,6.7,30.1,61.0,2.2,0.0,79.3,2.5,43.7,42.9,10.8,0.0,81.0,4.0,30.7,54.9,10.4,0.0,85.9,4.0,30.7,48.7,16.7,0.0,89.0,8.6,34.0,51.3,6.0,0.0,77.4,8.0,34.2,44.8,13.0,0.0,81.4,11.4,26.2,50.9,11.5,0.0,81.3,5.8,31.6,52.3,10.3,0.0,83.6,3.8,22.8,63.7,9.8,0.0,89.7,7.5,33.3,50.6,6.5,2.0,81.1,6.4,33.7,53.1,4.7,2.1,81.1,5.3,32.0,46.4,14.2,2.1,87.9,6.8,35.9,54.5,2.7,0.0,76.6,8.2,40.7,43.5,7.6,0.0,75.2,17.1,45.1,31.1,4.7,2.1,64.8,24.4,41.5,23.1,11.0,0.0,60.3,15.8,50.3,30.4,3.5,0.0,60.7,14.0,44.8,33.2,8.0,0.0,67.6,12.3,35.2,45.6,6.8,0.0,73.5,5.3,42.8,39.6,12.3,0.0,79.4,0.0,41.9,48.5,9.6,0.0,83.8,7.2,38.4,41.4,10.9,2.1,81.1,6.4,41.2,47.7,2.6,2.1,76.3,13.1,30.4,53.2,1.1,2.2,74.4,9.7,48.2,37.0,5.1,0.0,68.8,9.5,32.9,48.7,8.9,0.0,78.5,9.2,22.9,58.7,9.2,0.0,84.0,2.4,26.6,60.4,10.5,0.0,89.5,3.8,22.6,60.9,11.5,1.3,92.0,7.0,25.6,59.4,8.1,0.0,84.3,3.6,31.8,50.5,14.1,0.0,87.6,1.2,30.2,58.3,10.3,0.0,88.9,2.4,30.5,50.2,16.9,0.0,90.8,6.9,29.9,49.5,11.5,2.2,86.2,3.4,26.4,54.3,14.7,1.2,92.0,3.8,27.6,52.4,14.0,2.2,91.6,6.7,32.6,50.6,10.1,0.0,82.0,5.7,24.6,59.2,10.5,0.0,87.2,3.3,28.0,49.9,18.9,0.0,92.1,2.2,30.0,51.2,16.5,0.0,91.1,4.5,30.7,49.3,15.6,0.0,87.9,5.8,29.1,54.7,10.4,0.0,84.9,4.3,34.8,48.2,11.6,1.1,85.2,4.3,36.6,52.4,6.7,0.0,80.8,4.5,29.1,56.9,8.5,1.1,86.3,4.5,30.6,55.2,7.3,2.4,86.3,8.1,27.2,60.0,2.2,2.4,81.9,6.9,39.1,44.3,7.2,2.4,79.5
"제조업",업종별,인쇄및기록매체복제업,9.9,33.6,41.5,15.0,0.0,80.8,8.6,25.3,49.4,16.7,0.0,87.0,9.0,32.7,48.3,10.0,0.0,79.7,0.6,52.2,34.3,12.9,0.0,79.8,4.9,45.3,46.1,1.3,2.5,75.5,18.3,46.9,34.8,0.0,0.0,58.2,11.8,51.3,34.9,2.0,0.0,63.5,17.1,23.9,37.5,21.5,0.0,81.7,4.6,27.5,43.3,24.5,0.0,93.8,12.7,22.9,38.3,26.1,0.0,88.9,8.8,14.4,42.6,34.1,0.0,101.0,1.4,41.1,40.4,17.1,0.0,86.6,6.3,29.1,47.1,17.5,0.0,87.9,0.0,20.4,73.3,6.3,0.0,93.0,6.3,24.3,60.9,8.5,0.0,85.7,7.4,34.6,46.1,11.9,0.0,81.2,10.4,30.4,52.6,6.6,0.0,77.7,12.7,36.3,38.1,12.9,0.0,75.6,8.7,35.2,48.8,7.3,0.0,77.3,6.8,22.5,45.1,25.6,0.0,94.7,4.5,4.5,68.9,22.2,0.0,104.4,7.3,18.7,59.5,14.5,0.0,90.6,4.9,17.7,38.9,38.5,0.0,105.5,10.9,19.9,56.8,12.3,0.0,85.3,10.1,24.2,55.7,10.1,0.0,82.9,6.6,27.0,50.0,16.4,0.0,88.0,5.4,26.8,45.2,22.6,0.0,92.5,12.7,30.4,46.6,10.3,0.0,77.3,11.9,30.3,44.6,13.1,0.0,79.5,10.6,33.6,41.6,14.2,0.0,79.6,8.4,45.6,39.4,6.6,0.0,72.1,8.4,16.4,50.0,25.2,0.0,96.0,8.9,25.8,50.1,15.2,0.0,85.8,7.1,10.2,47.8,35.0,0.0,105.3,3.6,15.5,51.7,27.4,1.8,104.1,5.0,26.1,46.0,22.9,0.0,93.4,3.3,32.3,50.1,14.3,0.0,87.7,1.8,22.2,50.7,24.0,1.3,100.3,0.0,28.3,55.6,16.1,0.0,93.9,5.5,26.2,48.1,20.2,0.0,91.4,6.9,28.1,56.3,8.7,0.0,83.5,7.4,40.8,42.0,9.8,0.0,77.1,10.4,45.7,40.2,3.7,0.0,68.6,9.2,33.0,38.9,18.9,0.0,83.7,1.8,20.2,43.2,34.8,0.0,105.5,6.6,23.9,42.5,25.8,1.2,95.5,5.1,24.8,49.1,17.9,3.1,94.6,5.1,34.2,44.8,15.9,0.0,85.8,7.6,40.6,45.7,6.0,0.0,75.1,6.9,26.3,63.5,3.3,0.0,81.5,9.2,27.7,51.5,11.6,0.0,82.8,7.3,40.2,48.2,4.3,0.0,74.7,11.0,34.8,52.8,1.3,0.0,72.3,18.4,36.0,40.6,5.0,0.0,66.1,13.9,38.6,47.6,0.0,0.0,66.8,13.9,31.4,44.4,10.3,0.0,75.6,9.7,14.8,51.9,23.6,0.0,94.7,5.7,17.8,53.9,22.7,0.0,96.8,7.2,19.7,51.1,22.0,0.0,94.0,10.5,21.1,55.2,13.2,0.0,85.5,6.7,26.9,49.8,16.6,0.0,88.1,8.8,27.9,61.5,1.8,0.0,78.2,29.6,32.7,35.9,1.8,0.0,55.0,38.1,30.9,27.8,3.1,0.0,48.0,35.7,33.6,30.7,0.0,0.0,47.5,36.5,26.8,34.9,1.8,0.0,51.0,30.2,35.5,32.5,1.8,0.0,53.0,25.4,27.3,38.8,8.5,0.0,65.2,18.4,28.1,40.9,12.6,0.0,73.9,18.4,15.2,44.3,22.2,0.0,85.1,12.9,20.5,46.7,19.9,0.0,86.9,18.1,26.9,46.9,8.1,0.0,72.5,14.0,37.2,47.1,1.8,0.0,68.4,14.7,31.0,51.0,3.3,0.0,71.5,12.9,25.5,52.9,8.8,0.0,78.8,11.0,43.9,41.4,3.7,0.0,68.9,13.9,31.8,46.4,7.9,0.0,74.2,19.8,33.8,45.0,1.4,0.0,64.0,27.3,32.5,38.9,1.3,0.0,57.1,18.9,26.9,35.4,17.0,1.9,78.1,12.2,27.5,43.9,16.4,0.0,82.3,12.2,13.6,53.2,21.0,0.0,91.6,14.0,18.6,50.3,15.4,1.8,86.2,14.0,22.1,49.9,14.0,0.0,81.9,18.7,17.4,53.3,10.5,0.0,77.8,10.6,25.9,47.8,15.7,0.0,84.3,11.8,22.1,54.2,11.8,0.0,83.0,8.5,39.4,39.0,13.0,0.0,78.3,8.7,28.7,58.1,4.4,0.0,79.1,10.2,45.2,40.1,3.1,1.4,70.2,16.7,36.1,44.2,3.1,0.0,66.8,13.1,22.6,52.9,11.4,0.0,81.3,10.5,14.7,61.3,13.5,0.0,88.9,6.7,16.3,51.1,26.0,0.0,98.2,8.5,22.4,46.0,21.3,1.7,92.6,10.2,21.3,53.7,13.1,1.7,87.3
"제조업",업종별,화학물질및화학제품;의약품제외,7.1,21.1,53.4,18.4,0.0,91.6,6.1,12.5,56.9,24.5,0.0,99.9,3.5,14.9,64.0,16.4,1.1,98.4,6.4,16.1,50.8,25.5,1.1,99.4,5.2,14.4,65.8,14.5,0.0,94.8,15.7,15.3,57.6,9.8,1.7,83.3,14.3,23.4,52.9,9.5,0.0,78.8,15.3,20.2,56.4,8.1,0.0,78.6,8.7,20.6,53.2,17.5,0.0,89.7,3.1,15.4,68.6,11.2,1.7,96.4,8.0,25.8,55.2,11.0,0.0,84.6,8.1,24.8,60.6,6.6,0.0,82.8,5.4,27.4,47.7,19.5,0.0,90.7,2.3,22.6,58.5,16.7,0.0,94.8,1.9,19.9,71.6,4.2,2.4,92.7,0.4,15.1,69.7,12.0,2.7,100.8,5.3,28.4,51.1,14.7,0.4,88.2,1.4,39.8,56.5,2.3,0.0,79.9,13.0,17.6,54.2,15.2,0.0,85.8,5.4,24.8,56.3,13.4,0.0,88.8,0.7,35.7,43.1,20.6,0.0,91.8,5.1,28.3,54.4,10.3,1.9,87.9,9.2,26.2,53.9,10.8,0.0,83.1,7.7,33.9,50.8,7.7,0.0,79.2,6.1,31.7,51.6,10.6,0.0,83.3,0.0,20.9,59.7,19.4,0.0,99.2,3.0,16.1,54.5,25.1,1.4,102.9,4.4,19.1,60.8,15.8,0.0,94.0,3.0,21.5,57.1,18.4,0.0,95.4,4.4,22.1,59.4,14.2,0.0,91.7,2.8,31.8,58.4,6.9,0.0,84.7,2.8,11.4,65.2,20.6,0.0,101.8,7.1,29.4,49.2,14.3,0.0,85.4,3.0,14.6,62.3,20.2,0.0,99.8,3.0,19.5,62.0,15.5,0.0,95.0,2.6,19.9,69.2,8.3,0.0,91.6,4.0,15.5,64.7,15.8,0.0,96.1,0.0,14.8,58.4,26.8,0.0,106.0,0.0,8.9,69.1,22.0,0.0,106.6,0.0,16.3,65.6,16.6,1.4,101.5,0.0,16.3,71.8,11.8,0.0,97.7,0.0,15.2,74.3,8.9,1.7,98.6,1.4,33.1,56.4,9.2,0.0,86.7,2.9,17.1,72.4,7.5,0.0,92.3,4.7,17.8,66.9,10.6,0.0,91.7,6.1,17.6,64.5,11.9,0.0,91.1,2.8,20.5,66.2,10.6,0.0,92.3,4.0,25.9,51.9,18.2,0.0,92.1,6.0,29.1,52.9,9.4,2.5,86.7,0.0,17.4,68.8,13.8,0.0,98.2,0.0,18.9,66.6,14.5,0.0,97.8,1.2,8.2,73.8,16.9,0.0,103.2,3.3,21.5,60.3,14.8,0.0,93.3,4.5,25.0,60.2,10.2,0.0,88.1,2.3,33.8,58.2,4.5,1.2,84.2,3.4,29.5,54.6,12.5,0.0,88.1,1.1,18.5,68.9,9.2,2.4,96.6,0.0,21.9,66.6,11.5,0.0,94.8,3.4,24.1,67.8,4.8,0.0,87.0,2.3,19.2,70.6,7.9,0.0,92.0,5.8,19.6,60.9,11.5,2.3,92.4,1.2,30.8,53.3,13.5,1.2,91.4,6.1,34.0,46.6,10.9,2.4,84.8,8.4,33.1,53.6,3.7,1.2,78.1,12.1,39.8,43.3,3.7,1.2,71.1,11.9,40.5,41.7,4.8,1.2,71.4,4.8,42.7,45.4,7.0,0.0,77.4,2.4,37.1,51.2,9.3,0.0,83.7,5.9,34.8,44.3,13.9,1.2,84.9,4.8,29.8,46.4,19.0,0.0,89.9,8.5,33.8,43.4,14.3,0.0,81.8,4.8,28.6,52.4,14.3,0.0,88.1,4.7,30.6,52.9,11.7,0.0,85.8,5.9,22.4,57.2,14.4,0.0,90.1,4.6,17.8,56.1,21.4,0.0,97.2,4.7,25.7,59.2,10.4,0.0,87.7,4.5,24.6,62.0,8.9,0.0,87.7,2.4,27.0,63.5,7.1,0.0,87.7,4.8,24.1,57.8,13.3,0.0,89.8,3.5,19.6,60.6,16.3,0.0,94.8,6.0,20.2,52.4,21.4,0.0,94.6,7.0,16.5,61.0,14.4,1.2,93.2,5.7,12.5,67.1,13.6,1.1,96.0,4.8,15.4,65.8,14.0,0.0,94.6,7.5,25.3,59.7,6.3,1.2,84.2,2.4,25.3,60.2,12.1,0.0,91.0,2.5,24.3,59.8,13.4,0.0,92.1,4.8,27.2,52.9,15.1,0.0,89.2,3.6,32.1,54.8,9.5,0.0,85.1,3.6,27.8,58.9,9.7,0.0,87.4,6.9,35.1,51.7,6.3,0.0,78.7,3.5,33.1,56.2,7.2,0.0,83.5,6.3,22.7,63.6,7.5,0.0,86.1,3.7,24.3,61.1,10.9,0.0,89.7,8.8,28.3,59.1,3.8,0.0,79.0,6.4,30.6,54.0,9.1,0.0,82.9
"제조업",업종별,의료용물질및의약품,0.0,12.5,75.3,10.5,1.6,100.6,1.6,3.1,74.7,14.8,5.9,110.2,1.0,2.6,75.5,20.9,0.0,108.1,0.0,5.8,72.3,21.9,0.0,108.1,0.5,6.4,65.4,27.7,0.0,110.2,2.8,10.1,65.3,21.7,0.0,103.0,3.7,12.2,74.4,9.7,0.0,95.0,1.0,7.5,71.7,19.7,0.0,105.1,5.7,6.0,66.4,21.9,0.0,102.2,0.0,5.3,64.7,30.0,0.0,112.4,1.0,6.4,76.7,16.0,0.0,103.8,0.0,13.2,69.5,17.4,0.0,102.1,0.0,13.7,72.5,13.8,0.0,100.0,0.0,12.4,65.8,20.7,1.1,105.2,0.0,14.9,66.6,18.5,0.0,101.8,1.2,10.9,70.6,17.4,0.0,102.1,1.6,2.2,77.5,18.7,0.0,106.7,1.9,6.9,87.9,3.2,0.0,96.2,0.6,13.6,83.2,1.1,1.5,94.7,0.0,9.0,88.6,2.4,0.0,96.7,0.3,6.3,85.8,7.4,0.3,100.5,2.3,20.5,63.6,13.6,0.0,94.3,3.2,11.7,69.2,16.0,0.0,99.0,1.1,22.3,59.6,17.0,0.0,96.3,3.2,20.7,61.7,14.4,0.0,93.6,0.0,13.5,72.1,12.3,2.1,101.5,1.0,11.2,64.6,23.2,0.0,105.0,0.0,17.0,57.5,25.5,0.0,104.3,0.0,13.5,45.2,41.3,0.0,113.9,1.0,11.4,68.6,14.7,4.3,104.9,0.0,19.7,57.9,17.9,4.5,103.6,1.2,10.8,73.6,13.3,1.2,101.3,0.0,20.5,70.5,9.1,0.0,94.3,0.0,20.5,62.5,17.0,0.0,98.3,4.5,7.7,74.7,8.8,4.3,100.3,2.5,7.6,66.1,18.7,5.1,108.1,0.8,9.9,64.8,24.5,0.0,106.5,1.4,4.1,63.4,31.0,0.0,112.1,0.7,4.3,68.0,27.0,0.0,110.7,0.0,16.9,71.1,12.0,0.0,97.5,0.0,8.0,74.4,17.6,0.0,104.8,4.5,13.7,55.3,26.5,0.0,101.9,0.7,11.0,82.8,5.6,0.0,96.6,0.0,4.7,67.8,27.5,0.0,111.4,0.7,4.7,79.2,15.4,0.0,104.7,0.7,4.0,70.0,25.3,0.0,110.0,1.3,7.6,74.9,16.1,0.0,102.9,0.7,13.2,66.4,19.7,0.0,102.6,1.8,26.8,57.7,13.7,0.0,91.6,1.0,3.8,54.8,40.4,0.0,117.3,1.9,7.3,60.2,30.5,0.0,109.7,0.0,21.6,59.6,18.8,0.0,98.6,5.5,15.1,65.1,14.4,0.0,94.2,0.0,23.8,66.3,9.9,0.0,93.1,1.0,26.0,69.9,3.1,0.0,87.5,4.7,20.4,63.3,11.6,0.0,90.8,2.1,24.0,54.1,19.9,0.0,95.9,0.0,21.7,55.0,23.3,0.0,100.8,2.1,19.4,66.6,11.9,0.0,94.2,7.8,24.4,60.0,7.8,0.0,83.9,0.0,22.2,66.7,11.1,0.0,94.4,2.1,30.1,44.5,23.3,0.0,94.4,3.2,47.6,42.3,6.9,0.0,76.5,5.9,46.4,40.5,2.4,4.7,76.8,5.9,31.8,57.6,0.0,4.7,82.9,4.4,18.4,57.1,15.4,4.7,98.8,2.2,24.2,63.0,5.9,4.7,93.4,4.4,19.5,53.8,17.6,4.7,99.4,7.1,19.4,51.0,17.3,5.1,96.9,2.1,13.6,69.1,15.3,0.0,98.8,1.1,39.6,53.5,5.8,0.0,82.0,0.0,19.8,68.5,11.7,0.0,96.0,1.1,37.2,54.4,7.3,0.0,84.0,0.0,15.9,61.4,22.7,0.0,103.4,0.0,10.1,67.7,22.2,0.0,106.1,0.0,11.5,61.8,26.7,0.0,107.6,1.1,8.8,56.1,34.0,0.0,111.5,0.0,20.5,66.9,12.6,0.0,96.1,2.0,21.8,67.3,8.9,0.0,91.6,1.0,22.9,62.9,13.1,0.0,94.1,0.0,11.4,68.7,19.9,0.0,104.2,0.0,14.7,65.7,19.5,0.0,102.4,1.0,12.2,63.5,23.3,0.0,104.6,1.0,12.7,56.9,29.5,0.0,107.5,0.9,14.5,66.6,18.0,0.0,100.8,0.9,5.6,59.4,34.1,0.0,113.3,0.9,15.6,72.7,10.8,0.0,96.8,0.9,15.6,50.7,32.9,0.0,107.8,1.7,21.0,52.5,24.8,0.0,100.2,0.9,20.3,53.9,24.9,0.0,101.4,0.9,23.0,38.8,37.4,0.0,106.3,0.0,16.4,67.6,15.9,0.0,99.8,0.8,13.9,68.5,16.8,0.0,100.6,1.7,21.2,52.2,24.9,0.0,100.1,0.9,15.8,64.1,19.3,0.0,100.9,1.8,16.9,71.6,9.7,0.0,94.6
"제조업",업종별,고무제품및플라스틱제품,5.8,30.3,50.6,13.3,0.0,85.7,3.8,26.2,56.9,13.1,0.0,89.6,4.1,18.1,58.2,18.1,1.3,97.2,1.4,24.3,46.7,27.6,0.0,100.3,1.4,21.3,58.5,18.8,0.0,97.4,4.3,32.0,51.8,10.3,1.5,86.4,8.3,40.3,38.4,12.9,0.0,78.0,5.5,26.8,53.3,14.4,0.0,88.2,2.9,26.3,53.2,17.7,0.0,92.9,5.5,35.5,40.4,17.1,1.5,86.8,7.2,33.9,45.9,11.6,1.5,83.2,8.2,36.3,44.3,9.7,1.5,80.0,12.7,34.7,43.6,9.0,0.0,74.4,2.9,26.2,42.3,28.6,0.0,98.3,2.2,15.6,60.9,21.3,0.0,100.7,0.8,18.3,68.3,12.6,0.0,96.4,0.9,25.1,57.6,16.4,0.0,94.8,2.4,28.7,55.5,13.4,0.0,89.9,2.6,32.8,54.9,9.7,0.0,85.9,1.9,15.4,64.4,18.3,0.0,99.5,2.9,22.7,56.5,17.9,0.0,94.7,1.9,30.3,55.3,12.6,0.0,89.3,4.5,39.0,47.9,8.6,0.0,80.3,6.3,31.5,45.2,17.0,0.0,86.4,13.9,20.5,56.6,8.9,0.0,80.3,5.4,17.8,49.4,26.2,1.2,100.0,3.6,26.8,44.9,23.0,1.7,96.2,2.4,22.6,50.6,24.4,0.0,98.4,4.9,21.7,60.0,13.3,0.0,90.9,6.6,16.1,60.1,17.3,0.0,94.0,11.0,27.2,46.8,14.9,0.0,82.8,1.3,27.7,49.6,21.4,0.0,95.6,7.5,36.7,42.8,13.0,0.0,80.7,4.3,30.6,43.8,21.3,0.0,91.1,8.4,37.3,38.3,16.0,0.0,81.0,11.4,30.4,42.2,14.8,1.3,82.1,8.7,36.6,43.4,11.3,0.0,78.6,4.5,16.5,52.4,26.5,0.0,100.5,4.4,21.7,53.5,20.5,0.0,95.0,5.8,24.9,43.4,25.9,0.0,94.7,7.1,20.1,53.1,19.7,0.0,92.7,5.8,37.9,40.4,15.9,0.0,83.2,8.5,40.5,41.1,9.8,0.0,76.1,10.2,21.0,50.4,18.4,0.0,88.5,6.9,32.1,43.5,17.5,0.0,85.8,10.8,29.5,42.7,17.0,0.0,82.9,11.0,26.3,50.8,12.0,0.0,81.9,11.2,32.8,51.7,4.4,0.0,74.6,10.9,53.3,30.7,5.2,0.0,65.0,5.5,31.6,40.9,22.0,0.0,89.7,7.4,26.0,49.7,16.9,0.0,88.0,3.4,24.1,59.2,13.3,0.0,91.2,6.1,24.2,52.2,17.5,0.0,90.5,4.2,34.6,46.8,14.4,0.0,85.7,14.2,24.7,55.9,5.2,0.0,76.0,9.5,34.3,50.9,5.3,0.0,76.1,11.0,27.3,48.9,11.6,1.3,82.5,8.3,27.2,52.4,12.1,0.0,84.2,9.5,33.1,49.3,8.1,0.0,78.0,10.6,44.4,38.4,6.5,0.0,70.4,15.2,38.3,41.7,4.8,0.0,68.1,9.5,46.5,35.3,8.6,0.0,71.5,15.1,36.2,37.3,11.4,0.0,72.5,14.9,40.3,38.0,6.9,0.0,68.5,20.8,39.6,28.6,11.0,0.0,64.9,15.6,42.6,40.0,1.9,0.0,64.1,10.0,44.5,39.7,5.9,0.0,70.7,12.0,32.4,49.4,6.1,0.0,74.8,11.6,24.4,55.9,8.2,0.0,80.3,12.8,17.0,58.2,12.1,0.0,84.8,11.8,41.8,38.4,8.0,0.0,71.3,9.5,34.8,47.6,6.3,1.7,77.9,9.6,29.1,53.6,7.7,0.0,79.7,7.6,38.2,39.0,15.2,0.0,80.9,4.2,31.1,50.8,13.9,0.0,87.2,6.9,29.2,50.8,13.0,0.0,85.0,5.5,30.0,53.8,10.7,0.0,84.8,6.9,33.9,52.3,6.9,0.0,79.6,4.1,40.7,47.5,7.7,0.0,79.5,7.5,39.6,46.4,6.5,0.0,76.0,7.1,36.5,43.2,13.2,0.0,81.2,11.1,31.4,48.7,8.8,0.0,77.6,9.8,38.8,45.4,6.0,0.0,73.8,7.3,35.3,47.4,9.9,0.0,80.0,5.9,42.1,43.6,8.4,0.0,77.2,2.8,26.0,54.4,16.7,0.0,92.5,4.4,25.7,64.3,5.6,0.0,85.6,4.0,26.5,58.7,10.8,0.0,88.2,4.4,34.5,52.7,8.4,0.0,82.5,6.1,37.4,47.6,8.9,0.0,79.6,13.3,38.9,39.6,8.2,0.0,71.3,8.2,41.7,44.5,5.5,0.0,73.6,9.0,32.8,47.7,10.5,0.0,79.8,7.1,34.8,49.5,8.7,0.0,79.9,9.4,35.1,50.6,5.0,0.0,75.6,11.9,42.3,37.9,7.9,0.0,70.9
"제조업",업종별,비금속광물제품,15.7,18.0,52.8,13.5,0.0,82.1,7.3,17.3,47.9,27.5,0.0,97.8,2.1,16.0,50.9,31.0,0.0,105.5,3.4,11.1,51.9,33.6,0.0,107.8,4.2,16.8,58.8,19.0,1.2,98.1,8.5,28.3,40.3,22.1,0.7,89.2,6.3,33.5,45.2,12.9,2.1,85.5,3.5,23.2,47.4,25.9,0.0,97.8,7.4,24.0,42.1,25.4,1.1,94.4,4.4,18.4,52.1,25.1,0.0,99.0,4.9,29.8,48.5,15.3,1.5,89.3,13.4,33.0,46.7,6.8,0.0,73.5,16.3,35.5,37.1,11.2,0.0,71.5,4.4,24.3,42.4,26.7,2.2,99.0,1.4,15.6,52.7,30.3,0.0,105.9,5.0,14.2,55.9,24.9,0.0,100.3,2.6,19.0,58.3,18.9,1.3,98.6,2.8,20.1,63.8,11.9,1.5,94.6,6.3,31.6,52.9,9.3,0.0,82.6,5.1,23.6,47.4,22.4,1.5,95.8,0.0,13.8,58.0,27.0,1.3,107.9,6.6,23.1,48.7,19.9,1.7,93.5,6.8,24.9,48.8,19.5,0.0,90.4,13.0,33.2,42.4,11.4,0.0,76.0,10.7,38.4,40.6,8.6,1.7,76.0,5.7,22.7,43.7,27.9,0.0,97.0,1.6,14.8,53.3,28.7,1.6,107.0,0.0,18.2,51.2,28.8,1.8,107.0,2.9,14.6,58.3,24.2,0.0,101.9,4.5,18.6,59.9,16.9,0.0,94.6,2.9,25.8,59.7,11.6,0.0,90.0,4.2,11.7,46.7,37.5,0.0,108.8,1.7,26.7,58.5,13.1,0.0,91.5,4.6,19.6,52.1,23.7,0.0,97.5,1.7,27.5,53.8,17.1,0.0,93.1,16.6,19.2,56.3,8.0,0.0,77.9,8.6,33.1,43.9,14.5,0.0,82.2,2.8,11.3,46.9,39.0,0.0,111.1,1.8,5.0,62.5,30.7,0.0,111.1,4.5,14.7,55.5,21.9,3.4,102.5,3.4,15.3,51.5,28.7,1.1,104.4,8.1,27.6,52.9,10.3,1.1,84.3,6.8,36.2,50.7,6.2,0.0,78.2,6.8,19.2,56.5,17.5,0.0,92.3,3.6,20.7,56.2,19.5,0.0,95.8,3.5,23.7,59.2,13.6,0.0,91.5,9.7,27.1,52.0,10.1,1.1,83.0,11.4,26.5,54.8,7.3,0.0,79.0,16.8,27.6,47.2,8.4,0.0,73.6,2.2,20.0,51.8,26.0,0.0,100.8,3.4,25.0,53.8,16.5,1.3,93.6,0.0,27.3,55.2,16.2,1.3,95.7,4.7,15.5,66.9,12.9,0.0,94.0,3.3,30.5,60.2,5.9,0.0,84.4,9.3,20.4,61.1,9.3,0.0,85.2,4.9,27.8,47.9,19.4,0.0,91.0,11.1,20.8,51.5,16.6,0.0,86.8,7.7,27.3,56.3,8.7,0.0,83.0,5.0,38.1,47.4,8.2,1.4,81.5,7.2,36.9,52.3,3.6,0.0,76.2,3.6,44.4,45.5,6.4,0.0,77.4,6.5,30.8,47.7,13.5,1.4,86.2,7.7,36.3,45.0,9.7,1.3,80.3,8.5,33.7,52.8,5.0,0.0,77.1,9.2,43.4,44.7,2.7,0.0,70.5,12.0,48.4,38.2,1.3,0.0,64.4,10.7,44.9,37.3,7.1,0.0,70.4,12.0,40.0,40.5,7.6,0.0,71.8,7.5,33.0,49.5,10.1,0.0,81.1,7.5,27.4,52.9,12.2,0.0,85.0,6.9,35.6,50.0,7.5,0.0,79.0,14.6,29.9,43.1,12.5,0.0,76.7,12.4,40.3,43.8,3.5,0.0,69.2,4.9,30.4,46.5,18.2,0.0,88.9,3.6,32.4,42.6,21.4,0.0,90.9,6.0,32.1,42.8,16.8,2.2,88.6,1.3,31.1,53.3,14.2,0.0,90.2,8.9,32.2,42.0,17.0,0.0,83.5,6.2,38.1,50.9,4.7,0.0,77.1,10.1,35.1,41.1,13.6,0.0,79.2,3.6,34.7,47.5,14.2,0.0,86.1,4.9,33.5,47.3,13.2,1.2,86.2,4.7,30.1,53.1,10.8,1.2,86.8,8.4,32.2,54.4,5.0,0.0,78.0,7.7,41.7,42.0,8.7,0.0,75.8,7.6,23.3,52.1,15.7,1.3,89.8,1.3,28.2,57.0,13.6,0.0,91.4,5.9,18.4,56.9,18.8,0.0,94.3,9.7,20.3,56.6,13.4,0.0,86.9,9.4,29.4,51.7,9.4,0.0,80.6,10.7,15.4,63.2,10.7,0.0,87.0,8.2,21.3,57.5,13.0,0.0,87.6,5.7,29.9,49.6,14.8,0.0,86.8,9.3,22.1,59.3,9.3,0.0,84.3,8.0,20.7,62.2,9.1,0.0,86.2,16.3,30.2,51.2,1.2,1.2,70.3
"제조업",업종별,1차금속,10.8,37.8,48.0,3.4,0.0,72.1,7.6,36.8,43.5,12.1,0.0,80.0,1.0,34.2,51.1,13.7,0.0,88.7,5.0,27.5,59.4,8.2,0.0,85.4,8.0,34.6,44.3,13.1,0.0,81.2,9.7,36.0,51.4,2.8,0.0,73.7,6.9,31.6,50.8,10.7,0.0,82.7,7.4,27.5,50.2,15.0,0.0,86.4,3.5,29.2,46.4,20.9,0.0,92.3,5.6,26.0,52.1,16.4,0.0,89.6,3.9,42.1,42.3,11.7,0.0,80.9,9.3,27.0,51.2,11.4,1.1,84.1,9.7,38.2,43.1,9.0,0.0,75.7,2.2,27.4,59.3,11.1,0.0,89.7,6.4,15.0,57.5,21.0,0.0,96.6,2.0,13.2,66.2,18.6,0.0,100.7,5.9,28.9,59.3,5.8,0.0,82.6,2.9,32.3,53.0,11.9,0.0,86.9,5.6,22.5,64.7,7.2,0.0,86.7,3.2,23.0,62.7,10.0,1.0,91.3,4.5,25.1,53.8,15.8,0.8,91.7,5.6,23.0,63.9,7.5,0.0,86.7,8.0,24.4,57.7,9.9,0.0,84.7,9.1,27.7,56.2,6.9,0.0,80.5,7.9,23.5,57.7,10.9,0.0,85.7,4.7,15.1,64.7,15.5,0.0,95.5,4.8,26.0,54.1,15.2,0.0,89.8,5.9,28.3,52.7,13.1,0.0,86.5,4.6,25.6,59.3,10.5,0.0,87.8,7.8,28.8,55.6,7.8,0.0,81.7,8.8,25.6,56.7,8.8,0.0,82.8,10.6,29.4,49.1,10.9,0.0,80.1,13.5,29.3,46.6,10.6,0.0,77.1,3.1,18.3,53.4,25.2,0.0,100.3,3.0,21.9,53.2,21.9,0.0,97.0,4.7,21.8,59.4,14.2,0.0,91.6,3.0,24.7,60.3,11.9,0.0,90.6,0.0,20.3,52.9,26.8,0.0,103.3,8.6,14.7,58.3,15.4,3.0,94.7,5.9,21.1,48.6,21.4,3.1,97.3,2.8,19.6,62.1,12.3,3.2,96.7,8.7,25.3,56.8,9.3,0.0,83.3,7.0,26.7,58.4,7.9,0.0,83.6,1.4,27.0,57.2,14.4,0.0,92.3,6.3,15.4,63.2,13.7,1.4,94.2,4.2,23.6,58.3,13.9,0.0,90.9,2.8,32.6,55.6,9.0,0.0,85.4,9.0,23.9,55.9,11.3,0.0,84.7,2.0,43.9,46.1,8.0,0.0,80.0,3.6,26.3,51.9,18.3,0.0,92.4,3.6,13.4,70.8,12.1,0.0,95.7,0.0,18.9,71.4,9.7,0.0,95.4,3.7,18.9,67.9,9.5,0.0,91.6,8.7,33.8,55.0,2.4,0.0,75.6,10.8,45.8,39.6,2.9,0.8,68.5,11.5,36.7,43.5,6.6,1.6,75.1,9.4,23.5,48.4,17.8,0.8,88.6,8.7,30.1,52.5,7.8,0.9,81.1,6.0,24.9,62.7,5.6,0.9,85.2,5.8,25.4,62.1,5.8,0.8,85.2,5.8,25.5,61.8,6.8,0.0,84.8,7.2,34.2,50.3,8.3,0.0,79.9,8.3,36.7,40.8,13.3,0.8,80.8,20.2,37.2,34.1,7.6,0.9,65.8,19.2,32.9,42.9,4.2,0.8,67.3,17.9,35.8,42.5,3.8,0.0,66.0,18.3,27.9,50.8,2.9,0.0,69.2,8.2,40.5,45.5,5.8,0.0,74.4,12.1,21.9,52.3,13.7,0.0,83.8,7.0,31.3,52.6,9.1,0.0,82.0,6.3,28.3,54.6,10.8,0.0,85.0,6.7,39.5,50.8,2.9,0.0,75.0,9.3,23.6,59.5,7.6,0.0,82.7,3.2,20.2,55.2,21.4,0.0,97.4,2.3,21.3,64.2,12.2,0.0,93.2,2.3,26.9,53.9,16.9,0.0,92.7,1.6,21.9,61.9,14.6,0.0,94.8,0.8,19.7,70.9,8.6,0.0,93.7,5.7,28.0,55.7,10.6,0.0,85.6,8.6,15.6,62.3,13.5,0.0,90.3,7.5,21.4,53.4,17.8,0.0,90.7,4.8,25.7,57.5,12.1,0.0,88.4,4.7,27.3,58.3,9.7,0.0,86.4,5.5,23.1,64.1,7.2,0.0,86.5,8.2,22.9,61.5,7.4,0.0,84.1,7.1,10.4,68.0,14.5,0.0,95.0,5.5,17.3,63.1,14.2,0.0,93.0,6.3,15.7,66.6,11.4,0.0,91.6,3.2,26.3,59.9,9.7,0.8,89.2,10.4,29.1,53.6,6.9,0.0,78.5,12.4,34.6,48.4,4.6,0.0,72.6,8.0,26.0,56.2,9.8,0.0,83.9,13.2,31.1,43.3,12.5,0.0,77.5,7.2,33.8,48.4,10.6,0.0,81.2,15.5,30.1,45.5,8.9,0.0,73.9,11.8,35.2,38.6,14.4,0.0,77.8
"제조업",업종별,금속가공제품;기계및가구제외,3.4,23.0,64.4,7.8,1.5,90.5,5.3,26.7,41.9,23.7,2.4,95.7,4.5,22.7,49.3,20.4,3.1,97.5,4.6,19.4,52.2,23.8,0.0,97.6,2.0,21.2,56.8,20.0,0.0,97.4,3.3,21.0,63.9,11.8,0.0,92.1,7.5,30.4,47.0,15.1,0.0,84.8,3.5,24.4,56.3,15.8,0.0,92.2,2.2,23.5,59.6,13.3,1.4,94.0,5.8,20.6,58.9,14.7,0.0,91.3,5.4,36.9,43.3,13.0,1.4,84.0,11.1,34.5,45.9,8.5,0.0,75.9,10.8,37.4,42.8,7.6,1.5,75.8,3.2,23.4,50.9,22.6,0.0,96.4,6.6,17.5,54.4,21.5,0.0,95.4,5.9,20.0,59.4,13.2,1.4,92.2,4.8,16.6,62.1,16.5,0.0,95.2,2.7,22.0,58.7,16.6,0.0,94.6,5.9,29.5,55.4,8.3,0.9,84.3,3.6,20.5,62.3,13.6,0.0,93.0,6.1,20.2,58.3,15.4,0.0,91.5,5.6,21.7,60.5,12.3,0.0,89.7,4.1,27.8,54.2,13.9,0.0,89.0,3.0,36.7,48.0,12.4,0.0,84.9,8.4,28.3,51.2,12.1,0.0,83.5,4.1,26.2,49.1,20.5,0.0,93.1,3.6,20.9,59.5,16.0,0.0,93.9,4.0,35.4,49.7,9.5,1.4,84.4,2.3,26.3,51.1,19.0,1.4,95.5,7.3,26.5,50.2,15.9,0.0,87.4,8.6,35.2,46.3,10.0,0.0,78.8,6.6,29.9,41.0,21.0,1.4,90.4,10.7,33.8,44.3,9.7,1.4,78.6,4.1,27.8,44.3,23.8,0.0,93.9,8.4,30.8,45.8,15.0,0.0,83.6,8.5,26.6,49.1,15.8,0.0,86.1,5.7,31.3,52.8,10.2,0.0,83.8,3.6,20.3,47.9,26.8,1.4,101.0,6.5,16.0,57.0,20.5,0.0,95.8,7.9,13.5,59.9,17.8,0.8,95.0,5.7,12.7,60.7,20.9,0.0,98.4,2.8,21.0,57.6,18.5,0.0,95.9,5.1,26.0,57.7,11.2,0.0,87.5,2.8,19.2,59.0,17.6,1.4,97.8,2.9,20.1,59.0,18.1,0.0,96.1,3.6,17.9,59.9,18.6,0.0,96.7,4.5,29.7,54.9,10.9,0.0,86.1,7.3,26.9,58.5,7.3,0.0,82.9,14.3,34.9,41.2,8.4,1.3,73.8,9.0,23.2,44.3,23.4,0.0,91.1,6.4,28.7,49.3,15.7,0.0,87.1,2.7,19.2,62.3,15.8,0.0,95.6,9.0,25.7,55.1,10.1,0.0,83.2,3.8,30.6,50.6,14.9,0.0,88.3,2.5,37.5,56.0,4.0,0.0,80.7,3.8,28.5,52.1,15.7,0.0,89.8,5.1,24.4,45.6,24.9,0.0,95.1,6.4,27.5,48.8,17.3,0.0,88.5,5.2,31.6,46.0,17.2,0.0,87.5,3.7,37.2,44.9,14.1,0.0,84.7,5.1,23.4,47.9,23.5,0.0,94.9,8.0,33.0,37.7,21.3,0.0,86.2,10.4,39.6,42.1,7.9,0.0,73.7,18.5,36.3,38.6,6.6,0.0,66.6,12.4,44.0,36.7,5.5,1.4,69.7,12.2,40.5,41.9,5.4,0.0,70.3,14.6,34.7,42.7,8.0,0.0,72.1,9.3,37.3,41.4,12.0,0.0,78.1,6.6,36.0,45.3,12.1,0.0,81.4,13.8,26.1,45.2,14.9,0.0,80.6,6.8,35.4,41.3,16.4,0.0,83.7,10.7,42.7,40.0,6.6,0.0,71.3,11.3,33.9,45.0,9.8,0.0,76.6,3.0,29.2,43.4,24.4,0.0,94.6,2.7,33.0,45.2,19.1,0.0,90.4,0.0,24.6,54.9,20.5,0.0,97.9,2.7,30.4,49.7,17.2,0.0,90.7,3.7,30.7,54.1,10.3,1.2,87.3,7.8,43.3,40.1,8.8,0.0,75.0,6.6,35.0,44.2,14.2,0.0,83.0,2.5,27.5,47.2,22.8,0.0,95.1,5.5,29.3,50.6,14.6,0.0,87.2,5.5,29.7,52.8,12.0,0.0,85.6,6.3,39.6,45.2,8.9,0.0,78.4,6.5,39.3,42.3,11.9,0.0,79.7,2.7,30.4,46.7,20.3,0.0,92.3,3.9,30.8,52.5,12.7,0.0,87.0,1.2,31.2,56.3,11.3,0.0,88.9,5.4,31.5,53.9,9.2,0.0,83.5,5.7,36.3,42.3,15.7,0.0,84.0,6.5,44.9,40.7,8.0,0.0,75.1,6.7,31.6,46.6,13.5,1.5,85.8,7.4,27.7,47.7,17.2,0.0,87.4,7.6,33.6,51.7,7.1,0.0,79.2,4.6,33.1,38.0,24.3,0.0,91.1,9.1,33.3,53.1,4.6,0.0,76.5
"제조업",업종별,전자부품컴퓨터영상음향및통신장비,4.6,27.3,53.3,12.6,2.3,90.4,2.1,13.4,53.1,29.4,2.1,108.1,7.4,8.1,64.4,15.8,4.3,100.8,5.8,11.8,60.8,21.6,0.0,99.1,6.8,12.9,53.3,27.0,0.0,100.3,2.3,20.6,65.0,8.8,3.2,95.0,9.3,21.9,53.9,14.9,0.0,87.2,9.8,21.7,50.9,16.9,0.7,88.5,2.3,25.8,51.9,20.0,0.0,94.8,4.4,23.6,60.0,9.8,2.3,91.0,8.5,25.7,51.3,12.3,2.2,86.9,5.7,20.8,57.9,15.6,0.0,91.7,3.3,24.5,53.0,19.2,0.0,94.0,6.0,24.6,53.9,15.6,0.0,89.5,5.2,22.5,55.7,16.6,0.0,91.8,4.9,12.9,59.5,21.7,0.9,100.3,1.3,20.7,53.9,23.6,0.4,100.6,1.3,30.0,55.6,13.1,0.0,90.2,6.9,16.5,63.8,12.8,0.0,91.2,4.3,10.5,69.3,16.0,0.0,98.5,3.3,20.5,61.1,15.1,0.0,94.0,8.1,26.1,58.7,7.1,0.0,82.3,6.8,35.3,49.0,8.9,0.0,80.1,7.1,19.4,61.4,12.1,0.0,89.3,7.2,17.3,58.5,15.0,2.0,93.6,3.0,21.1,55.2,18.7,1.9,97.7,2.9,17.7,53.0,22.5,3.8,103.3,7.8,13.5,55.3,23.4,0.0,97.1,3.8,22.1,49.0,21.2,3.8,99.5,3.9,21.7,60.8,11.7,1.9,93.0,5.2,22.8,50.5,18.5,3.1,95.8,5.5,16.5,53.9,22.0,2.2,99.4,7.1,25.4,46.3,19.2,2.0,91.8,5.1,22.2,51.5,21.3,0.0,94.4,6.1,18.1,53.9,22.0,0.0,95.9,7.6,18.7,50.6,21.3,1.8,95.5,6.5,22.0,55.8,13.9,1.9,91.3,6.1,11.6,59.1,21.4,1.7,100.5,6.8,19.5,53.6,20.1,0.0,93.5,6.2,14.8,53.7,23.5,1.7,99.8,4.0,15.9,56.2,23.8,0.0,99.9,6.4,20.5,53.1,20.0,0.0,93.3,6.0,21.7,54.8,17.5,0.0,91.9,3.7,23.8,54.2,18.3,0.0,93.5,2.5,16.5,58.0,21.3,1.8,101.7,3.0,29.3,49.3,18.4,0.0,91.6,7.1,23.3,54.9,13.5,1.2,89.2,8.0,25.8,48.0,18.2,0.0,88.2,3.5,28.3,53.6,14.5,0.0,89.6,1.0,21.9,61.0,16.0,0.0,96.0,1.0,20.9,54.4,23.7,0.0,100.4,3.9,23.8,45.2,27.2,0.0,97.8,1.0,17.7,59.2,22.1,0.0,101.2,1.0,13.8,62.1,23.1,0.0,103.7,3.2,23.7,51.6,21.5,0.0,95.7,1.0,33.1,46.0,19.9,0.0,92.5,5.7,17.7,56.5,20.1,0.0,95.5,3.9,25.0,58.8,12.2,0.0,89.7,6.3,22.7,61.5,9.6,0.0,87.2,1.0,26.4,57.6,15.1,0.0,93.4,2.9,20.2,56.9,20.1,0.0,97.1,4.9,28.9,48.0,18.3,0.0,89.8,2.9,23.3,61.2,12.6,0.0,91.7,9.7,42.7,37.4,10.2,0.0,74.0,13.5,33.5,44.2,8.8,0.0,74.2,7.7,34.2,48.1,10.0,0.0,80.2,11.8,25.3,51.6,11.2,0.0,81.1,11.8,20.6,56.7,10.9,0.0,83.3,7.3,20.0,62.8,10.0,0.0,87.7,8.5,22.9,55.9,12.6,0.0,86.3,8.5,29.3,51.9,10.3,0.0,81.9,8.5,26.4,49.7,15.4,0.0,86.0,8.2,17.5,61.9,12.4,0.0,89.2,2.2,17.4,55.5,24.9,0.0,101.5,3.1,17.0,60.7,19.2,0.0,98.0,3.3,17.8,58.9,20.0,0.0,97.8,3.2,13.2,56.0,27.6,0.0,104.0,8.7,19.4,54.2,17.7,0.0,90.5,7.9,14.6,64.0,13.5,0.0,91.5,6.1,18.3,65.8,9.8,0.0,89.6,1.2,20.6,64.9,12.2,1.2,95.8,0.0,21.3,59.7,19.0,0.0,98.8,4.5,12.2,73.2,10.2,0.0,94.5,3.2,18.0,66.1,12.6,0.0,94.1,2.3,32.8,51.3,13.6,0.0,88.1,1.1,12.0,71.3,15.6,0.0,100.7,3.1,23.6,54.3,19.0,0.0,94.5,2.0,19.8,61.7,16.5,0.0,96.3,1.0,24.6,63.5,11.0,0.0,92.2,2.6,27.3,61.0,9.1,0.0,88.3,9.3,30.7,50.6,9.3,0.0,80.0,2.6,27.7,59.3,10.4,0.0,88.7,4.7,29.1,45.5,20.6,0.0,91.1,8.3,24.0,57.7,10.0,0.0,84.6,13.2,25.6,55.9,5.2,0.0,76.6,14.4,28.2,47.9,9.6,0.0,76.3
"제조업",업종별,의료정밀광학기기및시계,1.7,30.5,56.5,11.3,0.0,88.7,5.1,22.9,56.6,15.5,0.0,91.2,6.3,16.1,67.3,10.2,0.0,90.8,6.3,18.8,55.1,18.3,1.5,94.9,3.4,22.3,59.1,15.2,0.0,93.1,7.4,20.4,61.6,10.6,0.0,87.7,5.0,32.3,49.3,12.3,1.1,86.0,5.0,28.0,53.0,13.9,0.0,87.9,0.0,25.4,62.1,12.5,0.0,93.6,4.6,24.6,60.8,8.4,1.6,88.9,5.1,23.7,64.9,6.4,0.0,86.3,6.9,37.9,47.1,8.0,0.0,78.2,13.7,26.3,53.1,6.9,0.0,76.6,13.3,29.6,46.8,9.1,1.2,77.6,5.5,31.1,47.1,14.5,1.9,88.0,4.9,26.8,55.3,13.0,0.0,88.2,3.6,19.1,56.7,20.6,0.0,97.2,2.9,19.7,64.2,10.7,2.5,95.1,3.3,33.2,50.2,13.3,0.0,86.8,3.9,27.5,55.9,12.7,0.0,88.7,4.9,21.8,54.4,17.6,1.3,94.2,4.6,17.0,61.3,17.1,0.0,95.4,3.1,28.1,51.8,15.4,1.5,92.1,6.1,27.4,52.8,10.6,3.1,88.6,1.6,25.2,65.4,6.2,1.6,90.5,1.5,20.3,56.7,19.9,1.5,99.8,7.8,14.0,59.5,17.2,1.5,95.4,7.9,17.3,47.7,23.7,3.3,98.6,4.7,21.7,46.9,23.5,3.2,99.4,4.7,15.5,62.6,14.0,3.1,97.7,6.2,26.6,51.5,14.2,1.5,89.1,7.5,9.0,67.1,14.9,1.5,97.0,11.9,26.9,49.3,11.9,0.0,80.6,4.5,20.7,49.5,25.3,0.0,97.8,8.7,26.5,41.5,20.4,3.0,91.2,8.9,28.7,43.4,19.1,0.0,86.4,8.3,22.5,56.5,12.7,0.0,86.8,4.4,11.5,59.0,25.1,0.0,102.4,2.8,22.7,48.6,24.4,1.4,99.5,1.4,12.8,59.9,26.0,0.0,105.3,2.9,9.7,54.1,29.1,4.3,111.0,4.3,14.7,62.1,13.1,5.7,100.6,6.0,24.8,52.7,13.5,3.0,91.3,7.4,15.9,54.7,19.1,3.0,97.2,4.4,26.4,51.7,17.5,0.0,91.2,2.8,24.7,55.9,16.7,0.0,93.2,7.0,26.4,46.3,20.3,0.0,89.9,5.6,24.7,55.0,14.7,0.0,89.4,6.3,33.0,45.0,15.7,0.0,85.0,0.0,20.8,52.8,26.4,0.0,102.8,1.4,18.9,45.1,34.6,0.0,106.5,5.2,12.8,64.4,17.5,0.0,97.1,2.7,24.2,58.4,14.8,0.0,92.6,7.4,16.8,57.7,16.8,1.4,94.0,7.5,20.6,58.3,13.6,0.0,89.0,6.1,27.4,52.1,13.0,1.4,88.0,4.2,17.0,56.3,19.8,2.8,100.0,3.0,24.4,55.7,16.9,0.0,93.3,5.9,22.4,58.7,13.0,0.0,89.4,2.7,25.9,61.9,9.5,0.0,89.1,6.8,16.2,64.9,12.2,0.0,91.2,5.6,24.3,51.4,18.7,0.0,91.7,15.5,31.5,48.3,4.7,0.0,71.1,20.8,25.1,48.4,5.7,0.0,69.5,11.6,29.4,50.1,7.5,1.4,78.7,12.4,31.9,44.1,11.6,0.0,77.5,9.5,33.0,50.7,5.5,1.4,78.2,7.0,29.2,62.5,1.4,0.0,79.2,7.5,32.8,50.8,8.8,0.0,80.5,7.5,25.4,50.7,15.1,1.4,88.7,4.8,34.9,45.1,13.1,2.1,86.4,7.7,28.4,58.7,3.9,1.4,81.5,4.1,30.0,56.2,9.7,0.0,85.8,5.4,23.7,47.2,21.0,2.7,95.9,4.9,23.6,58.2,12.0,1.3,90.6,4.8,18.2,53.5,22.2,1.3,98.4,4.8,23.8,58.3,11.9,1.2,90.5,3.7,14.5,64.9,15.6,1.2,98.1,2.6,31.1,51.2,15.0,0.0,89.3,2.6,31.2,42.8,23.4,0.0,93.4,2.6,16.0,62.3,19.1,0.0,99.0,3.9,15.4,66.7,14.1,0.0,95.5,3.9,16.7,60.3,15.3,3.9,99.3,2.4,22.5,67.6,4.8,2.6,91.3,2.5,25.3,61.0,11.3,0.0,90.5,3.5,21.3,56.4,17.6,1.2,95.9,4.8,19.3,61.2,14.6,0.0,92.8,2.5,15.4,64.3,17.9,0.0,98.8,1.2,28.2,55.3,15.3,0.0,92.4,3.5,15.3,57.6,23.5,0.0,100.6,0.0,24.4,63.4,12.2,0.0,93.9,3.6,16.7,64.2,15.6,0.0,95.9,0.0,20.3,64.1,15.6,0.0,97.6,1.2,20.4,64.8,13.5,0.0,95.3,1.2,19.8,64.2,14.8,0.0,96.3,2.4,27.4,61.8,8.4,0.0,88.1
"제조업",업종별,전기장비,4.3,27.5,53.3,12.1,2.8,90.9,3.9,20.7,47.0,28.4,0.0,100.0,3.9,30.6,47.2,18.2,0.0,89.8,3.2,26.1,55.5,15.2,0.0,91.3,7.0,18.0,57.4,17.6,0.0,92.7,7.2,24.1,54.1,14.6,0.0,88.0,5.2,26.8,58.8,7.9,1.3,86.6,9.4,22.6,51.7,16.4,0.0,87.5,3.8,19.9,49.3,25.6,1.3,100.3,8.3,23.2,50.7,16.6,1.3,89.8,10.5,33.5,45.4,10.6,0.0,78.0,8.0,27.8,47.0,17.3,0.0,86.7,2.7,41.4,49.0,6.8,0.0,80.0,5.3,23.9,50.8,20.0,0.0,92.8,1.4,18.2,56.2,24.3,0.0,101.7,1.5,21.6,69.3,7.6,0.0,91.6,2.6,22.2,53.2,22.0,0.0,97.4,3.5,24.6,49.0,22.2,0.6,96.0,3.3,28.8,61.1,6.8,0.0,85.7,7.5,30.6,50.9,11.0,0.0,82.7,0.7,22.0,59.6,17.8,0.0,97.2,4.0,20.1,61.8,14.0,0.0,92.9,2.4,29.1,51.7,16.8,0.0,91.4,3.6,30.6,52.7,13.1,0.0,87.7,2.4,28.9,58.5,10.1,0.0,88.2,2.7,30.7,56.9,9.7,0.0,86.8,6.7,21.7,64.8,6.7,0.0,85.8,3.6,25.9,63.8,6.6,0.0,86.8,3.6,30.2,55.5,10.7,0.0,86.7,4.8,25.4,52.8,17.0,0.0,91.0,3.7,37.1,49.8,9.4,0.0,82.4,2.6,27.6,51.6,16.9,1.3,93.3,5.3,31.8,49.1,13.8,0.0,85.7,4.5,28.1,42.4,25.0,0.0,93.9,7.2,23.6,52.5,16.7,0.0,89.3,4.2,25.5,60.5,7.0,2.9,89.5,3.9,35.0,44.3,16.8,0.0,87.1,2.5,27.5,52.3,17.7,0.0,92.6,5.5,19.5,57.4,17.6,0.0,93.6,8.1,24.6,51.8,15.5,0.0,87.4,2.5,20.1,68.5,8.8,0.0,91.8,4.2,26.1,57.6,12.2,0.0,88.9,10.9,29.8,50.4,8.8,0.0,78.6,10.9,30.3,50.0,8.8,0.0,78.4,4.1,29.0,53.3,13.5,0.0,88.1,4.2,34.0,50.2,11.7,0.0,84.6,6.2,23.6,52.1,18.1,0.0,91.1,4.5,38.9,47.9,8.7,0.0,80.4,6.6,29.0,54.1,10.3,0.0,84.1,5.8,25.4,49.9,18.9,0.0,90.9,4.6,25.8,49.8,19.7,0.0,92.3,4.0,30.8,48.9,16.3,0.0,88.8,2.8,25.4,60.8,10.9,0.0,89.9,4.9,31.7,51.1,11.4,0.9,85.9,4.0,36.1,56.9,2.1,1.0,80.0,1.0,34.3,56.1,8.6,0.0,86.2,2.0,31.8,55.9,10.4,0.0,87.4,5.0,39.1,47.7,8.2,0.0,79.5,6.7,40.3,43.9,9.1,0.0,77.7,4.7,39.4,47.5,8.4,0.0,79.8,7.9,42.0,39.6,10.6,0.0,76.4,5.1,22.9,61.9,10.1,0.0,88.5,15.9,32.6,43.6,8.0,0.0,71.8,19.4,40.8,35.9,3.9,0.0,62.1,15.5,43.7,37.0,3.9,0.0,64.6,16.9,44.6,30.5,8.0,0.0,64.8,17.3,33.3,36.4,13.0,0.0,72.6,8.9,33.8,50.5,5.8,1.0,78.1,15.6,34.4,44.1,5.9,0.0,70.1,9.9,35.4,47.0,7.8,0.0,76.4,9.7,47.6,35.0,7.7,0.0,70.4,11.2,36.5,39.2,13.1,0.0,77.1,12.0,35.5,46.2,6.3,0.0,73.5,10.3,30.1,38.0,21.6,0.0,85.4,8.5,33.5,39.6,18.3,0.0,83.9,6.7,31.9,49.9,11.5,0.0,83.2,10.4,18.6,55.7,15.3,0.0,87.9,4.7,29.5,53.0,12.7,0.0,82.9,5.5,28.2,51.2,15.2,0.0,88.1,6.3,31.3,53.8,7.7,0.9,82.8,8.9,25.2,50.6,14.5,0.9,86.7,5.6,23.0,61.4,7.1,2.8,89.2,1.8,27.9,60.9,8.5,0.9,89.4,4.6,34.2,48.0,13.2,0.0,84.9,2.6,35.1,50.4,11.1,0.9,86.3,0.8,25.6,51.1,22.5,0.0,97.7,4.5,29.3,51.1,14.3,0.9,88.9,3.8,21.7,61.5,13.0,0.0,91.8,0.9,24.8,59.8,14.6,0.0,94.0,5.0,26.6,55.2,13.2,0.0,88.3,7.2,32.0,49.7,11.2,0.0,82.4,0.9,32.8,48.2,18.1,0.0,91.7,5.9,31.7,43.8,18.7,0.0,87.6,6.4,26.7,51.3,14.7,0.9,88.5,9.0,25.5,54.1,10.6,0.9,84.4,9.1,24.1,52.1,14.7,0.0,86.2
"제조업",업종별,기타기계및장비,10.8,30.0,47.3,11.9,0.0,80.2,3.1,37.4,44.5,13.9,1.1,86.3,4.1,29.7,52.7,12.4,1.1,88.3,3.1,27.5,51.6,16.7,1.2,92.7,5.5,26.1,61.0,7.5,0.0,85.2,4.4,32.5,52.4,9.5,1.2,85.3,7.4,35.8,47.8,8.9,0.0,79.1,9.8,20.7,58.2,11.3,0.0,85.5,11.4,19.2,55.8,13.5,0.0,85.7,12.2,27.0,43.1,17.6,0.0,83.0,15.1,28.6,46.4,8.8,1.1,76.1,7.7,32.8,54.0,5.5,0.0,78.6,10.3,36.3,46.6,6.8,0.0,74.9,9.3,30.3,45.7,14.7,0.0,82.9,7.8,21.7,54.6,15.8,0.0,89.2,9.0,22.6,53.5,12.1,2.8,88.5,6.3,23.3,53.5,14.2,2.7,91.8,6.6,29.6,50.3,11.5,1.9,86.2,7.0,33.5,51.4,6.3,1.9,81.3,7.2,23.8,63.0,6.0,0.0,83.8,8.2,22.9,59.1,9.8,0.0,85.3,12.6,16.7,58.6,12.1,0.0,85.0,13.5,17.1,54.4,13.8,1.2,86.0,8.6,33.3,54.4,3.7,0.0,76.6,10.2,31.6,53.2,5.0,0.0,76.6,5.1,28.3,53.7,12.9,0.0,87.2,7.5,25.0,51.3,15.0,1.2,88.8,8.7,22.1,50.7,16.1,2.4,90.8,7.5,23.8,55.0,13.7,0.0,87.5,6.3,23.8,56.2,13.7,0.0,88.7,8.7,28.8,49.9,10.1,2.5,84.4,7.2,27.7,50.6,14.5,0.0,86.2,8.4,26.4,49.4,15.7,0.0,86.2,7.5,18.7,60.0,13.7,0.0,90.0,9.8,26.8,52.4,11.0,0.0,82.3,11.3,26.0,52.9,9.8,0.0,80.6,11.5,33.7,42.4,12.4,0.0,77.9,7.9,25.6,52.0,14.6,0.0,86.6,8.7,24.5,48.8,18.0,0.0,88.1,7.5,17.4,61.9,13.3,0.0,90.5,9.9,24.9,47.0,15.7,2.4,87.9,8.6,17.4,60.4,13.6,0.0,89.5,9.9,33.2,44.4,12.5,0.0,79.7,8.9,30.9,47.6,12.7,0.0,82.0,7.5,25.2,54.5,12.8,0.0,86.2,16.4,25.8,46.5,11.2,0.0,76.3,3.9,35.7,50.1,9.0,1.3,84.1,9.0,36.7,42.8,11.6,0.0,78.5,11.0,43.4,37.7,7.9,0.0,71.2,16.2,30.1,38.0,15.7,0.0,76.6,18.0,27.2,47.8,5.8,1.2,72.5,7.6,41.0,37.4,12.9,1.2,79.5,11.5,19.0,55.8,13.8,0.0,85.9,5.7,28.0,50.8,15.5,0.0,88.1,15.8,33.8,43.1,7.3,0.0,70.9,8.5,29.8,53.9,6.8,1.1,81.1,7.0,36.9,46.1,10.0,0.0,79.5,9.7,38.1,44.3,7.9,0.0,75.3,11.6,30.7,47.2,10.5,0.0,78.3,9.1,28.7,49.8,12.4,0.0,82.8,4.6,25.9,61.5,7.9,0.0,86.4,9.8,27.6,52.3,10.4,0.0,81.6,12.7,33.6,46.4,7.3,0.0,74.2,20.7,28.2,42.0,9.1,0.0,69.8,21.6,27.6,39.7,11.1,0.0,70.2,14.9,32.7,44.8,7.6,0.0,72.5,17.2,24.5,43.9,14.4,0.0,77.7,13.2,22.2,55.7,8.9,0.0,80.2,15.0,30.5,48.6,5.9,0.0,72.7,12.5,22.2,56.8,7.4,1.1,81.3,8.2,34.0,49.3,7.2,1.2,79.5,8.4,30.1,47.6,12.8,1.2,84.2,11.1,35.7,41.5,11.8,0.0,77.0,10.7,18.5,60.1,10.7,0.0,85.4,6.9,26.1,52.1,15.0,0.0,87.6,6.4,24.0,58.4,11.2,0.0,87.2,4.0,25.6,53.4,17.1,0.0,91.8,3.0,36.0,41.3,19.7,0.0,87.4,8.3,32.0,44.3,15.3,0.0,83.3,7.8,30.8,48.5,12.9,0.0,83.3,4.3,22.0,57.2,16.5,0.0,92.9,5.2,29.6,47.5,17.7,0.0,88.8,6.0,27.0,53.1,13.9,0.0,87.5,9.1,22.7,50.0,17.0,1.1,89.2,3.4,30.5,54.0,12.1,0.0,87.4,4.0,27.9,54.1,14.0,0.0,89.1,3.8,26.2,59.6,10.4,0.0,88.2,6.6,25.4,53.8,13.2,1.0,88.3,1.0,25.7,61.7,11.5,0.0,91.9,1.0,28.5,56.8,13.8,0.0,91.7,3.8,34.8,51.0,10.4,0.0,84.0,2.0,17.5,68.4,12.2,0.0,95.3,5.0,28.9,55.5,10.5,0.0,85.8,2.2,22.3,58.9,16.6,0.0,94.9,9.9,19.2,57.9,13.0,0.0,87.0,7.8,23.3,58.2,9.7,1.0,86.4
"제조업",업종별,자동차및트레일러,5.0,33.5,56.3,5.2,0.0,80.9,2.9,16.9,57.7,21.1,1.4,100.6,4.8,17.2,61.8,16.3,0.0,94.8,0.6,17.7,65.8,15.9,0.0,98.5,1.4,16.9,69.7,9.8,2.2,97.2,2.0,22.9,69.9,5.1,0.0,89.1,5.8,21.2,62.6,10.5,0.0,88.9,5.4,27.1,49.5,18.0,0.0,90.1,5.1,17.7,54.7,22.5,0.0,97.3,5.3,26.9,51.3,16.6,0.0,89.6,8.6,17.3,64.8,9.4,0.0,87.5,6.8,29.5,55.8,8.0,0.0,82.4,3.1,34.0,48.0,14.9,0.0,87.3,6.2,15.7,58.4,19.6,0.0,95.8,5.3,24.1,52.0,16.5,2.2,93.1,3.3,31.5,50.3,15.0,0.0,88.5,5.7,21.7,61.6,11.1,0.0,89.0,6.5,23.0,65.9,4.6,0.0,84.3,13.2,26.1,50.5,10.1,0.0,78.8,4.1,32.6,51.2,12.1,0.0,85.7,4.4,20.0,53.9,21.8,0.0,96.5,3.0,28.4,53.6,15.0,0.0,90.4,4.0,28.7,54.4,12.9,0.0,88.1,5.8,27.2,60.1,6.8,0.0,84.0,3.0,22.3,68.5,6.2,0.0,88.9,2.0,16.3,72.5,9.2,0.0,94.4,3.0,18.2,66.6,12.2,0.0,94.0,1.0,20.8,61.4,16.8,0.0,97.0,3.0,22.8,54.4,19.8,0.0,95.5,3.9,18.6,70.7,6.8,0.0,90.2,3.0,36.6,56.3,4.2,0.0,80.8,5.0,22.6,59.6,12.7,0.0,90.0,8.0,31.3,52.9,6.8,0.9,80.7,1.9,22.2,56.4,18.5,1.0,97.2,4.0,22.4,62.6,11.0,0.0,90.3,5.1,26.8,57.9,10.2,0.0,86.6,11.0,34.3,41.8,12.9,0.0,78.3,5.0,20.9,56.3,17.8,0.0,93.4,2.9,29.4,57.8,9.8,0.0,87.3,4.8,25.7,60.7,8.8,0.0,86.7,6.0,14.7,63.7,15.7,0.0,94.5,7.1,15.2,60.6,17.1,0.0,93.9,7.2,34.9,54.5,2.3,1.1,77.7,4.1,28.5,61.3,4.9,1.1,85.2,6.0,27.0,48.9,18.0,0.0,89.5,8.2,24.9,59.9,7.1,0.0,82.9,7.1,28.3,53.9,10.8,0.0,84.2,4.2,21.1,66.6,8.1,0.0,89.3,5.4,31.0,56.6,7.0,0.0,82.6,5.4,23.8,52.3,18.4,0.0,91.8,8.0,18.3,60.9,12.8,0.0,89.2,4.8,24.8,58.1,12.3,0.0,89.0,8.0,24.0,56.4,11.6,0.0,85.8,9.9,32.8,47.4,9.9,0.0,78.7,10.3,40.6,46.9,2.2,0.0,70.5,11.2,33.4,47.9,7.5,0.0,75.8,7.5,27.2,58.2,7.1,0.0,82.5,5.6,28.8,56.0,9.6,0.0,84.8,3.1,28.5,59.0,9.4,0.0,87.3,5.0,22.8,65.0,7.2,0.0,87.2,5.7,31.6,48.3,14.4,0.0,85.6,14.0,32.8,41.0,12.2,0.0,75.7,7.6,32.2,53.1,7.1,0.0,79.9,18.0,51.9,25.3,4.9,0.0,58.6,35.1,30.6,32.8,1.5,0.0,50.4,21.4,25.8,46.7,6.2,0.0,68.8,13.3,35.9,41.2,9.6,0.0,73.6,14.3,20.7,51.5,13.5,0.0,82.1,8.2,23.5,57.1,11.2,0.0,85.6,0.7,27.2,60.2,11.8,0.0,91.5,2.9,30.2,53.9,13.0,0.0,88.5,9.8,19.6,54.1,16.5,0.0,88.7,3.1,30.6,51.9,14.4,0.0,88.9,3.2,21.7,52.2,22.8,0.0,97.3,3.1,9.7,59.3,27.1,0.8,106.3,5.9,14.5,62.3,16.6,0.7,95.9,4.5,25.9,52.5,16.3,0.8,91.5,2.4,19.1,67.1,10.7,0.8,94.3,8.1,21.5,62.4,6.5,1.6,86.0,5.6,24.2,62.7,6.8,0.8,86.5,3.6,19.5,55.1,21.8,0.0,97.6,2.8,20.0,66.8,10.4,0.0,92.4,1.6,24.6,58.3,14.8,0.8,94.3,5.1,16.4,63.8,14.7,0.0,94.1,2.4,28.7,56.8,12.1,0.0,89.4,2.4,24.6,55.7,17.3,0.0,94.0,0.8,18.7,62.3,18.2,0.0,99.0,0.8,11.5,73.9,13.1,0.8,100.8,0.0,24.8,60.1,15.1,0.0,95.1,2.2,16.5,66.2,15.0,0.0,97.0,4.0,29.3,59.7,7.0,0.0,84.9,0.8,24.2,54.7,20.3,0.0,97.2,0.0,17.2,67.2,15.6,0.0,99.2,0.8,19.5,68.9,10.8,0.0,94.8,4.6,19.4,58.2,17.8,0.0,94.6,7.0,24.8,58.9,9.3,0.0,85.3
"제조업",업종별,기타운송장비,4.8,38.1,47.2,9.9,0.0,81.0,1.3,17.3,65.7,15.6,0.0,97.8,4.2,10.5,70.7,14.6,0.0,97.9,4.2,13.5,65.9,14.2,2.0,98.2,4.4,19.7,67.2,8.6,0.0,90.0,8.1,28.2,49.3,14.4,0.0,85.0,5.4,31.1,50.8,12.8,0.0,85.5,6.6,17.1,62.5,13.8,0.0,91.7,8.2,15.4,54.5,19.8,2.0,96.0,10.9,16.4,51.0,21.8,0.0,91.8,12.1,16.6,59.1,12.2,0.0,85.7,14.3,19.8,58.6,7.2,0.0,79.4,3.4,29.0,63.4,4.1,0.0,84.1,6.7,26.3,60.3,6.7,0.0,83.5,5.2,24.2,58.6,10.0,1.9,89.6,1.4,31.9,52.1,12.8,1.7,90.7,15.5,24.7,49.3,10.4,0.0,77.4,18.0,26.4,39.9,14.2,1.6,77.5,18.7,22.6,44.0,14.7,0.0,77.4,11.7,29.2,53.6,5.4,0.0,76.4,16.0,30.2,45.6,8.1,0.0,72.9,13.9,27.8,43.7,14.6,0.0,79.5,10.5,26.5,50.5,12.5,0.0,82.5,10.4,39.2,42.6,7.8,0.0,73.9,9.9,38.4,43.7,7.9,0.0,74.8,15.5,19.3,50.2,15.0,0.0,82.4,9.0,36.2,41.4,13.5,0.0,79.7,6.1,38.5,45.1,9.0,1.2,80.3,7.0,31.7,49.5,11.8,0.0,83.0,11.7,25.9,48.2,13.0,1.2,83.0,18.5,34.0,44.3,2.1,1.2,66.8,12.4,28.4,49.3,9.9,0.0,78.3,19.2,35.7,40.6,4.5,0.0,65.2,7.7,34.4,48.2,9.7,0.0,79.9,19.0,30.3,42.5,8.3,0.0,70.0,18.0,28.1,40.2,12.4,1.2,75.4,23.3,36.4,39.1,1.2,0.0,59.1,24.5,22.4,42.7,10.3,0.0,69.4,7.1,40.4,39.6,13.0,0.0,79.2,11.5,30.2,48.9,9.4,0.0,78.0,18.1,25.6,45.7,9.4,1.2,75.0,16.1,37.5,39.3,7.1,0.0,68.7,12.9,31.8,45.9,9.4,0.0,75.8,10.7,29.8,51.2,8.3,0.0,78.6,6.2,32.1,55.5,6.2,0.0,80.9,7.1,21.4,59.5,11.9,0.0,88.1,11.5,21.6,54.2,12.7,0.0,84.1,7.3,24.0,53.3,14.1,1.3,89.0,16.4,27.6,46.1,10.0,0.0,74.8,1.4,41.8,40.8,15.9,0.0,85.7,2.8,25.8,61.4,10.0,0.0,89.4,1.4,22.2,65.3,9.7,1.4,93.7,7.1,16.8,66.2,9.9,0.0,89.4,10.8,35.2,47.3,6.7,0.0,75.0,7.8,28.7,58.2,5.3,0.0,80.5,7.7,31.3,46.7,14.3,0.0,83.8,4.0,36.0,49.4,10.6,0.0,83.3,7.1,23.2,47.4,22.4,0.0,92.5,6.7,21.4,63.9,8.0,0.0,86.6,15.1,18.2,66.8,0.0,0.0,75.9,16.1,20.1,58.4,5.4,0.0,76.5,20.3,17.6,58.1,4.0,0.0,72.9,12.5,30.5,44.5,12.5,0.0,78.5,8.8,29.2,52.9,9.0,0.0,81.0,8.0,33.2,52.3,6.5,0.0,78.7,13.9,28.8,51.9,5.5,0.0,74.5,14.6,31.6,53.9,0.0,0.0,69.7,11.1,35.1,53.8,0.0,0.0,71.4,7.0,27.0,58.8,7.2,0.0,83.1,9.4,33.3,57.3,0.0,0.0,74.0,8.4,37.8,52.3,1.5,0.0,73.4,7.3,41.5,44.0,7.3,0.0,75.6,2.9,35.6,45.0,16.5,0.0,87.6,0.0,23.5,60.3,16.2,0.0,96.3,6.9,15.3,69.4,8.3,0.0,89.6,1.4,19.7,66.2,12.7,0.0,93.1,2.9,14.5,69.5,13.1,0.0,96.4,6.6,25.0,56.6,11.9,0.0,86.9,10.7,27.1,52.8,9.4,0.0,80.5,6.7,18.9,65.2,9.2,0.0,88.5,0.0,30.6,55.2,14.2,0.0,91.8,6.5,16.5,58.8,18.3,0.0,94.5,2.4,20.1,56.0,20.1,1.4,99.1,1.3,25.4,61.3,11.9,0.0,91.9,4.2,19.0,68.8,8.1,0.0,90.4,2.5,18.0,68.9,10.6,0.0,93.8,3.1,25.7,54.2,17.0,0.0,92.5,4.2,17.7,62.4,15.7,0.0,94.8,1.3,22.3,67.1,9.3,0.0,92.2,2.4,19.7,66.3,11.6,0.0,93.5,5.3,9.2,80.2,5.3,0.0,92.8,1.3,16.0,69.1,13.6,0.0,97.5,6.7,12.3,71.5,9.5,0.0,91.9,6.6,12.2,69.3,11.9,0.0,93.3,4.2,15.3,70.8,9.7,0.0,93.1,2.9,20.3,62.3,14.5,0.0,94.2
"제조업",업종별,가구,4.3,33.0,43.7,19.1,0.0,88.8,5.8,29.9,47.6,14.7,1.9,88.5,12.0,25.7,51.7,10.6,0.0,80.4,14.3,25.5,50.3,9.9,0.0,77.9,7.9,31.9,49.0,11.3,0.0,81.8,18.6,23.8,50.9,6.8,0.0,72.9,16.7,47.8,28.7,6.8,0.0,62.8,16.8,26.7,51.0,4.0,1.5,73.4,12.3,20.0,59.5,6.8,1.4,82.5,17.1,23.2,46.9,11.3,1.5,78.5,14.5,28.3,45.3,10.4,1.5,77.9,16.2,26.8,48.0,9.1,0.0,74.9,13.2,19.1,59.0,6.6,2.0,82.6,7.3,13.3,64.5,14.8,0.0,93.4,9.5,9.8,58.4,22.3,0.0,96.7,13.8,15.4,60.5,10.3,0.0,83.7,20.8,28.5,39.1,11.7,0.0,70.8,8.5,35.7,53.1,2.7,0.0,75.0,10.9,45.3,34.3,9.5,0.0,71.1,6.6,38.4,39.3,15.7,0.0,82.1,17.3,19.7,44.9,18.1,0.0,81.9,10.3,23.8,48.5,17.4,0.0,86.5,4.8,35.0,49.2,11.0,0.0,83.2,6.5,32.3,48.3,13.0,0.0,83.9,9.5,25.4,52.1,13.0,0.0,84.2,4.6,19.2,60.1,14.4,1.6,94.7,4.8,26.0,54.7,14.5,0.0,89.4,4.8,35.6,51.6,7.9,0.0,81.3,13.0,22.5,54.9,9.6,0.0,80.5,4.8,40.1,45.8,9.4,0.0,79.9,9.5,38.3,41.2,9.4,1.6,77.7,4.9,18.0,52.5,21.3,3.3,100.0,9.8,29.1,40.5,20.6,0.0,86.0,8.1,14.7,54.8,20.9,1.6,96.6,8.3,24.7,41.9,23.4,1.7,92.8,9.9,18.1,49.1,21.4,1.6,93.4,11.1,19.3,49.1,20.5,0.0,89.5,7.9,22.4,55.9,12.2,1.7,88.7,10.8,22.2,53.3,13.7,0.0,84.9,12.4,28.3,51.7,7.6,0.0,77.2,10.8,28.7,54.4,6.1,0.0,77.9,12.6,27.2,54.0,6.1,0.0,76.8,12.6,30.1,49.4,7.9,0.0,76.3,4.5,32.3,47.7,15.5,0.0,87.1,11.2,18.1,59.8,11.0,0.0,85.3,14.2,20.5,53.0,12.2,0.0,81.6,13.1,20.9,47.2,17.2,1.7,86.7,4.8,31.9,53.7,9.6,0.0,84.1,9.4,37.6,48.7,4.4,0.0,74.0,6.3,30.8,40.5,22.4,0.0,89.5,4.2,38.8,51.3,5.6,0.0,79.2,10.9,23.7,57.3,8.1,0.0,81.3,9.0,19.9,71.1,0.0,0.0,81.1,10.3,30.8,52.7,6.2,0.0,77.3,10.6,43.8,42.8,2.9,0.0,69.0,8.0,37.1,48.0,6.9,0.0,76.9,15.6,25.9,50.2,8.3,0.0,75.6,11.4,31.0,55.3,2.3,0.0,74.3,7.2,26.6,58.2,7.9,0.0,83.4,4.1,32.8,57.5,5.5,0.0,82.2,10.7,25.9,56.5,4.1,2.8,81.2,5.9,36.5,51.0,6.6,0.0,79.1,15.1,43.2,40.3,1.4,0.0,64.0,21.4,50.4,25.3,3.0,0.0,54.9,17.9,35.2,38.0,9.0,0.0,69.1,19.8,40.3,35.6,4.3,0.0,62.2,10.3,35.2,50.9,3.6,0.0,73.9,11.4,39.7,41.3,7.6,0.0,72.5,11.0,39.9,45.3,3.8,0.0,71.0,12.1,31.2,43.9,12.7,0.0,78.6,8.9,45.8,39.5,4.4,1.5,71.9,12.1,35.8,45.2,6.9,0.0,73.5,11.9,37.2,44.3,5.2,1.5,73.6,8.3,32.6,50.8,8.3,0.0,79.6,5.5,38.1,49.8,6.6,0.0,78.7,20.1,27.0,49.2,3.8,0.0,68.4,10.3,45.6,41.1,3.0,0.0,68.3,16.7,26.2,50.0,7.1,0.0,73.7,11.3,33.8,47.9,7.1,0.0,75.4,15.7,34.5,42.4,7.3,0.0,70.6,8.9,28.4,59.8,3.0,0.0,78.4,5.9,22.3,61.3,7.4,3.0,89.7,7.7,14.8,57.5,15.1,4.8,97.2,13.1,28.5,49.7,5.9,2.8,78.4,8.5,21.4,51.3,18.8,0.0,90.2,4.3,25.7,67.0,2.9,0.0,84.2,5.8,27.7,62.2,4.3,0.0,82.5,14.3,21.4,49.7,14.5,0.0,82.2,17.1,21.0,56.1,5.8,0.0,75.3,13.3,19.9,57.4,9.3,0.0,81.4,14.1,26.1,48.2,11.6,0.0,78.7,9.7,25.2,53.6,11.4,0.0,83.4,6.8,19.9,68.4,1.4,3.6,87.6,11.1,18.8,60.9,9.2,0.0,84.1,14.1,16.4,57.4,8.5,3.6,85.6,6.9,31.7,57.3,4.1,0.0,79.3
"제조업",업종별,기타제품,2.3,33.6,47.1,17.0,0.0,89.4,0.0,25.8,69.4,4.8,0.0,89.5,4.5,21.2,53.6,20.7,0.0,95.2,12.8,20.8,52.0,14.3,0.0,83.9,2.3,28.3,59.2,10.2,0.0,88.7,5.1,38.6,53.2,3.1,0.0,77.2,8.2,31.4,50.7,9.8,0.0,81.0,12.4,29.4,48.6,9.5,0.0,77.6,9.9,28.6,51.3,10.2,0.0,80.9,5.7,26.2,59.9,8.2,0.0,85.3,5.8,32.9,52.3,8.9,0.0,82.2,5.3,33.3,57.5,3.9,0.0,80.0,5.0,33.9,52.6,8.0,0.5,82.5,11.6,22.0,57.9,8.5,0.0,81.7,4.9,22.5,62.4,10.1,0.0,88.9,3.2,22.5,50.9,23.4,0.0,97.3,3.3,22.7,58.1,15.9,0.0,93.3,9.4,16.9,67.4,6.4,0.0,85.4,7.9,29.3,47.7,15.0,0.0,84.9,8.3,22.4,55.7,13.6,0.0,87.3,4.9,23.1,56.8,13.4,1.7,92.0,5.6,29.6,50.0,14.8,0.0,87.0,5.3,27.6,60.2,6.9,0.0,84.3,7.2,25.7,58.6,8.5,0.0,84.2,8.7,31.2,51.6,8.5,0.0,80.0,3.5,28.7,46.5,21.3,0.0,92.8,5.3,20.9,55.6,18.2,0.0,93.3,3.1,22.9,50.9,23.1,0.0,97.0,1.8,13.7,65.8,18.8,0.0,100.8,1.7,29.9,56.9,9.8,1.7,90.0,3.5,29.0,53.8,11.9,1.8,89.7,5.3,26.9,44.4,23.4,0.0,93.0,6.5,31.2,52.6,7.9,1.7,83.5,4.9,22.1,54.2,17.0,1.8,94.3,7.1,31.4,47.4,12.6,1.5,85.1,8.6,24.2,56.9,8.6,1.7,85.4,13.5,27.0,47.5,11.9,0.0,78.9,5.1,23.4,56.5,15.0,0.0,90.6,5.1,21.8,51.5,21.5,0.0,94.7,6.9,22.2,52.3,17.0,1.7,92.3,4.8,27.3,56.5,11.3,0.0,87.2,3.4,25.0,58.5,13.1,0.0,90.6,8.2,27.9,50.7,13.2,0.0,84.5,10.1,33.5,39.8,14.8,1.7,82.2,8.3,23.1,52.5,16.2,0.0,88.3,10.3,20.1,54.5,15.0,0.0,87.1,11.5,26.6,45.9,14.4,1.7,84.1,10.2,30.7,50.7,8.4,0.0,78.7,7.2,27.1,63.8,1.9,0.0,80.2,6.7,18.5,61.1,13.7,0.0,90.9,8.0,21.6,53.4,15.4,1.6,90.4,3.1,22.7,62.6,8.2,3.3,93.0,5.4,19.4,68.3,5.1,1.9,89.4,5.4,34.6,53.4,4.8,1.9,81.6,4.7,28.0,61.7,3.8,1.9,85.1,6.5,26.1,60.8,4.7,1.9,84.6,3.4,26.0,53.0,15.7,1.9,93.4,3.2,26.4,56.3,12.3,1.9,91.7,6.2,24.6,50.2,17.2,1.9,91.9,10.5,32.9,51.1,5.4,0.0,75.8,8.5,26.6,54.1,10.8,0.0,83.6,6.9,22.7,63.1,7.3,0.0,85.4,14.7,37.7,44.1,1.6,1.8,69.0,24.7,32.1,41.6,1.6,0.0,60.1,19.9,23.5,51.4,5.2,0.0,70.9,17.2,27.7,51.7,3.5,0.0,70.7,17.7,18.5,55.4,6.8,1.6,78.0,13.2,35.9,42.3,8.5,0.0,73.0,14.9,30.4,48.0,6.7,0.0,73.3,11.7,26.2,51.5,8.7,1.9,81.4,6.5,28.8,50.8,12.1,1.8,86.9,10.1,32.2,47.5,8.5,1.7,79.7,13.1,27.0,53.1,6.9,0.0,76.9,11.9,25.4,49.9,12.8,0.0,81.8,4.8,28.2,57.4,8.0,1.6,86.7,7.7,29.7,53.2,9.5,0.0,80.2,6.3,23.8,55.0,14.9,0.0,89.3,7.6,17.8,60.2,14.5,0.0,90.8,3.1,27.4,63.0,6.5,0.0,86.5,5.8,25.8,62.2,6.2,0.0,84.4,4.5,29.4,64.1,1.9,0.0,81.7,4.7,21.2,60.8,13.4,0.0,91.5,3.0,29.4,57.7,9.8,0.0,87.2,1.6,29.9,63.2,3.8,1.6,86.9,4.9,35.6,52.5,7.0,0.0,80.8,1.6,19.3,59.2,18.1,1.9,99.7,4.9,27.6,59.6,6.1,1.9,86.2,1.6,21.2,70.7,6.5,0.0,91.1,0.0,20.1,71.5,8.5,0.0,94.2,0.0,22.4,70.9,5.3,1.5,92.9,1.4,24.3,67.1,7.1,0.0,90.0,0.0,27.1,70.2,2.6,0.0,87.7,1.6,27.6,63.1,7.8,0.0,88.5,5.4,24.0,62.0,8.5,0.0,86.8,0.0,23.6,68.4,8.0,0.0,92.2,5.6,25.9,66.9,1.6,0.0,82.3
"제조업",유형별,일반기업,8.3,27.4,53.9,9.7,0.6,83.5,4.4,26.3,50.0,18.1,1.1,92.6,5.5,22.9,56.0,14.6,1.1,91.4,5.3,22.6,54.4,17.3,0.5,92.5,4.8,22.8,58.4,13.6,0.5,91.1,6.0,28.4,55.3,9.6,0.8,85.4,9.0,31.0,49.1,10.6,0.4,81.2,6.7,25.8,54.1,13.2,0.3,87.3,4.5,24.1,54.3,16.9,0.2,92.1,6.5,25.3,51.8,16.2,0.2,89.2,8.9,29.7,48.8,12.0,0.6,82.8,8.3,30.4,51.5,9.6,0.2,81.6,8.9,33.5,47.5,9.9,0.2,79.5,5.0,28.3,51.2,15.2,0.4,88.8,4.0,22.3,56.5,16.7,0.5,93.6,4.9,21.4,58.6,14.5,0.6,92.2,5.4,26.0,56.2,12.0,0.4,87.9,5.0,31.7,52.7,10.5,0.1,84.5,6.5,29.4,54.1,9.4,0.5,84.0,5.6,23.5,56.1,14.5,0.3,90.2,4.7,22.2,58.6,14.3,0.1,91.5,7.6,23.6,55.2,13.3,0.3,87.5,8.7,26.8,54.0,10.2,0.4,83.4,8.3,31.7,50.2,9.7,0.2,80.9,10.2,29.0,52.3,8.3,0.3,79.7,5.6,24.3,53.7,16.1,0.3,90.6,5.0,25.1,54.0,15.2,0.8,90.9,5.7,25.7,52.6,15.0,1.0,89.9,5.3,26.5,52.3,14.7,1.1,89.9,7.0,23.1,56.3,13.2,0.3,88.3,9.8,29.2,50.0,10.2,0.9,81.6,6.3,24.8,50.7,17.8,0.4,90.6,9.6,28.8,49.6,11.7,0.3,82.2,6.4,23.8,52.0,17.6,0.2,90.8,8.2,25.8,51.2,14.7,0.2,86.5,10.3,23.4,54.8,11.0,0.6,84.1,10.0,29.1,48.7,11.9,0.3,81.7,6.3,20.6,51.8,20.9,0.4,94.2,6.8,19.9,55.3,17.6,0.3,92.3,6.8,20.9,55.5,15.9,0.8,91.5,6.9,19.7,59.0,14.1,0.4,90.8,7.9,23.4,56.8,11.9,0.1,86.5,7.7,30.5,53.2,8.5,0.1,81.4,6.5,24.5,55.7,13.2,0.1,87.9,6.1,23.2,55.6,14.9,0.3,90.0,7.6,25.7,53.8,12.8,0.1,86.1,7.5,28.4,54.0,10.0,0.2,83.5,8.7,29.4,52.3,9.4,0.2,81.5,10.3,36.0,45.5,7.8,0.5,76.1,7.2,27.2,49.1,16.5,0.0,87.5,6.6,25.2,54.0,14.2,0.1,88.0,4.5,27.3,53.6,14.3,0.4,89.4,7.8,22.4,58.0,11.5,0.2,86.9,6.7,30.4,51.6,11.2,0.2,83.9,9.7,33.6,50.2,6.3,0.3,76.9,7.1,31.7,51.0,10.1,0.1,82.2,7.9,28.8,50.0,12.8,0.4,84.5,6.9,29.1,54.1,9.5,0.3,83.5,7.8,30.0,51.1,10.9,0.2,82.9,7.4,29.6,53.1,9.3,0.6,83.0,7.4,29.6,51.5,11.0,0.4,83.7,9.1,31.2,48.1,11.4,0.2,81.2,13.1,37.7,41.9,6.9,0.4,71.9,19.4,37.4,37.6,5.4,0.2,64.7,18.5,35.5,39.6,6.2,0.2,67.1,17.3,34.8,42.3,5.5,0.2,68.2,16.3,31.9,44.5,7.2,0.1,71.5,12.7,33.3,45.5,8.4,0.1,74.9,12.3,31.0,47.7,8.7,0.4,77.0,11.3,27.4,49.6,11.0,0.6,81.0,9.8,33.8,47.2,8.8,0.3,78.0,10.3,32.2,47.8,9.2,0.5,78.6,10.2,31.7,48.6,9.3,0.2,78.9,6.7,27.8,50.1,15.2,0.3,87.2,5.4,25.8,53.9,14.7,0.2,89.2,5.1,25.1,55.8,13.7,0.3,89.4,5.1,25.3,55.5,13.9,0.2,89.5,5.4,27.4,55.5,11.6,0.1,86.2,7.2,31.6,51.5,9.7,0.1,82.0,6.8,29.0,53.1,10.8,0.3,84.4,5.3,25.6,53.4,15.6,0.1,89.9,4.9,25.3,57.3,12.1,0.4,89.0,4.9,26.3,57.0,11.1,0.6,88.0,5.8,28.0,55.2,10.6,0.4,85.9,5.5,31.2,53.5,9.7,0.1,83.8,3.7,24.2,57.2,14.8,0.1,91.7,4.8,26.3,57.7,11.0,0.2,87.8,4.5,24.6,58.6,12.0,0.3,89.5,3.8,27.0,58.8,10.3,0.1,87.9,4.3,28.4,56.3,10.9,0.1,87.0,6.2,32.2,53.2,8.4,0.1,82.0,4.9,27.3,56.9,10.6,0.3,87.1,5.7,25.6,56.6,12.0,0.1,87.6,5.6,26.9,57.5,9.9,0.1,86.0,7.5,26.2,54.7,11.2,0.3,85.3,9.0,29.4,52.7,8.6,0.2,80.7
"제조업",유형별,혁신형기업,4.2,33.5,49.3,12.7,0.3,85.7,4.9,22.4,49.8,22.6,0.3,95.6,3.2,17.7,55.8,22.2,1.2,100.3,2.2,19.1,54.5,23.8,0.4,100.5,3.9,19.3,57.7,18.8,0.3,96.1,7.6,25.9,54.4,11.3,0.9,86.0,6.0,27.3,53.4,12.9,0.5,87.3,8.2,20.4,51.6,19.8,0.0,91.5,7.0,17.6,54.2,20.6,0.8,95.3,6.4,19.5,57.8,15.2,1.2,92.7,6.5,27.9,52.0,12.5,1.1,86.9,9.5,27.2,52.0,11.1,0.3,82.8,6.9,33.7,47.2,11.5,0.8,82.9,6.2,17.7,51.7,24.2,0.2,97.2,5.5,13.9,56.8,23.2,0.6,99.8,1.9,14.9,61.9,19.5,1.7,102.1,3.5,18.4,56.1,20.9,1.2,99.0,3.4,20.4,59.5,15.4,1.2,95.3,8.2,23.9,55.8,11.8,0.3,86.1,2.7,17.2,63.8,15.8,0.6,97.2,2.7,21.9,52.0,23.0,0.3,98.2,2.1,21.3,63.5,13.1,0.0,93.8,3.1,27.7,46.9,21.9,0.3,94.3,4.2,30.8,52.9,11.8,0.3,86.7,2.6,23.5,61.9,11.9,0.2,91.8,0.9,19.1,58.9,20.4,0.7,100.4,4.2,15.0,56.6,23.4,0.7,100.7,4.0,21.7,53.9,20.3,0.2,95.5,3.6,18.1,57.8,20.4,0.1,97.6,3.0,24.6,56.9,15.3,0.2,92.5,2.1,31.5,51.4,14.0,0.9,90.1,4.4,19.3,52.0,23.0,1.4,98.9,4.7,31.2,46.6,16.4,1.1,89.0,1.4,17.3,54.1,27.2,0.0,103.6,4.3,24.8,51.0,19.5,0.4,93.5,4.0,27.7,50.8,17.1,0.5,91.2,3.5,30.7,49.2,16.6,0.1,89.5,2.4,20.9,51.2,24.8,0.6,100.1,3.2,19.0,55.4,21.9,0.6,98.9,4.3,15.0,59.0,21.1,0.6,99.4,3.4,18.6,53.9,22.6,1.6,100.2,3.6,21.1,57.6,17.0,0.7,95.0,7.9,32.0,46.5,13.1,0.5,83.2,5.8,25.0,50.2,17.8,1.2,91.7,4.0,22.9,52.8,19.9,0.3,94.8,6.8,20.0,56.7,16.3,0.0,91.4,3.8,26.8,51.1,16.9,1.4,92.6,6.0,28.0,51.0,15.0,0.0,87.4,5.4,40.1,44.5,10.0,0.0,79.5,4.6,22.2,49.8,23.4,0.0,96.0,6.4,20.1,56.4,16.4,0.6,92.3,3.1,21.3,58.2,17.3,0.1,95.1,4.1,23.2,57.8,14.5,0.3,91.8,4.5,23.8,56.1,15.5,0.1,91.5,6.7,30.9,54.1,8.2,0.1,82.0,4.3,32.8,47.2,14.8,0.9,87.7,2.9,18.6,56.6,21.5,0.4,99.0,5.3,25.7,53.1,15.9,0.1,89.9,4.9,29.8,53.2,12.0,0.1,86.3,3.6,30.8,56.1,9.5,0.0,85.7,5.8,26.2,57.4,10.5,0.1,86.5,5.0,31.5,46.8,16.7,0.0,87.6,8.8,29.6,51.1,10.4,0.1,81.7,15.4,34.4,40.4,9.7,0.1,72.3,19.9,37.1,35.3,7.0,0.8,65.8,12.4,38.2,41.8,7.6,0.0,72.3,10.2,34.5,43.2,11.9,0.2,78.7,7.9,27.5,54.0,10.4,0.3,83.8,7.6,27.1,53.5,11.7,0.2,85.0,5.7,23.0,58.5,12.8,0.0,89.2,3.7,38.2,44.5,13.3,0.3,84.2,12.2,36.0,40.7,10.6,0.5,75.7,7.5,33.2,49.2,10.2,0.0,81.0,4.9,10.0,49.4,33.9,1.9,109.0,5.1,25.9,41.1,27.8,0.0,95.9,4.4,28.1,41.9,25.6,0.0,94.3,2.0,31.5,46.2,20.2,0.0,92.3,2.7,31.7,48.8,15.0,1.8,90.7,5.3,30.5,45.9,18.3,0.0,88.6,7.6,29.6,34.1,28.8,0.0,92.0,3.5,26.1,40.4,29.9,0.0,98.4,8.5,35.6,31.1,24.0,0.7,86.4,6.8,24.8,47.0,20.6,0.7,91.8,9.5,29.0,40.1,21.3,0.0,86.6,6.5,37.6,40.7,14.7,0.5,82.5,2.4,26.6,49.6,21.4,0.0,95.0,1.7,28.1,52.1,18.0,0.0,93.2,2.9,21.7,56.5,18.9,0.0,95.8,2.2,28.2,56.7,12.9,0.0,90.2,6.4,28.1,51.8,13.6,0.0,86.3,10.3,37.3,42.0,10.3,0.0,76.2,3.8,29.5,50.8,15.8,0.0,89.3,6.1,31.4,44.3,18.2,0.0,87.3,6.1,25.7,54.6,13.4,0.2,87.9,10.4,27.1,47.0,15.2,0.2,83.9,9.2,31.0,49.1,10.1,0.5,80.9
"제조업",구조별,경공업,-,-,-,-,-,-,4.8,27.3,52.7,14.9,0.3,89.3,6.8,19.7,56.5,16.7,0.4,92.1,5.4,24.7,50.7,18.8,0.4,92.1,4.2,24.0,56.4,14.7,0.7,91.8,7.7,34.1,47.1,10.1,1.0,81.2,9.1,32.6,46.4,11.2,0.8,81.0,5.6,26.7,51.0,16.1,0.6,89.7,4.1,22.4,55.7,17.8,0.1,93.7,5.6,24.9,52.5,16.4,0.6,90.7,7.4,27.7,49.3,14.9,0.6,86.8,8.8,29.8,49.1,11.7,0.6,82.8,9.6,32.5,48.6,8.7,0.7,79.2,5.2,27.4,48.3,18.3,0.7,91.0,3.8,18.7,53.9,23.6,0.0,98.7,3.8,19.3,57.3,19.3,0.3,96.5,4.8,25.8,54.9,13.8,0.7,90.0,6.4,28.1,50.5,14.7,0.3,87.2,4.9,33.9,49.0,11.6,0.5,84.4,3.7,17.0,55.5,23.0,0.8,100.0,4.0,18.8,58.4,18.6,0.2,96.1,4.1,24.8,55.4,15.7,0.1,91.5,7.6,29.9,49.2,12.8,0.5,84.4,8.1,33.0,45.1,13.3,0.5,82.5,10.6,27.3,53.2,9.0,0.0,80.3,5.3,21.7,51.9,20.4,0.6,94.7,4.5,25.0,50.0,20.0,0.5,93.5,5.2,25.3,50.3,19.1,0.1,91.9,6.0,23.7,54.0,15.3,1.0,90.8,5.9,24.0,54.6,15.5,0.1,89.9,9.9,28.1,47.2,14.2,0.6,83.8,4.8,21.9,49.4,23.2,0.7,96.6,7.2,29.5,48.9,13.9,0.5,85.6,5.6,21.1,52.8,20.2,0.3,94.2,7.7,27.2,47.3,17.4,0.5,87.9,9.6,25.6,51.1,13.2,0.5,84.8,8.9,29.9,46.6,14.3,0.4,83.7,6.1,22.4,48.8,22.1,0.5,94.2,5.8,20.2,54.2,19.3,0.4,94.1,6.1,20.8,53.5,19.1,0.4,93.5,6.7,22.7,54.9,15.6,0.0,89.8,7.8,27.4,53.4,11.5,0.0,84.3,8.9,34.0,47.4,9.6,0.1,79.0,7.8,24.5,49.9,17.6,0.2,89.0,6.6,24.9,49.9,18.5,0.2,90.4,8.0,23.7,53.5,14.5,0.3,87.7,8.7,27.1,50.9,12.5,0.7,84.6,9.8,29.7,49.7,10.4,0.5,81.0,9.4,42.7,41.4,6.5,0.1,72.6,5.4,27.9,49.6,17.1,0.0,89.1,5.4,24.9,55.2,14.4,0.1,89.4,4.7,25.5,54.9,14.7,0.2,90.1,7.2,25.3,55.4,11.3,0.8,86.6,7.3,29.1,51.6,12.0,0.1,84.3,11.1,30.3,51.1,7.4,0.1,77.6,7.3,33.9,47.9,10.9,0.1,81.3,8.5,25.1,50.7,15.2,0.5,87.1,7.2,23.5,58.3,10.5,0.6,86.9,8.1,30.5,48.2,12.8,0.3,83.3,8.5,30.6,51.8,7.8,1.2,81.3,10.2,31.9,51.0,6.2,0.7,77.7,8.4,35.4,45.7,10.5,0.0,79.1,16.0,39.3,38.8,5.6,0.2,67.4,21.8,37.0,35.1,6.1,0.0,62.8,22.1,36.2,34.5,7.2,0.1,63.5,19.2,34.6,41.1,5.0,0.1,66.0,15.9,33.9,43.7,6.3,0.2,70.6,14.0,34.8,42.2,8.8,0.2,73.1,12.8,30.2,47.2,8.9,0.9,77.3,11.4,24.5,51.4,12.1,0.6,83.1,10.6,35.4,45.5,8.2,0.3,76.1,13.7,33.0,46.6,5.9,0.8,73.6,12.1,32.2,47.5,7.6,0.7,76.3,8.4,32.2,47.1,11.3,1.0,82.2,6.9,28.9,53.3,10.7,0.2,84.1,7.0,28.7,51.9,12.1,0.3,84.9,6.4,29.5,54.1,9.7,0.3,84.0,7.9,28.9,54.9,8.4,0.0,81.9,7.2,34.4,50.9,7.5,0.0,79.4,7.6,32.4,47.9,11.8,0.5,82.6,7.0,30.7,48.7,13.6,0.0,84.5,6.4,29.0,53.3,10.9,0.4,84.9,6.6,30.2,51.9,10.5,0.7,84.3,6.6,32.7,50.1,10.1,0.5,82.5,7.9,33.4,49.4,9.2,0.1,80.1,3.9,27.2,54.4,14.5,0.1,89.9,5.8,30.1,54.6,9.3,0.2,84.0,4.8,27.9,54.3,12.9,0.2,87.9,5.1,28.6,57.1,9.1,0.0,85.1,6.3,30.1,54.8,8.5,0.2,83.1,9.4,34.9,46.7,8.8,0.2,77.7,6.6,33.2,51.3,8.8,0.2,81.4,6.2,28.1,53.9,11.5,0.3,85.8,7.2,28.8,55.1,8.6,0.2,82.9,8.5,30.4,50.5,9.9,0.7,82.0,9.3,34.2,47.7,8.6,0.3,78.2
"제조업",구조별,중화학공업,-,-,-,-,-,-,4.5,24.5,48.9,21.0,1.1,94.9,4.1,22.1,55.7,16.8,1.4,94.6,4.0,20.4,55.8,19.4,0.4,95.9,4.6,21.0,58.9,15.2,0.3,92.8,6.0,25.2,58.0,10.1,0.8,87.2,7.7,28.8,51.9,11.4,0.3,83.9,7.7,23.1,54.1,15.0,0.1,88.3,5.7,22.0,53.8,18.1,0.5,92.9,6.8,22.9,54.1,15.7,0.6,90.2,8.5,29.6,49.9,11.2,0.8,83.0,8.5,29.3,52.6,9.4,0.1,81.6,7.8,34.0,46.9,11.0,0.3,80.9,5.4,24.5,52.5,17.5,0.2,91.3,4.8,19.9,57.6,17.0,0.7,94.4,4.0,19.3,60.6,14.9,1.2,95.0,4.8,22.5,56.7,15.4,0.6,92.3,3.8,28.0,56.6,11.0,0.5,88.3,7.9,25.1,56.8,9.7,0.4,84.8,5.0,23.3,59.7,11.8,0.2,89.4,4.1,23.4,55.7,16.5,0.2,92.7,7.1,22.2,58.3,12.2,0.2,88.1,7.2,25.7,53.5,13.3,0.3,86.9,6.7,30.8,53.5,8.9,0.1,82.5,7.1,27.6,55.6,9.3,0.4,84.1,3.9,23.3,56.6,15.9,0.3,92.7,4.9,21.1,56.7,16.3,0.9,93.6,5.2,24.2,54.2,15.4,1.0,91.4,4.3,24.2,53.9,16.9,0.8,92.8,5.8,23.4,57.3,13.1,0.4,89.5,6.6,30.6,51.8,10.0,1.0,84.1,6.2,23.8,51.8,17.6,0.7,91.4,8.8,29.4,48.7,12.6,0.5,83.4,4.7,22.2,52.5,20.5,0.1,94.6,6.8,24.7,52.8,15.5,0.2,88.7,8.0,24.1,54.9,12.4,0.6,86.7,7.6,29.4,49.9,12.9,0.2,84.3,4.7,19.9,52.9,22.1,0.4,96.8,5.7,19.4,55.8,18.8,0.3,94.3,6.1,18.4,58.0,16.7,0.9,94.0,5.4,17.7,58.6,17.2,1.1,95.4,6.0,20.5,58.7,14.3,0.4,91.3,7.2,29.6,53.0,10.0,0.3,83.3,5.6,24.7,56.0,13.2,0.5,89.1,4.9,22.3,56.9,15.5,0.3,92.0,7.0,24.1,55.3,13.6,0.0,87.8,5.3,28.3,54.1,11.8,0.4,86.9,7.0,28.7,53.0,11.3,0.0,84.3,8.5,34.8,46.9,9.3,0.4,79.1,6.8,24.7,49.2,19.2,0.0,90.4,7.1,23.2,54.4,15.0,0.3,89.1,3.7,25.5,55.0,15.4,0.4,91.6,6.5,21.5,59.1,12.9,0.0,89.2,5.5,28.2,53.4,12.7,0.2,86.9,7.8,34.1,51.3,6.5,0.3,78.7,6.0,31.1,51.1,11.5,0.4,84.7,5.8,26.8,52.1,14.9,0.4,88.6,6.2,30.4,51.8,11.5,0.1,84.4,6.5,29.7,53.2,10.4,0.2,84.0,5.4,29.7,54.8,10.0,0.1,84.8,5.5,27.3,54.0,13.0,0.2,87.5,7.9,29.4,48.8,13.8,0.2,84.5,10.1,33.9,46.7,8.9,0.3,77.7,16.8,36.4,39.8,6.7,0.2,68.6,17.4,35.8,40.3,6.0,0.5,68.3,14.3,36.3,42.6,6.6,0.1,71.0,14.1,32.0,44.4,9.4,0.1,74.7,10.3,30.3,50.3,9.0,0.2,79.2,10.2,29.8,50.1,9.8,0.1,79.9,9.1,27.0,52.4,11.3,0.3,83.4,7.1,34.7,47.0,10.8,0.3,81.3,9.1,32.5,47.2,10.9,0.3,80.5,8.9,31.7,49.1,10.3,0.0,80.3,5.7,23.5,51.3,19.4,0.1,92.4,4.6,24.4,52.7,18.1,0.1,92.4,4.2,23.8,56.0,15.8,0.3,92.1,4.1,24.0,55.2,16.6,0.1,92.3,3.9,27.2,54.9,13.5,0.4,88.8,7.0,30.1,51.1,11.6,0.2,83.9,6.6,27.5,53.4,12.4,0.2,86.0,4.3,23.4,54.1,18.0,0.2,93.3,4.6,24.9,56.0,14.1,0.5,90.5,4.4,24.4,58.2,12.5,0.5,90.2,5.9,26.0,55.6,12.1,0.4,87.6,4.6,31.5,52.8,10.9,0.2,85.3,3.3,23.5,56.2,16.9,0.1,93.6,3.4,25.1,57.4,13.9,0.1,91.1,3.8,22.2,59.9,13.9,0.3,92.4,2.6,26.7,58.8,11.8,0.1,90.1,4.3,27.5,55.2,13.1,0.0,88.6,6.4,33.0,51.6,9.0,0.0,81.6,3.7,25.4,57.1,13.5,0.3,90.6,5.6,26.6,53.2,14.6,0.0,88.4,5.1,25.5,57.4,11.9,0.1,88.2,8.2,24.6,53.6,13.4,0.1,86.3,9.0,27.8,53.7,9.2,0.3,82.0
